[Licensing::Module] Trying to connect to existing licensing client channel...
Built from '6000.0/staging' branch; Version is '6000.0.77f1 (88f89d0d8b31) revision 8976541'; Using compiler version '193933523'; Build Type 'Release'
[Licensing::IpcConnector] Channel LicenseClient-Mathe doesn't exist
OS: 'Windows 11  (10.0.26200) Professional' Language: 'pt' Physical Memory: 16315 MB
BatchMode: 1, IsHumanControllingUs: 0, StartBugReporterOnCrash: 0, Is64bit: 1
System  architecture: x64
Process architecture: x64
Date: 2026-09-13T21:47:34Z
[Licensing::Module] Successfully launched the LicensingClient (PId: 4020)

COMMAND LINE ARGUMENTS:
C:\Program Files\Unity\Hub\Editor\6000.0.77f1\Editor\Unity.exe
-batchmode
-nographics
-projectPath
C:\Users\Mathe\Desktop\Hegemonia-Mundial-main\Hegemonia-Mundial-main
-runTests
-testPlatform
editmode
-testResults
C:\Users\Mathe\Desktop\Hegemonia-Mundial-main\Hegemonia-Mundial-main\flight_editmode_results_retry.xml
-logFile
C:\Users\Mathe\Desktop\Hegemonia-Mundial-main\Hegemonia-Mundial-main\flight_editmode_retry.log
Successfully changed project path to: C:\Users\Mathe\Desktop\Hegemonia-Mundial-main\Hegemonia-Mundial-main
C:/Users/Mathe/Desktop/Hegemonia-Mundial-main/Hegemonia-Mundial-main
[UnityMemory] Configuration Parameters - Can be set up in boot.config
    "memorysetup-bucket-allocator-granularity=16"
    "memorysetup-bucket-allocator-bucket-count=8"
    "memorysetup-bucket-allocator-block-size=33554432"
    "memorysetup-bucket-allocator-block-count=8"
    "memorysetup-main-allocator-block-size=16777216"
    "memorysetup-thread-allocator-block-size=16777216"
    "memorysetup-gfx-main-allocator-block-size=16777216"
    "memorysetup-gfx-thread-allocator-block-size=16777216"
    "memorysetup-cache-allocator-block-size=4194304"
    "memorysetup-typetree-allocator-block-size=2097152"
    "memorysetup-profiler-bucket-allocator-granularity=16"
    "memorysetup-profiler-bucket-allocator-bucket-count=8"
    "memorysetup-profiler-bucket-allocator-block-size=33554432"
    "memorysetup-profiler-bucket-allocator-block-count=8"
    "memorysetup-profiler-allocator-block-size=16777216"
    "memorysetup-profiler-editor-allocator-block-size=1048576"
    "memorysetup-temp-allocator-size-main=16777216"
    "memorysetup-job-temp-allocator-block-size=2097152"
    "memorysetup-job-temp-allocator-block-size-background=1048576"
    "memorysetup-job-temp-allocator-reduction-small-platforms=262144"
    "memorysetup-allocator-temp-initial-block-size-main=262144"
    "memorysetup-allocator-temp-initial-block-size-worker=262144"
    "memorysetup-temp-allocator-size-background-worker=32768"
    "memorysetup-temp-allocator-size-job-worker=262144"
    "memorysetup-temp-allocator-size-preload-manager=33554432"
    "memorysetup-temp-allocator-size-nav-mesh-worker=65536"
    "memorysetup-temp-allocator-size-audio-worker=65536"
    "memorysetup-temp-allocator-size-cloud-worker=32768"
    "memorysetup-temp-allocator-size-gi-baking-worker=262144"
    "memorysetup-temp-allocator-size-gi-baking-worker=262144"
    "memorysetup-temp-allocator-size-gi-baking-worker=262144"
    "memorysetup-temp-allocator-size-gi-baking-worker=262144"
    "memorysetup-temp-allocator-size-gi-baking-worker=262144"
    "memorysetup-temp-allocator-size-gfx=262144"
Player connection [4976]  Target information:

Player connection [4976]  * "[IP] 10.0.10.239 [Port] 55504 [Flags] 2 [Guid] 2345811431 [EditorId] 2345811431 [Version] 1048832 [Id] WindowsEditor(7,erickpc) [Debug] 1 [PackageName] WindowsEditor [ProjectName] Editor" 

Player connection [4976]  * "[IP] 172.28.224.1 [Port] 55504 [Flags] 2 [Guid] 2345811431 [EditorId] 2345811431 [Version] 1048832 [Id] WindowsEditor(7,erickpc) [Debug] 1 [PackageName] WindowsEditor [ProjectName] Editor" 

Player connection [4976] Host joined multi-casting on [225.0.0.222:54997]...
Player connection [4976] Host joined alternative multi-casting on [225.0.0.222:34997]...
Input System module state changed to: Initialized.
[Physics::Module] Initialized fallback backend.
[Physics::Module] Id: 0xdecafbad
[Licensing::IpcConnector] Successfully connected to: "LicenseClient-Mathe" at "2026-09-13T21:47:35.6921019Z"
[Licensing::Client] Code 10 while verifying Licensing Client signature (process Id: 4020, path: "C:/Program Files/Unity/Hub/Editor/6000.0.77f1/Editor/Data/Resources/Licensing/Client/Unity.Licensing.Client.exe")
[Licensing::Module] LicensingClient has failed validation; ignoring
[Package Manager] Connected to IPC stream "Upm-14148" after 0.7 seconds.
Library Redirect Path: Library/
[Licensing::Client] Handshaking with LicensingClient:
  Version:                 1.17.4+4293ba1
  Session Id:              aa691c2f15fb452d84a9eb4a62d0b690
  Correlation Id:          8bc8f00377f9abd2cb1947c094bed80e
  External correlation Id: 3524527230584010029
  Machine Id:              CIG9bbgXtP+YsacqL8JoCFrF9kk=
[Licensing::Module] Successfully connected to LicensingClient on channel: "LicenseClient-Mathe" (connect: 1.29s, validation: 0.69s, handshake: 0.17s)
[Licensing::IpcConnector] Successfully connected to: "LicenseClient-Mathe-notifications" at "2026-09-13T21:47:36.5520968Z"
[Licensing::Module] Connected to LicensingClient (PId: 4020, launch time: 0.02, total connection time: 2.15s)
[Licensing::Module] Error: Access token is unavailable; failed to update
[Licensing::Client] Successfully resolved entitlement details
[Licensing::Module] License group:
  Id: 4673433101100-UnityPersXXXX
  Product: Unity Personal
  Type: Assigned
  Expiration: Unlimited
[Licensing::Client] Successfully updated license, isAsync: True, time: 0.04
[Licensing::Module] Licensing Background thread has ended after 2.33s
[Physics::Module] Selected backend.
[Physics::Module] Name: PhysX
[Physics::Module] Id: 0xf2b8ea05
[Physics::Module] SDK Version: 4.1.2
[Physics::Module] Integration Version: 1.0.0
[Physics::Module] Threading Mode: Multi-Threaded
Refreshing native plugins compatible for Editor in 1.27 ms, found 0 plugins.
Preloading 0 native plugins for Editor in 0.00 ms.
Initialize engine version: 6000.0.77f1 (88f89d0d8b31)
[Subsystems] Discovering subsystems at path C:/Program Files/Unity/Hub/Editor/6000.0.77f1/Editor/Data/Resources/UnitySubsystems
[Subsystems] Discovering subsystems at path C:/Users/Mathe/Desktop/Hegemonia-Mundial-main/Hegemonia-Mundial-main/Assets
Forcing GfxDevice: Null
GfxDevice: creating device client; kGfxThreadingModeNonThreaded
NullGfxDevice:
    Version:  NULL 1.0 [1.0]
    Renderer: Null Device
    Vendor:   Unity Technologies
Shader Hidden/ProbeVolume/VoxelizeScene is not supported: GPU does not support conservative rasterization
Shader 'WFX/Transparent Diffuse': fallback shader 'Particles/Alpha Blended' not found
Shader 'WFX/Transparent Specular': fallback shader 'Particles/Alpha Blended' not found
Initialize mono
Mono path[0] = 'C:/Program Files/Unity/Hub/Editor/6000.0.77f1/Editor/Data/Managed'
Mono path[1] = 'C:/Program Files/Unity/Hub/Editor/6000.0.77f1/Editor/Data/MonoBleedingEdge/lib/mono/unityjit-win32'
Mono config path = 'C:/Program Files/Unity/Hub/Editor/6000.0.77f1/Editor/Data/MonoBleedingEdge/etc'
Using monoOptions --debugger-agent=transport=dt_socket,embedding=1,server=y,suspend=n,address=127.0.0.1:56148
Using cacheserver namespaces - metadata:defaultmetadata, artifacts:defaultartifacts
Using cacheserver namespaces - metadata:defaultmetadata, artifacts:defaultartifacts
ImportWorker Server TCP listen port: 0
AcceleratorClientConnectionCallback - disconnected - :0
Begin MonoManager ReloadAssembly
Registering precompiled unity dll's ...
Register platform support module: C:/Program Files/Unity/Hub/Editor/6000.0.77f1/Editor/Data/PlaybackEngines/WindowsStandaloneSupport/UnityEditor.WindowsStandalone.Extensions.dll
Registered in 0.014212 seconds.
- Loaded All Assemblies, in  1.815 seconds
Native extension for WindowsStandalone target not found
Package Manager log level set to [2]
Mono: successfully reloaded assembly
- Finished resetting the current domain, in  2.194 seconds
Domain Reload Profiling: 4006ms
	BeginReloadAssembly (704ms)
		ExecutionOrderSort (0ms)
		DisableScriptedObjects (0ms)
		BackupInstance (0ms)
		ReleaseScriptingObjects (0ms)
		CreateAndSetChildDomain (7ms)
	RebuildCommonClasses (242ms)
	RebuildNativeTypeToScriptingClass (22ms)
	initialDomainReloadingComplete (317ms)
	LoadAllAssembliesAndSetupDomain (524ms)
		LoadAssemblies (681ms)
		RebuildTransferFunctionScriptingTraits (0ms)
		AnalyzeDomain (518ms)
			TypeCache.Refresh (434ms)
				TypeCache.ScanAssembly (414ms)
			BuildScriptInfoCaches (82ms)
			ResolveRequiredComponents (1ms)
	FinalizeReload (2197ms)
		ReleaseScriptCaches (0ms)
		RebuildScriptCaches (0ms)
		SetupLoadedEditorAssemblies (1981ms)
			LogAssemblyErrors (0ms)
			InitializePlatformSupportModulesInManaged (410ms)
			SetLoadedEditorAssemblies (8ms)
			BeforeProcessingInitializeOnLoad (456ms)
			ProcessInitializeOnLoadAttributes (814ms)
			ProcessInitializeOnLoadMethodAttributes (293ms)
			AfterProcessingInitializeOnLoad (0ms)
			EditorAssembliesLoaded (0ms)
		ExecutionOrderSort2 (0ms)
		AwakeInstancesAfterBackupRestoration (0ms)
[Licensing::Client] Successfully resolved entitlement details
Application.AssetDatabase Initial Refresh Start
[Package Manager] Restoring resolved packages state from cache
[Licensing::Client] Successfully resolved entitlement details
[Package Manager] Registered 68 packages:
  Packages from [https://packages.unity.com]:
    com.unity.ai.navigation@2.0.12 (location: C:\Users\Mathe\Desktop\Hegemonia-Mundial-main\Hegemonia-Mundial-main\Library\PackageCache\com.unity.ai.navigation@734c2c4c5591)
    com.unity.cinemachine@3.1.5 (location: C:\Users\Mathe\Desktop\Hegemonia-Mundial-main\Hegemonia-Mundial-main\Library\PackageCache\com.unity.cinemachine@5342685532bb)
    com.unity.cloud.gltfast@6.19.0 (location: C:\Users\Mathe\Desktop\Hegemonia-Mundial-main\Hegemonia-Mundial-main\Library\PackageCache\com.unity.cloud.gltfast@92828f845157)
    com.unity.collab-proxy@2.12.4 (location: C:\Users\Mathe\Desktop\Hegemonia-Mundial-main\Hegemonia-Mundial-main\Library\PackageCache\com.unity.collab-proxy@0b1559bcd34e)
    com.unity.ide.rider@3.0.39 (location: C:\Users\Mathe\Desktop\Hegemonia-Mundial-main\Hegemonia-Mundial-main\Library\PackageCache\com.unity.ide.rider@4504839d03f7)
    com.unity.ide.visualstudio@2.0.27 (location: C:\Users\Mathe\Desktop\Hegemonia-Mundial-main\Hegemonia-Mundial-main\Library\PackageCache\com.unity.ide.visualstudio@dc1ddd4f09b6)
    com.unity.inputsystem@1.19.0 (location: C:\Users\Mathe\Desktop\Hegemonia-Mundial-main\Hegemonia-Mundial-main\Library\PackageCache\com.unity.inputsystem@21a28c3a6c83)
    com.unity.postprocessing@3.5.4 (location: C:\Users\Mathe\Desktop\Hegemonia-Mundial-main\Hegemonia-Mundial-main\Library\PackageCache\com.unity.postprocessing@141166b789e3)
    com.unity.settings-manager@2.1.1 (location: C:\Users\Mathe\Desktop\Hegemonia-Mundial-main\Hegemonia-Mundial-main\Library\PackageCache\com.unity.settings-manager@0b8638c5ce86)
    com.unity.terrain-tools@5.3.2 (location: C:\Users\Mathe\Desktop\Hegemonia-Mundial-main\Hegemonia-Mundial-main\Library\PackageCache\com.unity.terrain-tools@bcd5ab3144b8)
    com.unity.testtools.codecoverage@1.3.0 (location: C:\Users\Mathe\Desktop\Hegemonia-Mundial-main\Hegemonia-Mundial-main\Library\PackageCache\com.unity.testtools.codecoverage@19a841221620)
    com.unity.timeline@1.8.10 (location: C:\Users\Mathe\Desktop\Hegemonia-Mundial-main\Hegemonia-Mundial-main\Library\PackageCache\com.unity.timeline@7f8b2fb101b6)
    com.unity.visualscripting@1.9.11 (location: C:\Users\Mathe\Desktop\Hegemonia-Mundial-main\Hegemonia-Mundial-main\Library\PackageCache\com.unity.visualscripting@8bed5ad90189)
    com.unity.editorcoroutines@1.1.0 (location: C:\Users\Mathe\Desktop\Hegemonia-Mundial-main\Hegemonia-Mundial-main\Library\PackageCache\com.unity.editorcoroutines@87a15ed012c2)
    com.unity.performance.profile-analyzer@1.3.4 (location: C:\Users\Mathe\Desktop\Hegemonia-Mundial-main\Hegemonia-Mundial-main\Library\PackageCache\com.unity.performance.profile-analyzer@418130329099)
    com.unity.burst@1.8.29 (location: C:\Users\Mathe\Desktop\Hegemonia-Mundial-main\Hegemonia-Mundial-main\Library\PackageCache\com.unity.burst@6bb9aca3ef38)
    com.unity.collections@2.6.7 (location: C:\Users\Mathe\Desktop\Hegemonia-Mundial-main\Hegemonia-Mundial-main\Library\PackageCache\com.unity.collections@31e963071226)
    com.unity.mathematics@1.3.3 (location: C:\Users\Mathe\Desktop\Hegemonia-Mundial-main\Hegemonia-Mundial-main\Library\PackageCache\com.unity.mathematics@19a9377c4ffa)
    com.unity.splines@2.8.4 (location: C:\Users\Mathe\Desktop\Hegemonia-Mundial-main\Hegemonia-Mundial-main\Library\PackageCache\com.unity.splines@9b00833aca09)
    com.unity.searcher@4.9.3 (location: C:\Users\Mathe\Desktop\Hegemonia-Mundial-main\Hegemonia-Mundial-main\Library\PackageCache\com.unity.searcher@1e17ce91558d)
    com.unity.nuget.mono-cecil@1.11.6 (location: C:\Users\Mathe\Desktop\Hegemonia-Mundial-main\Hegemonia-Mundial-main\Library\PackageCache\com.unity.nuget.mono-cecil@ecb9724e46ff)
    com.unity.test-framework.performance@3.5.0 (location: C:\Users\Mathe\Desktop\Hegemonia-Mundial-main\Hegemonia-Mundial-main\Library\PackageCache\com.unity.test-framework.performance@8b56083ec0f0)
  Built-in packages:
    com.unity.2d.sprite@1.0.0 (location: C:\Users\Mathe\Desktop\Hegemonia-Mundial-main\Hegemonia-Mundial-main\Library\PackageCache\com.unity.2d.sprite@0eb6ea2c7181)
    com.unity.2d.tilemap@1.0.0 (location: C:\Users\Mathe\Desktop\Hegemonia-Mundial-main\Hegemonia-Mundial-main\Library\PackageCache\com.unity.2d.tilemap@10400206a301)
    com.unity.ext.nunit@2.0.5 (location: C:\Users\Mathe\Desktop\Hegemonia-Mundial-main\Hegemonia-Mundial-main\Library\PackageCache\com.unity.ext.nunit@031a54704bff)
    com.unity.feature.development@1.0.2 (location: C:\Users\Mathe\Desktop\Hegemonia-Mundial-main\Hegemonia-Mundial-main\Library\PackageCache\com.unity.feature.development@767aadbc6eb7)
    com.unity.render-pipelines.universal@17.0.4 (location: C:\Users\Mathe\Desktop\Hegemonia-Mundial-main\Hegemonia-Mundial-main\Library\PackageCache\com.unity.render-pipelines.universal@f53585c49405)
    com.unity.test-framework@1.6.0 (location: C:\Users\Mathe\Desktop\Hegemonia-Mundial-main\Hegemonia-Mundial-main\Library\PackageCache\com.unity.test-framework@082c24152fd4)
    com.unity.ugui@2.0.0 (location: C:\Users\Mathe\Desktop\Hegemonia-Mundial-main\Hegemonia-Mundial-main\Library\PackageCache\com.unity.ugui@92256ab62536)
    com.unity.modules.accessibility@1.0.0 (location: C:\Users\Mathe\Desktop\Hegemonia-Mundial-main\Hegemonia-Mundial-main\Library\PackageCache\com.unity.modules.accessibility)
    com.unity.modules.ai@1.0.0 (location: C:\Users\Mathe\Desktop\Hegemonia-Mundial-main\Hegemonia-Mundial-main\Library\PackageCache\com.unity.modules.ai)
    com.unity.modules.androidjni@1.0.0 (location: C:\Users\Mathe\Desktop\Hegemonia-Mundial-main\Hegemonia-Mundial-main\Library\PackageCache\com.unity.modules.androidjni)
    com.unity.modules.animation@1.0.0 (location: C:\Users\Mathe\Desktop\Hegemonia-Mundial-main\Hegemonia-Mundial-main\Library\PackageCache\com.unity.modules.animation)
    com.unity.modules.assetbundle@1.0.0 (location: C:\Users\Mathe\Desktop\Hegemonia-Mundial-main\Hegemonia-Mundial-main\Library\PackageCache\com.unity.modules.assetbundle)
    com.unity.modules.audio@1.0.0 (location: C:\Users\Mathe\Desktop\Hegemonia-Mundial-main\Hegemonia-Mundial-main\Library\PackageCache\com.unity.modules.audio)
    com.unity.modules.cloth@1.0.0 (location: C:\Users\Mathe\Desktop\Hegemonia-Mundial-main\Hegemonia-Mundial-main\Library\PackageCache\com.unity.modules.cloth)
    com.unity.modules.director@1.0.0 (location: C:\Users\Mathe\Desktop\Hegemonia-Mundial-main\Hegemonia-Mundial-main\Library\PackageCache\com.unity.modules.director)
    com.unity.modules.hierarchycore@1.0.0 (location: C:\Users\Mathe\Desktop\Hegemonia-Mundial-main\Hegemonia-Mundial-main\Library\PackageCache\com.unity.modules.hierarchycore)
    com.unity.modules.imageconversion@1.0.0 (location: C:\Users\Mathe\Desktop\Hegemonia-Mundial-main\Hegemonia-Mundial-main\Library\PackageCache\com.unity.modules.imageconversion)
    com.unity.modules.imgui@1.0.0 (location: C:\Users\Mathe\Desktop\Hegemonia-Mundial-main\Hegemonia-Mundial-main\Library\PackageCache\com.unity.modules.imgui)
    com.unity.modules.jsonserialize@1.0.0 (location: C:\Users\Mathe\Desktop\Hegemonia-Mundial-main\Hegemonia-Mundial-main\Library\PackageCache\com.unity.modules.jsonserialize)
    com.unity.modules.particlesystem@1.0.0 (location: C:\Users\Mathe\Desktop\Hegemonia-Mundial-main\Hegemonia-Mundial-main\Library\PackageCache\com.unity.modules.particlesystem)
    com.unity.modules.physics@1.0.0 (location: C:\Users\Mathe\Desktop\Hegemonia-Mundial-main\Hegemonia-Mundial-main\Library\PackageCache\com.unity.modules.physics)
    com.unity.modules.physics2d@1.0.0 (location: C:\Users\Mathe\Desktop\Hegemonia-Mundial-main\Hegemonia-Mundial-main\Library\PackageCache\com.unity.modules.physics2d)
    com.unity.modules.screencapture@1.0.0 (location: C:\Users\Mathe\Desktop\Hegemonia-Mundial-main\Hegemonia-Mundial-main\Library\PackageCache\com.unity.modules.screencapture)
    com.unity.modules.subsystems@1.0.0 (location: C:\Users\Mathe\Desktop\Hegemonia-Mundial-main\Hegemonia-Mundial-main\Library\PackageCache\com.unity.modules.subsystems)
    com.unity.modules.terrain@1.0.0 (location: C:\Users\Mathe\Desktop\Hegemonia-Mundial-main\Hegemonia-Mundial-main\Library\PackageCache\com.unity.modules.terrain)
    com.unity.modules.terrainphysics@1.0.0 (location: C:\Users\Mathe\Desktop\Hegemonia-Mundial-main\Hegemonia-Mundial-main\Library\PackageCache\com.unity.modules.terrainphysics)
    com.unity.modules.tilemap@1.0.0 (location: C:\Users\Mathe\Desktop\Hegemonia-Mundial-main\Hegemonia-Mundial-main\Library\PackageCache\com.unity.modules.tilemap)
    com.unity.modules.ui@1.0.0 (location: C:\Users\Mathe\Desktop\Hegemonia-Mundial-main\Hegemonia-Mundial-main\Library\PackageCache\com.unity.modules.ui)
    com.unity.modules.uielements@1.0.0 (location: C:\Users\Mathe\Desktop\Hegemonia-Mundial-main\Hegemonia-Mundial-main\Library\PackageCache\com.unity.modules.uielements)
    com.unity.modules.umbra@1.0.0 (location: C:\Users\Mathe\Desktop\Hegemonia-Mundial-main\Hegemonia-Mundial-main\Library\PackageCache\com.unity.modules.umbra)
    com.unity.modules.unityanalytics@1.0.0 (location: C:\Users\Mathe\Desktop\Hegemonia-Mundial-main\Hegemonia-Mundial-main\Library\PackageCache\com.unity.modules.unityanalytics)
    com.unity.modules.unitywebrequest@1.0.0 (location: C:\Users\Mathe\Desktop\Hegemonia-Mundial-main\Hegemonia-Mundial-main\Library\PackageCache\com.unity.modules.unitywebrequest)
    com.unity.modules.unitywebrequestassetbundle@1.0.0 (location: C:\Users\Mathe\Desktop\Hegemonia-Mundial-main\Hegemonia-Mundial-main\Library\PackageCache\com.unity.modules.unitywebrequestassetbundle)
    com.unity.modules.unitywebrequestaudio@1.0.0 (location: C:\Users\Mathe\Desktop\Hegemonia-Mundial-main\Hegemonia-Mundial-main\Library\PackageCache\com.unity.modules.unitywebrequestaudio)
    com.unity.modules.unitywebrequesttexture@1.0.0 (location: C:\Users\Mathe\Desktop\Hegemonia-Mundial-main\Hegemonia-Mundial-main\Library\PackageCache\com.unity.modules.unitywebrequesttexture)
    com.unity.modules.unitywebrequestwww@1.0.0 (location: C:\Users\Mathe\Desktop\Hegemonia-Mundial-main\Hegemonia-Mundial-main\Library\PackageCache\com.unity.modules.unitywebrequestwww)
    com.unity.modules.vehicles@1.0.0 (location: C:\Users\Mathe\Desktop\Hegemonia-Mundial-main\Hegemonia-Mundial-main\Library\PackageCache\com.unity.modules.vehicles)
    com.unity.modules.video@1.0.0 (location: C:\Users\Mathe\Desktop\Hegemonia-Mundial-main\Hegemonia-Mundial-main\Library\PackageCache\com.unity.modules.video)
    com.unity.modules.vr@1.0.0 (location: C:\Users\Mathe\Desktop\Hegemonia-Mundial-main\Hegemonia-Mundial-main\Library\PackageCache\com.unity.modules.vr)
    com.unity.modules.wind@1.0.0 (location: C:\Users\Mathe\Desktop\Hegemonia-Mundial-main\Hegemonia-Mundial-main\Library\PackageCache\com.unity.modules.wind)
    com.unity.modules.xr@1.0.0 (location: C:\Users\Mathe\Desktop\Hegemonia-Mundial-main\Hegemonia-Mundial-main\Library\PackageCache\com.unity.modules.xr)
    com.unity.render-pipelines.core@17.0.4 (location: C:\Users\Mathe\Desktop\Hegemonia-Mundial-main\Hegemonia-Mundial-main\Library\PackageCache\com.unity.render-pipelines.core@f127f5fd8324)
    com.unity.shadergraph@17.0.4 (location: C:\Users\Mathe\Desktop\Hegemonia-Mundial-main\Hegemonia-Mundial-main\Library\PackageCache\com.unity.shadergraph@fe106b49deb4)
    com.unity.render-pipelines.universal-config@17.0.3 (location: C:\Users\Mathe\Desktop\Hegemonia-Mundial-main\Hegemonia-Mundial-main\Library\PackageCache\com.unity.render-pipelines.universal-config@dd206bf35d04)
    com.unity.rendering.light-transport@1.0.1 (location: C:\Users\Mathe\Desktop\Hegemonia-Mundial-main\Hegemonia-Mundial-main\Library\PackageCache\com.unity.rendering.light-transport@9bd588f963c0)
  Embedded packages:
    com.tripo3d.unitybridge@file:C:\Users\Mathe\Desktop\Hegemonia-Mundial-main\Hegemonia-Mundial-main\Packages\com.tripo3d.unitybridge (location: C:\Users\Mathe\Desktop\Hegemonia-Mundial-main\Hegemonia-Mundial-main\Packages\com.tripo3d.unitybridge)
[Subsystems] No new subsystems found in resolved package list.
[Package Manager] Done registering packages in 0.08 seconds
Assembly reference Packages/com.unity.cinemachine/Editor/Samples/ExposeHDRPInternals/HDRP-Editor-ref.asmref has no target assembly definition
Assembly reference Packages/com.unity.cinemachine/Editor/Samples/ExposeHDRPInternals/HDRP-Editor-ref.asmref has no target assembly definition
Refreshing native plugins compatible for Editor in 13.22 ms, found 4 plugins.
Starting: C:\Program Files\Unity\Hub\Editor\6000.0.77f1\Editor\Data\bee_backend.exe --ipc --defer-dag-verification --dagfile="Library/Bee/1900b0aE.dag" --continue-on-failure --profile="Library/Bee/backend1.traceevents" ScriptAssemblies
WorkingDir: C:/Users/Mathe/Desktop/Hegemonia-Mundial-main/Hegemonia-Mundial-main
DisplayProgressbar: Compiling Scripts
ExitCode: 0 Duration: 2s130ms
[ 856/1115  0s] ILPP-Configuration Library/ilpp-configuration.nevergeneratedoutput
*** Tundra build success (1.86 seconds), 1 items updated, 1115 evaluated
AssetDatabase: script compilation time: 4.613460s
Begin MonoManager ReloadAssembly
- Loaded All Assemblies, in  3.965 seconds
'Packages/com.unity.cinemachine/Editor/Editors/CinemachineVirtualCameraBaseEditor.cs' contains partial class of Unity.Object, exactly 1 of the partial classes needs to be in a file with the same filename. This is to know the one that can be referenced from ie. GameObjects
'Packages/com.unity.cinemachine/Editor/Obsolete/CinemachineVirtualCameraBaseEditor.cs' contains partial class of Unity.Object, exactly 1 of the partial classes needs to be in a file with the same filename. This is to know the one that can be referenced from ie. GameObjects
Refreshing native plugins compatible for Editor in 4.71 ms, found 4 plugins.
Missing types referenced from component UniversalRenderPipelineGlobalSettings on game object UniversalRenderPipelineGlobalSettings:
	UnityEngine.Rendering.LightmapSamplingSettings, Unity.RenderPipelines.Core.Runtime (1 object)
	UnityEngine.Rendering.RenderingDebuggerRuntimeResources, Unity.RenderPipelines.Core.Runtime (1 object)
	UnityEngine.Rendering.VrsRenderPipelineRuntimeResources, Unity.RenderPipelines.Core.Runtime (1 object)
Native extension for WindowsStandalone target not found
Assembly reference Packages/com.unity.cinemachine/Editor/Samples/ExposeHDRPInternals/HDRP-Editor-ref.asmref has no target assembly definition
Refreshing native plugins compatible for Editor in 8.38 ms, found 4 plugins.
Mono: successfully reloaded assembly
- Finished resetting the current domain, in 10.928 seconds
Domain Reload Profiling: 14877ms
	BeginReloadAssembly (663ms)
		ExecutionOrderSort (0ms)
		DisableScriptedObjects (44ms)
		BackupInstance (0ms)
		ReleaseScriptingObjects (0ms)
		CreateAndSetChildDomain (221ms)
	RebuildCommonClasses (80ms)
	RebuildNativeTypeToScriptingClass (27ms)
	initialDomainReloadingComplete (87ms)
	LoadAllAssembliesAndSetupDomain (3090ms)
		LoadAssemblies (2580ms)
		RebuildTransferFunctionScriptingTraits (0ms)
		AnalyzeDomain (773ms)
			TypeCache.Refresh (551ms)
				TypeCache.ScanAssembly (527ms)
			BuildScriptInfoCaches (179ms)
			ResolveRequiredComponents (33ms)
	FinalizeReload (10929ms)
		ReleaseScriptCaches (0ms)
		RebuildScriptCaches (0ms)
		SetupLoadedEditorAssemblies (9839ms)
			LogAssemblyErrors (0ms)
			InitializePlatformSupportModulesInManaged (27ms)
			SetLoadedEditorAssemblies (6ms)
			BeforeProcessingInitializeOnLoad (360ms)
			ProcessInitializeOnLoadAttributes (7924ms)
			ProcessInitializeOnLoadMethodAttributes (1505ms)
			AfterProcessingInitializeOnLoad (16ms)
			EditorAssembliesLoaded (1ms)
		ExecutionOrderSort2 (0ms)
		AwakeInstancesAfterBackupRestoration (19ms)
Start importing Assets/Industrial_Zone_Modular_Pack/Textures/Factory_Old/Factory_Old_Smokestack_Normal.png using Guid(7111465d8de18bf4e808b0bb01cb57e5) (TextureImporter) -> (artifact id: 'cf3c724750dfb2fbce4f2a382bb0d8c9') in 0.7418171 seconds
Start importing Assets/Prefabs/Aeroporto/A_20/Gemini_Generated_Image_mjxw4mmjxw4mmjxw.png using Guid(71b1146f9e689f742abd3caa1cd3c1d2) (TextureImporter) -> (artifact id: '8925ebb8401a578aadd3a71c3ba66be9') in 0.8765406 seconds
Start importing Assets/SUIMONO - WATER SYSTEM 2/RESOURCES/textures/gui_tex_suimonologob.png using Guid(714267ca866c1fa47be93be6af38ce25) (TextureImporter) -> (artifact id: '26f1b53a73a37126acca5cf4c7dbc61e') in 0.0283869 seconds
Start importing Assets/efeitos/WarFX/Desktop/Textures/Flames/WFX_T_StarFlames A8.tga using Guid(714258cc1f8222649840f292337fb353) (TextureImporter) -> (artifact id: '60c902289e4b24fafb88ac6ee8139fef') in 0.0370195 seconds
Start importing Assets/textura/Camouflage Texture Pack/1K/Desert_color/Seed_1/Camouflage_Tiger_Vertical_Dotty_Pattern_1_1K_DS.png using Guid(71b362d29efcb4244a9dd8ad9591e8ea) (TextureImporter) -> (artifact id: '822b9f36f57c5764639ad3eab4aa5a13') in 0.1989942 seconds
Start importing Assets/Prefabs/Navios_Guerra/Nav_San/Gemini_Generated_Image_82kkxr82kkxr82kk.png using Guid(714438dbd2495fb41ab35a77dee33fde) (TextureImporter) -> (artifact id: '348689c234b170a596593237d7fadfe0') in 0.2287174 seconds
Start importing Assets/Gwangju_3D asset/Scenes/17_Gwangju_Biennale_Inner/ReflectionProbe-12.exr using Guid(71a4b793c9bf5d548b269c86375ec316) (TextureImporter)Starting cubemap convolution for '' (size 128)
...took 0.328 seconds
 -> (artifact id: '5d35e2da4754c6feedc3011a6a358a66') in 1.0397135 seconds
Start importing Packages/com.unity.collab-proxy/Editor/Assets/Images/d_iconlockedlocaloverlay.png using Guid(71c45f80bffdb9145ad2c456254c862e) (TextureImporter) -> (artifact id: '60d497bff09e0f841c88d71c8ca75925') in 0.1677252 seconds
Start importing Packages/com.unity.render-pipelines.core/Editor/Lighting/Icons/LightUnitIcons/Shade.png using Guid(7146ed2a10f80c340b4c181e2892c87a) (TextureImporter) -> (artifact id: 'cd3c776c17ea490b3019dbc73bfc2910') in 0.0502956 seconds
Start importing Assets/SUIMONO - WATER SYSTEM 2/RESOURCES/textures/gui_tex_suimonodivrev_i.psd using Guid(716680e5555b9d04c85966c6ce6a2075) (TextureImporter) -> (artifact id: '2ffc2341ba0b08a52615456cd595d6a8') in 0.210883 seconds
Start importing Packages/com.unity.terrain-tools/Editor/Icons/TerrainOverlays/d_ThermalErosion_On@2x.png using Guid(717649a9f2f304c46a8a2cc928320d17) (TextureImporter) -> (artifact id: 'a12a9c6b396b6b41d52ed0f209a97374') in 0.0304982 seconds
Start importing Assets/Industrial_Zone_Modular_Pack/Textures/Hangar_Wooden/Hangar_Wooden_Small_Room.png using Guid(71b68a07726b6a24d9d8af7a2b58ea92) (TextureImporter) -> (artifact id: 'c8405955c7447429a2ff2b9330ecf39f') in 0.5166819 seconds
Start importing Assets/Industrial_Zone_Modular_Pack/Textures/Props/Advert_Panels/Advert_Panel_Small_Curved_1_AO.png using Guid(71a7134f6c1d6234fbaa847a6fc18642) (TextureImporter) -> (artifact id: '26313dad4b5d848b012c716e185e1e73') in 0.2991918 seconds
Start importing Assets/textura/Camouflage Texture Pack/2K/Woodlands_Color/Seed_3/Camouflage_Noodles_Pattern_3_2K_WL.png using Guid(71e7c68ebaa3a08408d9e43cdb0ef0c7) (TextureImporter) -> (artifact id: 'cef916901c19a8bca3926c1a43d57f81') in 0.6179849 seconds
Start importing Packages/com.unity.postprocessing/PostProcessing/Textures/BlueNoise64px/LDR_LLL1_9.png using Guid(71583cfd8899717428d5b1a95fa39cda) (TextureImporter) -> (artifact id: 'c3066686114b84884f01ed0835a02556') in 0.0345797 seconds
Start importing Packages/com.unity.shadergraph/Editor/Resources/Icons/sg_graph_icon_gray_dark.png using Guid(7129268cf102b2f45809905bcb27ce8b) (TextureImporter) -> (artifact id: '06d89fe045aa05e1ee48a08c7de5ecd8') in 0.0639261 seconds
Start importing Packages/com.unity.terrain-tools/Editor/Icons/TerrainOverlays/Smudge_On.png using Guid(714ad5873fd91a243a9c2bd112acc66f) (TextureImporter) -> (artifact id: '32debe2b6b5270bb6f4af91a6269963d') in 0.0342926 seconds
Start importing Assets/Industrial_Zone_Modular_Pack/Textures/Factory_Old/Factory_Old_Props.png using Guid(710bb53a012ab2049aab312ac0aa52e8) (TextureImporter) -> (artifact id: '7cbe41f29e9ddf02e2ff59661a25a686') in 0.4695236 seconds
Start importing Assets/Polyeler/Simple Aircraft Pack/Materials/Aircraft/Textures/Tex2.png using Guid(718b2c64ba6698149888c32d2e7220ec) (TextureImporter) -> (artifact id: '6cb4327367c45b5bcca64b27c378f7ad') in 0.1058315 seconds
Start importing Packages/com.unity.2d.sprite/Editor/ObjectMenuCreation/DefaultAssets/Textures/9-Sliced.png using Guid(71ebafeef3c03457483266a33ab2b270) (TextureImporter) -> (artifact id: '3df2f1988610dd5b3c9a13822e0854f6') in 0.0560405 seconds
Start importing Assets/Transport Helicopter/Textures/1K_Helicopter_SPEC.tif using Guid(717cbfa57db24734388e7a5fbc8269bd) (TextureImporter) -> (artifact id: '1bd6570730fa21752f19947271342044') in 0.2685951 seconds
Start importing Packages/com.unity.postprocessing/PostProcessing/Textures/BlueNoise64px/LDR_LLL1_43.png using Guid(71bc1b6b66e8b784b972199b7e90204e) (TextureImporter) -> (artifact id: '23522b4762e9d4ecdbc1989f4be2e2ec') in 0.0423547 seconds
Start importing Packages/com.unity.render-pipelines.core/Editor/Lighting/Icons/LightUnitIcons/d_MoonlessNight.png using Guid(71cd3069e265067478f8e99589235fd6) (TextureImporter) -> (artifact id: 'ac34d9090949d391bb8810c69aa1b31d') in 0.0613184 seconds
Start importing Packages/com.unity.render-pipelines.universal/Textures/BlueNoise16/L/LDR_LLL1_0.png using Guid(81200413a40918d4d8702e94db29911c) (TextureImporter) -> (artifact id: '9b97f3d6ac2689757cf1354e880c469a') in 0.045187 seconds
Start importing Assets/Prefabs/Imobiliario/medieval-castle/textures/FrontBastions_normal.jpeg using Guid(81518116b9e22894abf20dd6101dcb3a) (TextureImporter) -> (artifact id: 'e73f2636089832ba670a7df73e775cf2') in 0.3797114 seconds
Start importing Packages/com.unity.render-pipelines.core/Editor/Lighting/Icons/LightUnitIcons/Fluorescent@2x.png using Guid(81321ffad3c324c42806d47efb84d4d1) (TextureImporter) -> (artifact id: 'e219f66fae9fc5a7be2ba072cdb70d47') in 0.0553099 seconds
Start importing Assets/Industrial_Zone_Modular_Pack/Textures/Props/Liquid_Container_Horizontal_Small/Liquid_Container_Horizontal_Small_Normal.png using Guid(8154720baa0626049a9458ad9e27c1e0) (TextureImporter) -> (artifact id: '6aa0d9d105b52d7249faf57cc90d4597') in 0.4402609 seconds
Start importing Assets/network of paths/Textures/ground_stone_ground_0020_01_Diff.png using Guid(817888e2c2781be46b6cd7b38d2b6937) (TextureImporter) -> (artifact id: '5971216993559799fd7559b740724a4c') in 0.1524015 seconds
Start importing Packages/com.unity.timeline/Editor/StyleSheets/Images/Icons/TrackMuteButtonEnabled.png using Guid(81e8b4a4bcbf7a14898e2658fd827642) (TextureImporter) -> (artifact id: 'c3cf4248bb208a3f0abd232005a5fb5d') in 0.0332859 seconds
Start importing Assets/Prefabs/Imobiliario/medieval-castle/source/CastleTexture 2/CastleTexture/CastleGround_normal.jpg using Guid(813af6dcf00f0f045a65fefcb6701a7c) (TextureImporter) -> (artifact id: 'c8dfbf030440030109959ad5f1e5d324') in 0.4853702 seconds
Start importing Packages/com.unity.ugui/Editor Resources/Textures/btn_AlignCenter.psd using Guid(81ed8c76d2bc4a4c95d092c98af4e58f) (TextureImporter) -> (artifact id: '44cd190634236527c0dd369e8b578e04') in 0.0510251 seconds
Start importing Assets/HQ Hangar Free/Textures/Concrete_floor/Concrete_floor_smooth_MaskMap.png using Guid(816e45ad9e3fcf143abeda9833eb3754) (TextureImporter) -> (artifact id: 'e43290ea975c3395719aa2c1617cb6a9') in 0.6647933 seconds
Start importing Assets/MarpaStudio/Textures/SidePillarsInside_Normal.png using Guid(9110b7c0ade62b64cb6927c313ece2dc) (TextureImporter) -> (artifact id: '8b04f3f6bd9ed888bae849c517c8f183') in 0.4409925 seconds
Start importing Assets/textura/Camouflage Texture Pack/2K/Desert_color/Seed_2/Camouflage_Woodlands_Classic_Pattern_2_2K_DS.png using Guid(9180f00a9d49aa04fba9b089b511ec4a) (TextureImporter) -> (artifact id: '770bb57e75726af5085c10bcfbca65ab') in 0.6806454 seconds
Start importing Assets/Prefabs/Imobiliario/medieval-castle/source/CastleTexture 2/CastleTexture/RampartStone_normal.jpg using Guid(91a05bf3829308e45a2bceb53b6499c6) (TextureImporter) -> (artifact id: 'ac3bdcb71343350579307728a523dc9a') in 0.4756579 seconds
Start importing Assets/CartoonMilitaryModelPack/Textures/CustomParts/Turret_04_Texture.png using Guid(91c087108f071479c88f9a096672173d) (TextureImporter) -> (artifact id: 'c1c345953c6c1e812aaee9a6a27da406') in 0.0899163 seconds
Start importing Assets/MarpaStudio/Textures/InsidePillarBig_Albedo.png using Guid(9171d5f7cdb73584f905a8980ee55c86) (TextureImporter) -> (artifact id: '16892d30257b7a7ec6c0d71383c75c17') in 0.4236226 seconds
Start importing Packages/com.unity.2d.tilemap/Editor/Icons/Tilemap.DefaultBrush@2x.png using Guid(9182e08d6d8be424a98050562de5b053) (TextureImporter) -> (artifact id: '49a526a66be637eb17ba2d25cc4c3ada') in 0.0450846 seconds
Start importing Packages/com.unity.timeline/Editor/StyleSheets/Images/Icons/d_TrackAvatarButtonDisabled.png using Guid(91746a504b59769439bb2749c314d231) (TextureImporter) -> (artifact id: 'b626a972b8006b00ad9b4fe1ceef4d13') in 0.0335684 seconds
Start importing Assets/Simple InterceptMissile&TurretBehaviour/PolygonWar/Textures/British_Fighter_Texture.png using Guid(91153dc59b134f84ab7d452f022c7393) (TextureImporter) -> (artifact id: 'a965f5f9a53d157b508aaa8778d3f077') in 0.3475638 seconds
Start importing Packages/com.unity.collab-proxy/Editor/Assets/Images/iconemptygravatar.png using Guid(91976e8b9ce0f0341838727acd55621c) (TextureImporter) -> (artifact id: '9902060699d11e1a6b6132fdc80a6e1e') in 0.0274694 seconds
Start importing Packages/com.unity.render-pipelines.core/Editor/Icons/MipLevels/VolumeProfile@16.png using Guid(9109dcac13c1b6a4cadf6e9e63be42f7) (TextureImporter) -> (artifact id: '09ad0d0f2cc2b5f1d93a48a5c3ee74e0') in 0.0306635 seconds
Start importing Assets/Industrial_Zone_Modular_Pack/Textures/Tiles_Walls/Wall_Concrete_Rough/Wall_Concrete_Rough_Metal_Smooth.png using Guid(91198e7c1c4ebcd47bc8b2b5f08b3cb3) (TextureImporter) -> (artifact id: '1ef67b473c1b923f8b08cf9e1ae2cf87') in 0.4012519 seconds
Start importing Packages/com.unity.render-pipelines.universal/Editor/2D/ShapeEditor/Resources/Path/pointRemovePreview.png using Guid(91da11e81541eec4e8b125dbf7ac18fe) (TextureImporter) -> (artifact id: 'a82240312af9bb0399cf7804275e2a9f') in 0.2137017 seconds
Start importing Assets/CartoonMilitaryModelPack/Textures/Tank_Texture/Tank_03_Texture.png using Guid(910bc1b3608ac4aa792cccefbb0d0843) (TextureImporter) -> (artifact id: '59c45062886b1785a61265ed3967b315') in 0.8137969 seconds
Start importing Assets/AllSkyFree/Epic_BlueSunset/Epic_BlueSunset_Cam_4_Up+Y.png using Guid(912bf47cb4f5f4c6ea43b7a8bd2eb0e5) (TextureImporter) -> (artifact id: 'ed1d2b5646bf258daca9d5e95c922cac') in 1.213781 seconds
Start importing Assets/Industrial_Zone_Modular_Pack/Textures/Canal/Canal_Walls_Short_Normal.png using Guid(91ce9a0ce8bbefe4383589f61d32788b) (TextureImporter) -> (artifact id: '7815c89e9ec5d7a0e0d91f4ba49bee24') in 0.1105759 seconds
Start importing Assets/textura/Camouflage Texture Pack/128x128 (PSX)/Woodlands_color/Seed_5/Camouflage_Polygon_Pattern_5_128_WL.png using Guid(911fbe3ffa13140439c327cc404d9682) (TextureImporter) -> (artifact id: '52d296ff7101e0f13f83664936f86b23') in 0.0309355 seconds
Start importing Packages/com.unity.timeline/Editor/StyleSheets/Images/Icons/d_TimelineEditModeReplaceOFF.png using Guid(912fd71cbf4cbe140b4f240bedbc1f3e) (TextureImporter) -> (artifact id: '0adf5705112d27f4b0551b388cb46766') in 0.0418331 seconds
Start importing Packages/com.unity.render-pipelines.universal/Editor/Gizmos/Camera_PostProcessing.png using Guid(916f43e9d8e15c448a2c8a5d30b26dbd) (TextureImporter) -> (artifact id: 'f68911384374693116abcb9736a351ca') in 0.0552677 seconds
Start importing Packages/com.unity.render-pipelines.core/Editor/LookDev/Icons/Duplicate@2x.png using Guid(91ffd37b0545bf6448f8d937736130a1) (TextureImporter) -> (artifact id: 'ef69d69c4ae0971573908ef256b38e13') in 0.0348524 seconds
Start importing Packages/com.unity.2d.tilemap/Editor/Icons/d_Tilemap.TilePalette.png using Guid(a16432554ffe69042985d012d1df2637) (TextureImporter) -> (artifact id: '688540599a0dcc26f48f55dabe297475') in 0.0219756 seconds
Start importing Assets/TerrainSampleAssets/Textures/Heightmaps/Mountain04_Heightmap.tif using Guid(a1f4f845b9208d64a95cc6177a9b2abc) (TextureImporter) -> (artifact id: 'dfda25590f8fc1cf84b13316d53d96e7') in 0.173551 seconds
Start importing Packages/com.unity.inputsystem/InputSystem/Editor/Icons/d_Dpad@3x.png using Guid(a1b7d9ffed68a47128c5622c13ba4752) (TextureImporter) -> (artifact id: '40062a780ed10d57e2d46db4fba3b90c') in 0.0311323 seconds
Start importing Assets/MarpaStudio/Textures/horseDivider_Metallic.png using Guid(a168c285eca3e4446bdf536e77519260) (TextureImporter) -> (artifact id: '07a646e5d29ec8da70fede231900f913') in 0.3194983 seconds
Start importing Assets/textura/Camouflage Texture Pack/128x128 (PSX)/Desert_color/Seed_2/Camouflage_Tiger_Pattern_2_128_DS.png using Guid(a11d7e864d410764080dc98cfa7f5072) (TextureImporter) -> (artifact id: '12a64da596c6bce9965e813530d04c0c') in 0.0322926 seconds
Start importing Packages/com.unity.2d.tilemap/Editor/Icons/Tilemap.FocusGrid@4x.png using Guid(a1bd3db90f5f7314e822ba2e38f901c6) (TextureImporter) -> (artifact id: '3d597341a0c2423e33ad448ccae995b0') in 0.0310292 seconds
Start importing Packages/com.unity.render-pipelines.core/Editor/LookDev/Icons/d_CenterLight@2x.png using Guid(a14e6ee680df42f4c99bf69bc3d6b9ca) (TextureImporter) -> (artifact id: '20da24da273f50624c47de64c2b9f92d') in 0.0235989 seconds
Start importing Packages/com.unity.postprocessing/PostProcessing/Textures/BlueNoise64px/LDR_LLL1_5.png using Guid(a1ae041906217ae44a774d4ca139af50) (TextureImporter) -> (artifact id: '5170d2e8804512099e90b407ef09e07a') in 0.0288147 seconds
Start importing Assets/MarpaStudio/Textures/InsidePillarSmall_Normal.png using Guid(a1be975b4676e7d47bbff054021e4132) (TextureImporter) -> (artifact id: '1006af4c3c62c2e67f597643219e9e10') in 0.3348655 seconds
Start importing Packages/com.unity.render-pipelines.core/Editor/Lighting/Icons/UpSnatch.png using Guid(a1fe8ebe91e101d47af42adec440c3e5) (TextureImporter) -> (artifact id: '4ef691d8752cdb8a268862836b2138de') in 0.0492473 seconds
Start importing Packages/com.unity.terrain-tools/Editor/Icons/TerrainOverlays/d_Bridge.png using Guid(a13fe4b21a71b704ab8ba9aba4578403) (TextureImporter) -> (artifact id: '2533c4977386287e718190dd41f92161') in 0.029307 seconds
Start importing Packages/com.unity.render-pipelines.core/Editor/Lighting/Icons/LightUnitIcons/d_InteriorLight@2x.png using Guid(b1a064fab2aa93e47bd8d558a6ca655b) (TextureImporter) -> (artifact id: '31e456979ec7599d57a018c3bb3df0df') in 0.0485681 seconds
Start importing Packages/com.unity.shadergraph/Editor/Resources/Icons/SettingsIcons_hover@2x.png using Guid(b1b079d053c3d0c41952dadf32a89ffd) (TextureImporter) -> (artifact id: 'a9a8f77d304dadc3b76251b808545d45') in 0.0513266 seconds
Start importing Packages/com.unity.timeline/Editor/StyleSheets/Images/Icons/TimelineDigIn.png using Guid(b1d064d6d80829f4eb370f679384ea1f) (TextureImporter) -> (artifact id: 'f3b8958f803d186f0042479b9a899a76') in 0.0368891 seconds
Start importing Assets/MarpaStudio/Textures/Gate_Metallic.png using Guid(b1e022262e38a1047a0f56e0d1dfd8d5) (TextureImporter) -> (artifact id: 'e987350f3acd830f3c8fb2a27fbba7e3') in 0.3113885 seconds
Start importing Packages/com.unity.render-pipelines.core/Editor/Lighting/Icons/LightUnitIcons/d_MediumAreaLight.png using Guid(b1826d69c1fcad9488491937a1ef4d84) (TextureImporter) -> (artifact id: '737ebd7cfb37534243a24313545379c8') in 0.045991 seconds
Start importing Assets/textura/Camouflage Texture Pack/1K/Urban_color/Seed_1/Camouflage_Tiger_Vertical_Dotty_Pattern_1_1K_UB.png using Guid(b163192190d34f544b1d5c7f648f9bb9) (TextureImporter) -> (artifact id: 'edb9ac2ee98422d5bf03f3157616ec31') in 0.1566416 seconds
Start importing Packages/com.unity.render-pipelines.core/Editor/Icons/MipLevels/Volume@256.png using Guid(b1737e8dd5ce0104ca1f1c05b481fad9) (TextureImporter) -> (artifact id: '253757f1e763ac4248408235ebf50266') in 0.0302357 seconds
Start importing Packages/com.unity.collab-proxy/Editor/Assets/Images/iconshelve.png using Guid(b1b37c2733b68854ba004ff712ef849f) (TextureImporter) -> (artifact id: 'f584aa77d7e4ff96ed0b420da65d5d74') in 0.0450712 seconds
Start importing Assets/HQ Hangar Free/Textures/Sheet_metal/Sheet_metal_BaseMap.png using Guid(b1248c8594497c5499daafb662e3be61) (TextureImporter) -> (artifact id: 'e63618c0d61f5ae9c51ad54b85d249eb') in 0.4364138 seconds
Start importing Packages/com.unity.render-pipelines.core/Editor/Icons/MipLevels/RenderPipelineResources@64.png using Guid(b1c49d259b9089743b6272150f77b8fe) (TextureImporter) -> (artifact id: '13331eb8365588a2ad029abf79fddce9') in 0.044172 seconds
Start importing Assets/Gwangju_3D asset/17_GwangjuBiennale/Textures/Inner/GbMatalProp_MaskMap.png using Guid(b135dc9f354c8f3478ab157d7555bf35) (TextureImporter) -> (artifact id: '36eab7472015d30eb241be8cf59b597f') in 0.383238 seconds
Start importing Assets/TerrainSampleAssets/Textures/Terrain/Soil_Rocks_MaskMap.tif using Guid(b1c590e575d73224eb6773fd8c1cbb64) (TextureImporter) -> (artifact id: '88707b67a205e69459f1a9295f27cf53') in 0.663708 seconds
Start importing Assets/TerrainSampleAssets/Textures/Heightmaps/Ridge03_Heightmap.tif using Guid(b1dadb884e92879469e470aba88f0096) (TextureImporter) -> (artifact id: '0683dd9488d4e1be9f8f05676a2fa180') in 0.170436 seconds
Start importing Assets/textura/Camouflage Texture Pack/128x128 (PSX)/Base_color/T_Demo_Camouflage_Strichtarn_Light_128.png using Guid(b10b9a847558d8944b6b0699174c8a97) (TextureImporter) -> (artifact id: '60f4a270de02f875c32a64a68bee5d51') in 0.0493301 seconds
Start importing Assets/textura/Camouflage Texture Pack/2K/Woodlands_Color/Seed_4/Camouflage_Tiger_Vertical_Dotty_Pattern_4_2K_WL.png using Guid(b12c5266cde967841a4798f817616537) (TextureImporter) -> (artifact id: '1b89c36ad0c871802b4af8a21db351f0') in 0.4796128 seconds
Start importing Packages/com.unity.render-pipelines.core/Editor/Lighting/Icons/LightUnitIcons/SoftAreaLight@2x.png using Guid(b14c34aa843e4a14e957505ae407e8c3) (TextureImporter) -> (artifact id: 'b9eefabf941d4507535fb874ed7471a9') in 0.0510229 seconds
Start importing Assets/Prefabs/Imobiliario/medieval-castle/textures/CastleGround_normal.jpeg using Guid(b1fc0d91de9c2c5418817ddf05e78813) (TextureImporter) -> (artifact id: 'd75c8e88436574c9664cc9288a8ac4da') in 0.4268454 seconds
Start importing Packages/com.unity.2d.tilemap/Editor/Icons/d_EditorUI.TargetHover.png using Guid(c130b41d1f572a14793b146add3d6e3f) (TextureImporter) -> (artifact id: '9e097f7d94dc52fb8cddd60f3f0f1d90') in 0.0585224 seconds
Start importing Assets/ModularLowpolyStreetsFree/Materials/Other/Textures/Pole-base_AO.png using Guid(c10196052270d674090214a549f88495) (TextureImporter) -> (artifact id: '4e5eed911045b5d87d01e9cc8e2b8f40') in 0.0488609 seconds
Start importing Packages/com.unity.collab-proxy/Editor/Assets/Images/d_iconbranch.png using Guid(c1516142c0a669b42aecce30a3459017) (TextureImporter) -> (artifact id: '9ddb942b4dc11373cd8504199907102a') in 0.0506823 seconds
Start importing Assets/textura/Camouflage Texture Pack/2K/Woodlands_Color/Seed_5/Camouflage_Cells_Big_Pattern_5_2K_WL.png using Guid(c102506efc0a92d4eb7a17779b54d93d) (TextureImporter) -> (artifact id: '4e6ef6770f690b1eb9957a303fd1364a') in 0.5039865 seconds
Start importing Assets/efeitos/WarFX/Desktop/Textures/Flames/WFX_T_NukeFlames.tga using Guid(c1e2180035cd91841b5d343f46041da9) (TextureImporter) -> (artifact id: 'cf8fa5efa5855fd8bde7559d7471cecd') in 0.0858072 seconds
Start importing Packages/com.unity.timeline/Editor/StyleSheets/Images/DarkSkin/TimelineMarkerItem.png using Guid(c133595e3c100774496e03e66fa69259) (TextureImporter) -> (artifact id: '15b4ddf56860fe95ac8d33edac90a572') in 0.0355404 seconds
Start importing Packages/com.unity.collab-proxy/Editor/Assets/Images/d_iconclipboard@2x.png using Guid(c115023c6a2060d4da6a7684bd40c5c0) (TextureImporter) -> (artifact id: 'd331341a188b307c4a1480b4cb843f86') in 0.0355778 seconds
Start importing Assets/efeitos/WarFX/Mobile/Textures/Misc/WFXM_T_Debris Wood.tga using Guid(c1359f3cb3c1e964899a17d4a530085c) (TextureImporter) -> (artifact id: '47271643864221fb612f19844f1510e0') in 0.0692703 seconds
Start importing Assets/Industrial_Zone_Modular_Pack/Textures/Factory_Old/Factory_Old_Concrete_Metal_Smooth.png using Guid(c1855e341388eb54ca56d27fab11678c) (TextureImporter) -> (artifact id: '2f8ba44bfd4f94618cada25d6d2636c8') in 0.2748629 seconds
Start importing Packages/com.unity.ai.navigation/EditorResources/Overlay/NavigationOverlay On.png using Guid(c136efa5cc6d99a4d9e7bad0209aea25) (TextureImporter) -> (artifact id: 'd6cf538d245b01f985daae1bdc1514ce') in 0.0506375 seconds
Start importing Assets/textura/Camouflage Texture Pack/1K/Woodlands_Color/Seed_5/Camouflage_Pixel_Pattern_5_1K_WL.png using Guid(c14638dcc841fc2479440fdee1e6ea42) (TextureImporter) -> (artifact id: '1885759b8145023128afb21e4b8811bc') in 0.1633302 seconds
Start importing Assets/TerrainSampleAssets/Textures/Heightmaps/Mountain09_Heightmap.tiff using Guid(c1873143642071347b9e3544696e5d6f) (TextureImporter) -> (artifact id: 'af22815f24eba4632d0ca469c08e3eb8') in 0.6909451 seconds
Start importing Assets/CartoonMilitaryModelPack/Textures/APC_Texture/APC_01_Texture.png using Guid(c1a7a15c4a5b24b73a4ddd5373c6e5ce) (TextureImporter) -> (artifact id: '3cf190ee944fefb8301ef3f29d23bf9f') in 0.6916149 seconds
Start importing Packages/com.unity.render-pipelines.core/Editor/Lighting/Icons/LightPlacement_Icon@128.png using Guid(c1c8308c6609eff48841494a187bfb72) (TextureImporter) -> (artifact id: 'f3e6c71a9a39292e5ef46c7a59b02ef5') in 0.0490856 seconds
Start importing Packages/com.unity.render-pipelines.core/Editor/Lighting/Icons/Advanced_Pressed_mini.png using Guid(c1d870384c7ed3c49b30d01278bf3949) (TextureImporter) -> (artifact id: '93b27438b3cfa54d8aab5f551e0875b9') in 0.055533 seconds
Start importing Packages/com.unity.render-pipelines.core/Editor/Lighting/Icons/LightPlacement_Icon@2x.png using Guid(c179f13951d25f646887d38fa53e6e65) (TextureImporter) -> (artifact id: '3f6dd9155a4204550a41f81f21afc8b7') in 0.0310516 seconds
Start importing Assets/Transport Helicopter/Transport_Chopper.fbm/1K_Helicopter_SPEC.tif using Guid(c1d9a03248e001b4cabcf2cede5aef66) (TextureImporter) -> (artifact id: '899d225d22b4b4bc9558523108ced259') in 0.0876057 seconds
Start importing Assets/efeitos/WarFX/Mobile/Textures/MuzzleFlashes/WFXM_T_MF Side RIFLE2 A8.png using Guid(c1f93861bd2b8a4498997334a868b1a5) (TextureImporter) -> (artifact id: 'de9e8203b335f5afa8b854960b1a3fb7') in 0.0301617 seconds
Start importing Assets/Prefabs/Imobiliario/medieval-castle/source/CastleTexture 2/CastleTexture/WoodDoor_normal.jpg using Guid(c1bebd50164036841a6dda4fbaac13b2) (TextureImporter) -> (artifact id: 'c48afb5e1f19766c909de327f51b72c4') in 0.234607 seconds
Start importing Packages/com.unity.render-pipelines.universal/Textures/SMAA/AreaTex.tga using Guid(d1f1048909d55cd4fa1126ab998f617e) (TextureImporter) -> (artifact id: '3e1447567863a0ba8a2c923f5de04788') in 0.0254728 seconds
Start importing Packages/com.unity.timeline/Editor/StyleSheets/Images/Icons/d_TrackMarkerButtonEnabled.png using Guid(d18286874382ef042bbbdab5f71329c1) (TextureImporter) -> (artifact id: '144a3fa503506e8e2ae8d4cbf0f4c5dc') in 0.0803079 seconds
Start importing Assets/CartoonMilitaryModelPack/Textures/Tank_Texture/Tank_02_Texture.png using Guid(d164acb8e84de4b2180edb2ba7d43928) (TextureImporter) -> (artifact id: 'c835449a6d17c9c13d4a08d9747c3a19') in 0.6292942 seconds
Start importing Assets/TripoModels/military_helicopter_3d_model/military_helicopter_3d_model.fbm/military_helicopter_3d_model_tripo_part_9_basecolor.jpg using Guid(d1561e5a819f1f24ca4b68cdd44447ee) (TextureImporter) -> (artifact id: '85f26012d5adabf51eed32b5b67224f7') in 0.0586604 seconds
Start importing Packages/com.unity.collab-proxy/Editor/Assets/Images/iconconflicted.png using Guid(d1c88f142eee55b4eb2b2cfd7b3624ce) (TextureImporter) -> (artifact id: 'f7137b4c35316151ed63cd0faa27ada1') in 0.0427036 seconds
Start importing Packages/com.unity.render-pipelines.universal/Textures/BlueNoise16/L/LDR_LLL1_26.png using Guid(d18a24d7b4ed50f4387993566d9d3ae2) (TextureImporter) -> (artifact id: '17a6757e1219cc4a06246028bfc9651d') in 0.0211655 seconds
Start importing Packages/com.unity.inputsystem/InputSystem/Editor/Icons/ChevronDown@4x.png using Guid(d1acbe0a708dc40dc80254764e67ecfa) (TextureImporter) -> (artifact id: 'd747945a76630b98821db54675337746') in 0.0195801 seconds
Start importing Packages/com.unity.timeline/Editor/StyleSheets/Images/Icons/TrackMarkerButtonEnabled.png using Guid(d1eccbb425fdacc4ba53ce4223f4ea30) (TextureImporter) -> (artifact id: '80f5fe4c903e9664f2007ee164cf9e2f') in 0.0207362 seconds
Start importing Assets/MarpaStudio/Textures/BarnPillarOutside_Albedo.png using Guid(e1f19dfbb213b804eb38a2159c1fbe1a) (TextureImporter) -> (artifact id: '348140e5e6a3e998ea172d9db70d07d3') in 0.2377905 seconds
Start importing Packages/com.unity.render-pipelines.core/Editor/Lighting/Icons/LightUnitIcons/d_DecorativeLight@2x.png using Guid(e194061ed57dcf6478bc4a4079ac3998) (TextureImporter) -> (artifact id: '21ca4c67944d5f48b5b85840a8e22df9') in 0.0510614 seconds
Start importing Packages/com.unity.render-pipelines.core/Editor/LookDev/Icons/RightArrow@2x.png using Guid(e194270977977b24da0c6e1c962a5ce9) (TextureImporter) -> (artifact id: '389462b06aab0b82692216ab337371d9') in 0.0495978 seconds
Start importing Assets/textura/Camouflage Texture Pack/2K/Woodlands_Color/Seed_1/Camouflage_Noodles_Pattern_1_2K_WL.png using Guid(e1d4635f0f53aad4ba08e55f0edf512f) (TextureImporter) -> (artifact id: '846c2805894d712669c8fcbbbb653b2d') in 0.4027523 seconds
Start importing Assets/TripoModels/military_helicopter_3d_model/military_helicopter_3d_model.fbm/military_helicopter_3d_model_tripo_part_69_basecolor.jpg using Guid(e1e55030853ea2941a98d35287fda28b) (TextureImporter) -> (artifact id: 'bb6bb8bd92812ced6c16a318b5ba3f5f') in 0.0408202 seconds
Start importing Packages/com.unity.cinemachine/Editor/EditorResources/Icons/Dark/FOV.png using Guid(e19681a513069400aa38220f89283d8d) (TextureImporter) -> (artifact id: 'de9ebbe0b1dd4c8c41b7fb578c00fe97') in 0.0278326 seconds
Start importing Packages/com.unity.collab-proxy/Editor/Assets/Images/d_iconlabel.png using Guid(e1e64e28e7631534d8408668bcb82502) (TextureImporter) -> (artifact id: '4146deb7d929df22cab0d4b39d501972') in 0.0419776 seconds
Start importing Packages/com.unity.postprocessing/PostProcessing/Textures/BlueNoise64px/LDR_LLL1_57.png using Guid(e138166e7a7c70f49943be7edda35d35) (TextureImporter) -> (artifact id: 'cd47d6854b381fca7e16a02e26ebe385') in 0.0558989 seconds
Start importing Assets/HQ Hangar Free/Scene/ExampleScene/ReflectionProbe-0.exr using Guid(e1584a1e092822844b5a64665623d849) (TextureImporter) -> (artifact id: '7b7c8c9c6ec28f1e2fec88b67b5dd701') in 0.5252768 seconds
Start importing Assets/MarpaStudio/Textures/Box_Metallic.png using Guid(e1392dbda78b99546b4659510c8b58c3) (TextureImporter) -> (artifact id: 'd42ffffe9d6027bc9f1a7517db43d851') in 0.2509909 seconds
Start importing Assets/SUIMONO - WATER SYSTEM 2/TEXTURES/tex_falloff.psd using Guid(e18972d51c4910d499b05f09d48dc145) (TextureImporter) -> (artifact id: 'e3e7e9bdcc4521ca427281817a6736ea') in 0.2193489 seconds
Start importing Assets/textura/Camouflage Texture Pack/256x256 (PSX)/Woodlands_color/Seed_4/Camouflage_DBDU_Pattern_4_PSX_WL.png using Guid(e1c9c2f5316d7f84cbba2a0c1092ab92) (TextureImporter) -> (artifact id: 'fc1927ce83e17db06378d547ec22633a') in 0.0570345 seconds
Start importing Assets/TerrainSampleAssets/Textures/Terrain/Sand_BaseColor.tif using Guid(e18ae12a8286a594bae0eb036ce9bc12) (TextureImporter) -> (artifact id: 'e7c172272afd4f52069619bf384123a3') in 0.2987356 seconds
Start importing Assets/textura/Camouflage Texture Pack/256x256 (PSX)/Desert_color/Seed_3/Camouflage_Tiger_Pattern_3_PSX_DS.png using Guid(e18ae82512fd3914eaa3641ad7e44104) (TextureImporter) -> (artifact id: '1e4bb74d1ce9c73599a50854c4d825eb') in 0.0460268 seconds
Start importing Packages/com.unity.inputsystem/InputSystem/Editor/Icons/d_Position@3x.png using Guid(e1da124f7cbda41a4925397406076a42) (TextureImporter) -> (artifact id: 'eb25b50c69a4cbfb00c82175d68ae8b9') in 0.0284148 seconds
Start importing Assets/Industrial building/Garage/Materials/Textures/LP_DefaultMaterial_Normal.png using Guid(e15be6fcfdcef7243b8416c4d564078a) (TextureImporter) -> (artifact id: 'db192b51572f3e517942886ce46c18aa') in 0.1933004 seconds
Start importing Packages/com.unity.terrain-tools/Editor/Icons/TerrainOverlays/FlattenSlope@2x.png using Guid(e19b08c8ea8ec446790594d94d90eb15) (TextureImporter) -> (artifact id: 'af6eb16d50adca2ea127beb59b160268') in 0.0344924 seconds
Start importing Assets/textura/Camouflage Texture Pack/2K/Woodlands_Color/Seed_5/Camouflage_Tiger_Vertical_Dotty_Pattern_5_2K_WL.png using Guid(e1ab92f7c3cb7fe4da4456c7d6e3f6c6) (TextureImporter) -> (artifact id: '0284691cfa3c099f073ef0237fa0c781') in 0.4585495 seconds
Start importing Packages/com.unity.render-pipelines.core/Editor/Lighting/Icons/LightUnitIcons/SoftAreaLight.png using Guid(e10d9c07adc061a448e00b3e33fad966) (TextureImporter) -> (artifact id: '6084c52879fde85facc6721a4dea0c9c') in 0.0436044 seconds
Start importing Assets/Gwangju_3D asset/Scenes/17_Gwangju_Biennale_Inner/ReflectionProbe-7.exr using Guid(e1cdc11e7ed24394481c3200d5e3e5c7) (TextureImporter)Starting cubemap convolution for '' (size 128)
...took 0.236 seconds
 -> (artifact id: 'f6893b5e13e78ff3c407ff2d513cbaeb') in 0.713173 seconds
Start importing Packages/com.unity.timeline/Editor/StyleSheets/Images/DarkSkin/TimelineAutokey_active.png using Guid(e17ee60887efdd04389991a15ee0c578) (TextureImporter) -> (artifact id: '3077b2f42f388c6e760bc079ef1e5c3c') in 0.0766345 seconds
Start importing Packages/com.unity.render-pipelines.universal/Editor/2D/Resources/SceneViewIcons/PointLight.png using Guid(e1feb27120f96ae4ea48e922cbfd93da) (TextureImporter) -> (artifact id: '8d8df1eb7ae0801f4b564d1360fa2fd5') in 0.0725912 seconds
Start importing Assets/TerrainSampleAssets/Textures/Details/Bush_A_Normal.tif using Guid(e1ef57925b58e624bb0ddcc506f28e94) (TextureImporter) -> (artifact id: '18699de20528d72e854f7b5428ce0d15') in 0.1464739 seconds
Start importing Packages/com.unity.collab-proxy/Editor/Assets/Images/d_iconplasticnotifypendingchangesandincoming.png using Guid(f180c6addffab449cb6897ba994abec5) (TextureImporter) -> (artifact id: '0534ce0dc04df4b34d5a15f8ea391895') in 0.0557918 seconds
Start importing Assets/Prefabs/Aeroporto/G15/Gemini_Generated_Image_458nzc458nzc458n.png using Guid(f193fbc96de63f94b837e1f4a735f68d) (TextureImporter) -> (artifact id: 'cf3e46785aa0774fd5c354d8cb1dc2e8') in 0.3773629 seconds
Start importing Packages/com.unity.visualscripting/Editor/VisualScripting.Core/IconMap/StateMachine@32x.png using Guid(f144232ea2c6046438f6cda6c1bad1af) (TextureImporter) -> (artifact id: '7a0cc004e7ce834c1cd8cb77b04ba104') in 0.0603007 seconds
Start importing Packages/com.unity.splines/Editor/Editor Resources/Icons/Tangent_Linear@2x.png using Guid(f1367877887d28641a98258c207c3bfd) (TextureImporter) -> (artifact id: '1664b4e9d86b64cd0cef4facf765686d') in 0.1041404 seconds
Start importing Packages/com.unity.2d.tilemap/Editor/Icons/d_Tilemap.FocusNone@4x.png using Guid(f1d766c90aeb37d4fb8c7d1ed3ba1378) (TextureImporter) -> (artifact id: '41b8b99a9c084a5ae0038e7928a2b83d') in 0.0511708 seconds
Start importing Assets/ModularLowpolyStreetsFree/Materials/Other/Textures/Traffic-light-EU_Normal.png using Guid(f1683f19cd5787c48b116a38bcdd3597) (TextureImporter) -> (artifact id: '72a369252e8dd58b9a2653587165b312') in 0.1085651 seconds
Start importing Assets/Prefabs/Veiculos/Hamer/Gemini_Generated_Image_vq1qjjvq1qjjvq1q.png using Guid(f1e85997ddea5ac489a974fd754f3c2d) (TextureImporter) -> (artifact id: 'fa62f0c9a963edf6536a22e98b46965e') in 0.1781799 seconds
Start importing Packages/com.unity.timeline/Editor/StyleSheets/Images/DarkSkin/TimelineMarkerItemCollapsed.png using Guid(f179d9a3cccffb04ba2e27f681e9b147) (TextureImporter) -> (artifact id: '0d61c43cb9d6bb553dd2dad5cd5e7516') in 0.0389652 seconds
Start importing Assets/Super Spitfire/Textures/Spitfire_specular.tga using Guid(f1fcea939234fd44fb88831a5f786fe5) (TextureImporter) -> (artifact id: 'd942165a8b9f84ef5b9214a6bcf310dc') in 0.100767 seconds
Start importing Packages/com.unity.inputsystem/InputSystem/Editor/Icons/d_Keyboard@2x.png using Guid(f14e3a4027f834f16b235498ac15bb3f) (TextureImporter) -> (artifact id: 'aa63a7d601360a0f5fa843ee3d29c43f') in 0.0415804 seconds
Start importing Packages/com.unity.terrain-tools/Editor/Icons/TerrainOverlays/BrushSettingIcons/Scattering.png using Guid(f17e1194aef2d47c4b7ec197b5ed12c9) (TextureImporter) -> (artifact id: '3f40f11a1b5a7406b0484300f01feb65') in 0.0433674 seconds
Start importing Packages/com.unity.collab-proxy/Editor/Assets/Images/d_iconaddedlocal@2x.png using Guid(02800fb9cff14da47a04572790384d8b) (TextureImporter) -> (artifact id: '3f385f2a6c62bba90b95594f3576d1c4') in 0.0342802 seconds
Start importing Packages/com.unity.postprocessing/PostProcessing/Textures/BlueNoise64px/LDR_LLL1_28.png using Guid(02c0a84bd64c6f044954d8bde9b46ec8) (TextureImporter) -> (artifact id: '05d3fe61034750fed39989984cfdc26b') in 0.0303587 seconds
Start importing Assets/textura/Camouflage Texture Pack/2K/Woodlands_Color/Seed_5/Camouflage_Polygon_Pattern_5_2K_WL.png using Guid(0272746a077f59c4abf0d611ade620b2) (TextureImporter) -> (artifact id: '5b3e802941b7f825bb934d1203e6ad1a') in 0.512211 seconds
Start importing Packages/com.unity.render-pipelines.universal/Editor/2D/Resources/LightCapDown.png using Guid(02232385c7b444348987d74db8dd7b2e) (TextureImporter) -> (artifact id: '505d92782564ce9a4e6cc5857ad6fbae') in 0.040585 seconds
Start importing Packages/com.unity.render-pipelines.universal/Editor/2D/ShapeEditor/Resources/Path/tangentNormal.png using Guid(02831714bf266174cbf2a363196c49dc) (TextureImporter) -> (artifact id: '134551ea917c1ce1758eacd3006110e3') in 0.0294043 seconds
Start importing Packages/com.unity.render-pipelines.core/Editor/Lighting/Icons/IESProfile.png using Guid(0283fe60f65159b4a86ebabf444e23f9) (TextureImporter) -> (artifact id: '49be551419034f341f5a8b88422aa33c') in 0.0317299 seconds
Start importing Packages/com.unity.render-pipelines.core/Editor/LookDev/Icons/d_LayoutVertical.png using Guid(02c3588c32f640d47bb70ee3fa774fce) (TextureImporter) -> (artifact id: '2ff76228d5a072704d81a869c1e62255') in 0.0398115 seconds
Start importing Assets/Art/IconesGerados/Soldado_Rifle_Icon.png using Guid(02047ac629e1ba442ae2045851a34c00) (TextureImporter) -> (artifact id: 'b2a392ca8dba579396f580a7b6fca61d') in 0.0857569 seconds
Start importing Assets/HQ Hangar Free/Scene/ExampleScene/Lightmap-28_comp_light.exr using Guid(0224a357093475a44a0416aaa0a370e8) (TextureImporter) -> (artifact id: '4303da83b6e4b60a5b0b5a4fcccf53fe') in 0.3543003 seconds
Start importing Assets/HQ Hangar Free/Scene/ExampleScene/Lightmap-10_comp_light.exr using Guid(0234485bc7fc872499bc7a2a02af2093) (TextureImporter) -> (artifact id: 'ff10fc032e8e9a84f6e4f12c43914550') in 0.3407446 seconds
Start importing Assets/AllSkyFree/Space_AnotherPlanet/AllSky_Space_AnotherPlanet_Cam_1_Back-Z.png using Guid(0264465325ebb45239163258479c2a60) (TextureImporter) -> (artifact id: '623c96066c1cfcfa6c61ebfe48100067') in 0.7402826 seconds
Start importing Packages/com.unity.collab-proxy/Editor/Assets/Images/iconzoomin@2x.png using Guid(0247a919add89e04aad63b6657886901) (TextureImporter) -> (artifact id: '59587443f3b2ac6f96f44ff25abe4bc9') in 0.0286512 seconds
Start importing Assets/Super Spitfire/Super_Spitfire/ReflectionProbe-0.exr using Guid(0238903458e47ec4fb6471603b38d40d) (TextureImporter) -> (artifact id: '8dcb1eb016f48a4dcfbce3324abcf80a') in 0.0537221 seconds
Start importing Assets/Volklight/BTR/BIRP/Textures/Parts1_Normal_DirectX.png using Guid(02a8c0613b0167341bb05eaf79da43fe) (TextureImporter) -> (artifact id: '639af8f3f069733a0374952beb654c8c') in 0.6008382 seconds
Start importing Packages/com.unity.2d.tilemap/Editor/Icons/d_Grid.FlipY.png using Guid(0219184e13f92e94896b4df6846db652) (TextureImporter) -> (artifact id: '064d076cd4e13cd5b8892481dbd9848e') in 0.0282782 seconds
Start importing Assets/HQ Hangar Free/Scene/ExampleScene/Lightmap-15_comp_dir.png using Guid(02fb156cf27ce6f4cae69cd8fec84744) (TextureImporter) -> (artifact id: '36c513376adf95804547dfd462be603f') in 0.3282885 seconds
Start importing Assets/textura/Camouflage Texture Pack/128x128 (PSX)/Woodlands_color/Seed_2/Camouflage_Tiger_Vertical_Dotty_Pattern_2_128_WL.png using Guid(020c08cb1f6f3fb4092d720d49e20175) (TextureImporter) -> (artifact id: '46a7c88958a5d27b2a1057f1bb8c51d4') in 0.0317247 seconds
Start importing Assets/CityVoxelPack/Assets/buildings/props/windows/Textures/windows.png using Guid(021eb22db28e28440944bec4d568b1b8) (TextureImporter) -> (artifact id: 'c8dfa6f75e9ec9cf6595233130ec88d1') in 0.019335 seconds
Start importing Assets/russian_buildings/textures/rus_build_LOD_01.png using Guid(027ee668c37651046b8fcc1de158d11b) (TextureImporter) -> (artifact id: 'c97f14f400342f7803e03785156498d8') in 0.102899 seconds
Start importing Packages/com.unity.2d.tilemap/Editor/Icons/d_Tilemap.DefaultBrush.png using Guid(12e04f72413abf04fb4a5f79e70822ff) (TextureImporter) -> (artifact id: '3e0874a1307e15f5830198ece558671c') in 0.0213251 seconds
Start importing Assets/MarpaStudio/Textures/Bucket_Normal.png using Guid(12a1f7c10b301c247a57551cd4cf98f1) (TextureImporter) -> (artifact id: '2c116ce813b5dbdd56b977c134ad86a0') in 0.2079817 seconds
Start importing Assets/imagem/aeronautica.png using Guid(1262a5b40a404924283b9a4168d5e8c9) (TextureImporter) -> (artifact id: 'eeec8380ffd2b9097b48bb8416bd78f8') in 0.4146745 seconds
Start importing Packages/com.unity.render-pipelines.core/Runtime/Debugging/Prefabs/Textures/White1px.png using Guid(127279d577f25ac4ea17dae3782e5074) (TextureImporter) -> (artifact id: 'e273330eaf4220f058a1c433a47f10e8') in 0.0342873 seconds
Start importing Packages/com.unity.ugui/Editor Resources/Textures/btn_AlignLeft_Light.psd using Guid(12736c98af174f91827a26b66d2b01b9) (TextureImporter) -> (artifact id: '239adcb27e39e44d08da2f7832acad14') in 0.029428 seconds
Start importing Assets/TripoModels/military_helicopter_3d_model/military_helicopter_3d_model.fbm/military_helicopter_3d_model_tripo_part_19_basecolor.jpg using Guid(1284052de61547c4caa8c972bc950379) (TextureImporter) -> (artifact id: 'eda16e912d16b4393ab3af331adacf6f') in 0.1844074 seconds
Start importing Assets/Industrial Props/Textures/Seamless Metal.jpg using Guid(1247329f8ff57c547b24268338fb39db) (TextureImporter) -> (artifact id: 'fbc45953cb6e2a612379131c96d97212') in 0.1446534 seconds
Start importing Assets/RPG_FPS_game_assets_industrial/Oil_tanks/Oil_tank_v2/Source/Oil_tank_v2.tga using Guid(12a80e926db1d6143b5ff9388f2d4f45) (TextureImporter) -> (artifact id: '85b4e6faa7fe13954effccb59bf777ed') in 0.3207531 seconds
Start importing Assets/efeitos/WarFX/Desktop/Textures/Misc/WFX_T_Sparks Metal A8.png using Guid(12c8a95ddc5cf3f42845dd67d4806a43) (TextureImporter) -> (artifact id: '3a969aebeb2505f187d2191f632ede62') in 0.1820273 seconds
Start importing Assets/textura/Camouflage Texture Pack/2K/Woodlands_Color/Seed_5/Camouflage_Noodles_Pattern_5_2K_WL.png using Guid(12d83476cf1c75c49ba833fb042aa9aa) (TextureImporter) -> (artifact id: '3b7eb101252ebd22b9e0a3586da7e046') in 0.3885878 seconds
Start importing Assets/textura/Camouflage Texture Pack/128x128 (PSX)/Base_color/T_Demo_Camouflage_Blue_Tiger_128.png using Guid(12d962ed72db84143bd0656ec0465ddd) (TextureImporter) -> (artifact id: 'e567d1b5554339eea162277bb8124cc7') in 0.0295125 seconds
Start importing Packages/com.unity.terrain-tools/Editor/Icons/TerrainOverlays/d_Clone_On.png using Guid(12fae8ab4476e8249986c99850a1269b) (TextureImporter) -> (artifact id: 'f05fde6db9f0735074eb371eb61feed7') in 0.0240117 seconds
Start importing Packages/com.unity.collab-proxy/Editor/Assets/Images/iconmergelink.png using Guid(120bf54dff785a0429b068b814e9c12a) (TextureImporter) -> (artifact id: '7b47e8ce279c584cb70eac64c4f61554') in 0.0234363 seconds
Start importing Packages/com.unity.inputsystem/InputSystem/Editor/Icons/d_Keyboard@4x.png using Guid(123b6218ad27a41af933311ee524dcdc) (TextureImporter) -> (artifact id: '51c0b784a5b4a1f0a089f436fa0d0f93') in 0.0191667 seconds
Start importing Packages/com.unity.render-pipelines.core/Editor/Icons/RenderGraphViewer/d_Texture@2x.png using Guid(126e291066d6c934e99b244ec88e813a) (TextureImporter) -> (artifact id: '7d35b3aae3f3c2df864c8b2d3c404570') in 0.0407374 seconds
Start importing Packages/com.unity.terrain-tools/Editor/Icons/TerrainOverlays/d_WindErosion.png using Guid(12ce2da45aee3e944bc4023a00974168) (TextureImporter) -> (artifact id: 'b1bbcb6e1c5c67c657c76345e2cb2aef') in 0.0227779 seconds
Start importing Assets/textura/Camouflage Texture Pack/1K/Desert_color/Seed_3/Camouflage_Cells_Small_Pattern_3_1K_DS.png using Guid(121f02cac3310e146ae14e6bfea7fdf6) (TextureImporter) -> (artifact id: '504300f3df5a6a4f142f98b9d481daad') in 0.2042857 seconds
Start importing Assets/textura/Camouflage Texture Pack/2K/Desert_color/Seed_2/Camouflage_Polygon_Pattern_2_2K_DS.png using Guid(2281a4ea8b8b9a54ca6499fdf2cde781) (TextureImporter) -> (artifact id: '496e87136a6a819ef2e8b4d1c0d62a9b') in 0.3289171 seconds
Start importing Assets/textura/Camouflage Texture Pack/1K/Woodlands_Color/Seed_4/Camouflage_Woodlands_Classic_Pattern_4_1K_WL.png using Guid(2291be3e01a8bbd4388b7eea4947a670) (TextureImporter) -> (artifact id: 'd69e85cb11e44b1a6c9f93d389832077') in 0.139525 seconds
Start importing Packages/com.unity.cinemachine/Editor/EditorResources/Icons/Light/FarNearClip.png using Guid(22b1f48a2b5804151ae7f1171cc64c8c) (TextureImporter) -> (artifact id: '5476ef4b9c790226227dae45191b2c52') in 0.0312557 seconds
Start importing Assets/efeitos/WarFX/Mobile/Textures/Bullet Holes/WFXM_T_BulletHoles Wood.tga using Guid(22b2fb4b5fccb7f42a75c83a2ceecaa9) (TextureImporter) -> (artifact id: 'f4e2c5f6458561d8cb362adff2a0d46d') in 0.0698138 seconds
Start importing Assets/HQ Hangar Free/Scene/ExampleScene/Lightmap-9_comp_light.exr using Guid(222328dc8b025564ba55728db52f3ea2) (TextureImporter) -> (artifact id: 'f714e15a88054f202ab3e23040d7c4fc') in 0.5149792 seconds
Start importing Packages/com.unity.timeline/Editor/StyleSheets/Images/Icons/d_TimelineDigIn.png using Guid(22c3c381bd3cd4a40a8541103023e1ef) (TextureImporter) -> (artifact id: 'b90cf2310691bbbf6fb8c474a426ca70') in 0.0292277 seconds
Start importing Assets/Industrial_Zone_Modular_Pack/Textures/Construction_Set/Construction_Parts_Normal.png using Guid(22c545cd4389f624eab8a44e593b5d6f) (TextureImporter) -> (artifact id: '199270c3aadb0ca3d44efeb79bbafeb5') in 0.4754378 seconds
Start importing Assets/CartoonMilitaryModelPack/Textures/CustomParts/Turret_09_Texture.png using Guid(22f55a967cbae439a95094aab9b3099d) (TextureImporter) -> (artifact id: '26ac51ca77401401f9dd59fc208e3983') in 0.6961601 seconds
Start importing Packages/com.unity.collab-proxy/Editor/Assets/Images/iconclouddriveview.png using Guid(229870d327005574fb840c2dd8050ec6) (TextureImporter) -> (artifact id: '0832a98387692ead412f70a692fef2dd') in 0.0374695 seconds
Start importing Packages/com.unity.cinemachine/Editor/EditorResources/Icons/Light/FOV.png using Guid(2298d7737762c4efbbac29ffd335454a) (TextureImporter) -> (artifact id: '163eabc72e86e9c67b8210ce3add2a40') in 0.0459074 seconds
Start importing Assets/TerrainSampleAssets/Textures/Heightmaps/Errosion01_Heightmap.tif using Guid(228af47692a8c7c49b93049646ac6c46) (TextureImporter) -> (artifact id: '3d02ddae38892c84143749b13cb1a065') in 0.1472587 seconds
Start importing Assets/ModularLowpolyStreetsFree/Materials/Other/Textures/Bench-1_AO.png using Guid(22ac1fac08c9d2248b4cab4a60f89b74) (TextureImporter) -> (artifact id: '9cf4804081e5269c9dc4dd685a711c5d') in 0.0390977 seconds
Start importing Assets/Industrial_Zone_Modular_Pack/Textures/Hangar_Concrete/Hangar_Concrete_Support_Arc_Metal_Smooth.png using Guid(22dda80b0832ae34eacee76216a3ac3b) (TextureImporter) -> (artifact id: '72c239cf50c5011cd655de44690866ac') in 0.2392068 seconds
Start importing Assets/textura/Camouflage Texture Pack/2K/Desert_color/Seed_2/Camouflage_Pixel_Pattern_2_2K_DS.png using Guid(3241e29b544d5bb4e97340661c67cc40) (TextureImporter) -> (artifact id: '3efed9590747fc485d8d6f750f848b09') in 0.4760946 seconds
Start importing Assets/MarpaStudio/Textures/Barell_AO.png using Guid(321209b73d2a3e44687f8619006fd8bb) (TextureImporter) -> (artifact id: '1a592ff42b09d7f7cd17b809c2327a36') in 0.3622433 seconds
Start importing Packages/com.unity.render-pipelines.core/Editor/Icons/MipLevels/d_Volume@256.png using Guid(32b23d5d74f3aee4f9364e34e2f59379) (TextureImporter) -> (artifact id: 'cf0374f8ec8a14f0a37f8aa0d4db8adb') in 0.0291131 seconds
Start importing Assets/HQ Hangar Free/Scene/ExampleScene/Lightmap-33_comp_dir.png using Guid(32a3c5892ee352f4c91d845d9f312c34) (TextureImporter) -> (artifact id: 'cc1808d98dd45d5f8b540bb5da2bc83d') in 0.2945114 seconds
Start importing Assets/Mar_Feito/Models/NCGC_VAKTA/Materials/hull/hull_ao.tga using Guid(32c309f50f4823c4fa4aab534b446287) (TextureImporter) -> (artifact id: '96947bb62745c115a3bfe8b8263c78bc') in 0.2174704 seconds
Start importing Assets/ModularLowpolyStreetsFree/Materials/Other/Textures/Trash-can-1_AO.png using Guid(32c36f70dd9d9524b97d61f53dc3e200) (TextureImporter) -> (artifact id: '6cbd77ecf7c0a1ad180cc62594643617') in 0.0193864 seconds
Start importing Packages/com.unity.postprocessing/PostProcessing/Textures/BlueNoise64px/LDR_LLL1_24.png using Guid(32c6a5f7143b86c44bd5cdee2ff3f8ad) (TextureImporter) -> (artifact id: 'abdbe731ef0de6cc00803e70f3fbc36d') in 0.1845413 seconds
Start importing Assets/TerrainSampleAssets/Textures/Terrain/Sand_MaskMap.tif using Guid(32c701976955001429b200f33da0d4a9) (TextureImporter) -> (artifact id: 'd91bdb26a8b5169e3999d04ecf2d7270') in 0.2438148 seconds
Start importing Packages/com.unity.timeline/Editor/StyleSheets/Images/DarkSkin/TimelineIconClipOut.png using Guid(32f7e3598d6414c489127629e29af3f6) (TextureImporter) -> (artifact id: '65f543700536a7d4c045448a8e1739e7') in 0.0364046 seconds
Start importing Packages/com.unity.2d.tilemap/Editor/Icons/Grid.RotateCW@2x.png using Guid(3239e705bdc364b47a21e44901809b91) (TextureImporter) -> (artifact id: 'a18b10f6bc59971007326027293ebc4c') in 0.0232576 seconds
Start importing Assets/EasyRoads3D/textures/editor/m_roads.png using Guid(32e963efb91d19147842f8bd95d6ac56) (TextureImporter) -> (artifact id: '67ebfd8f9999b1dc9962a61827baafdf') in 0.0236503 seconds
Start importing Packages/com.unity.collab-proxy/Editor/Assets/Images/d_iconzoomout@2x.png using Guid(320a7c2756434dc43b9ecca2585168b2) (TextureImporter) -> (artifact id: 'c18b942262c066bd8258fce44a14790d') in 0.0192561 seconds
Start importing Packages/com.unity.splines/Editor/Editor Resources/Icons/d_KnotPlacementTool@2x.png using Guid(327ae0ec745f75b4b8ef5f30a3328a85) (TextureImporter) -> (artifact id: '54d3f984a43c04ce75fa40dc31b57430') in 0.0283104 seconds
Start importing Packages/com.unity.testtools.codecoverage/Editor/Icons/d_FolderOpened@2x.png using Guid(327ac160fa4588b4ab06124fe53fdbd1) (TextureImporter) -> (artifact id: 'edf6ad8a176831ad4cdaf02235dbd83f') in 0.0169452 seconds
Start importing Assets/textura/Camouflage Texture Pack/1K/Desert_color/Seed_1/Camouflage_Tiger_Pattern_1_1K_DS.png using Guid(320beeccc8dac8f45ac42f07a15af87c) (TextureImporter) -> (artifact id: '15037d975f19d27f44a82413cc723ac0') in 0.1012513 seconds
Start importing Assets/Project/Textures/warehouse.png using Guid(328bfd3d9ad032148b1226f6e9b349c6) (TextureImporter) -> (artifact id: '0980a473e76c3465f97973781246da1c') in 0.076182 seconds
Start importing Assets/textura/Camouflage Texture Pack/1K/Woodlands_Color/Seed_1/Camouflage_Polygon_Pattern_1_1K_WL.png using Guid(326cf51a6c1bd294d83e06d83383c618) (TextureImporter) -> (artifact id: '75252114a596d9b0e25738934c4e12d6') in 0.131471 seconds
Start importing Packages/com.unity.terrain-tools/Editor/Icons/TerrainOverlays/ThermalErosion_On.png using Guid(329c218944c8bbc4e96a29af1e6db75a) (TextureImporter) -> (artifact id: 'c69f740eaae67c531ea6a2ffed4d6085') in 0.0223429 seconds
Start importing Assets/textura/Camouflage Texture Pack/256x256 (PSX)/Urban_color/Seed_1/Camouflage_Noodles_Pattern_1_PSX_UB.png using Guid(328f40517b1affe4abdb91b619433e85) (TextureImporter) -> (artifact id: '846f31e3f6ae591851739df4a660f813') in 0.0311615 seconds
Start importing Assets/textura/Camouflage Texture Pack/128x128 (PSX)/Woodlands_color/Seed_2/Camouflage_Cells_Big_Pattern_2_128_WL.png using Guid(4290e1d25dbeb7d46a6745f844fe2e18) (TextureImporter) -> (artifact id: '7d7128adcd366bc1b7f0828a0e7cadb7') in 0.0259007 seconds
Start importing Assets/Prefabs/Imobiliario/medieval-castle/textures/Envoriement_01_normal.jpeg using Guid(424182bc69323534ead109648e8660d1) (TextureImporter) -> (artifact id: 'a282d4d7aacd6dbe9d138c7d5e855116') in 0.2270069 seconds
Start importing Packages/com.unity.render-pipelines.core/Editor/Icons/RenderGraphViewer/Buffer@2x.png using Guid(42f2be07082fcb641bfabb2ccd126ac0) (TextureImporter) -> (artifact id: '980cea6478fd81980ea1fca94482f66b') in 0.0248613 seconds
Start importing Assets/TripoModels/military_helicopter_3d_model/military_helicopter_3d_model.fbm/military_helicopter_3d_model_tripo_part_79_basecolor.jpg using Guid(42448b20722c36042871b73f2ed48dda) (TextureImporter) -> (artifact id: '8d2d32adeb111a0670a5e6000aae1ba0') in 0.1815598 seconds
Start importing Packages/com.unity.collab-proxy/Editor/Assets/Images/iconlabel.png using Guid(42540fa3b3cef1340bebdf077d0e2030) (TextureImporter) -> (artifact id: '6bf2f3e067932472badd845dfe4375b6') in 0.0708154 seconds
Start importing Assets/Volklight/BTR/BIRP/Textures/Parts1_Base_color.png using Guid(42a768f3e9964cc48b8a7ad0b7aa38f1) (TextureImporter) -> (artifact id: 'c7c4fae56475a5047ba08db71d884e0c') in 0.259083 seconds
Start importing Packages/com.unity.postprocessing/PostProcessing/Textures/SpectralLUTs/SpectralLut_PurpleGreen.tga using Guid(42183971d24cfe443a346e7ec6e83bbb) (TextureImporter) -> (artifact id: 'd00f4d9959eebc7446fb451959b4414d') in 0.1100163 seconds
Start importing Packages/com.unity.render-pipelines.core/Editor/Lighting/Icons/LightUnitIcons/BlueSky@2x.png using Guid(42382485181c7b4429560828f54a2bae) (TextureImporter) -> (artifact id: '95b843d853fc26ae1ee7b6713f0a1ef6') in 0.1207627 seconds
Start importing Assets/textura/Camouflage Texture Pack/2K/Base_color/Camouflage_Seigaiha_Camo_2K_Base.png using Guid(4268b642e8277de48a11ffe58e0f71c4) (TextureImporter) -> (artifact id: '33ac8aabe68a62f3224068807c80c68e') in 0.4574322 seconds
Start importing Assets/Prefabs/Soldado_Rifle/50centbots-lloyd-banks/source/LloydBanks/LloydBanks/Banks2DeepEye_AlphasBanks2DeepEye_Alphas.png using Guid(427870dbed0e6aa4daaa72510db9eefe) (TextureImporter) -> (artifact id: 'fb1d5414191c2af5a6bad8027546de45') in 0.0994312 seconds
Start importing Assets/efeitos/WarFX/Desktop/Textures/Bullet Holes/WFX_T_BulletHoles Metal.tga using Guid(42c82083dd1523e4cab9b42552bcddbb) (TextureImporter) -> (artifact id: '58a7623fda2e258b56c8658cbd5747f8') in 0.0529404 seconds
Start importing Packages/com.unity.render-pipelines.universal/Editor/SceneTemplates/Standard/ReflectionProbe-0.exr using Guid(42c8d975867dbb34299217c9b3a62677) (TextureImporter)Starting cubemap convolution for '' (size 128)
...took 0.234 seconds
 -> (artifact id: '524ce19634626524c7c6d6646ad835c3') in 0.6081592 seconds
Start importing Packages/com.unity.collab-proxy/Editor/Assets/Images/iconbranch@2x.png using Guid(425970578f3342a43b40545d1ac8a25d) (TextureImporter) -> (artifact id: 'e9f9a2553d00f3b6f3d5727d2d7620bb') in 0.0409625 seconds
Start importing Packages/com.unity.terrain-tools/Editor/Icons/TerrainOverlays/d_Noise.png using Guid(4289bf3bff475074186737f15764cfc2) (TextureImporter) -> (artifact id: 'eb5e452a29407d256117ebdbefd06e48') in 0.0258196 seconds
Start importing Assets/Volklight/BTR/HDRP/Textures/BTR_Base_Normal.png using Guid(422b7bf47d6d2774d8845a641a51a3e7) (TextureImporter) -> (artifact id: 'aa59873bc1256ad1f203ce115e8680e8') in 0.3038939 seconds
Start importing Packages/com.unity.inputsystem/InputSystem/Editor/Icons/d_Orientation@3x.png using Guid(424bff4d3ea64400e9b384cb8bebfb96) (TextureImporter) -> (artifact id: 'f644c7f3f31d735ffcfe43d89fe8a67d') in 0.0335547 seconds
Start importing Packages/com.unity.2d.tilemap/Editor/Icons/Tilemap.GridPaint@2x.png using Guid(42fb19d14e266e4409770bbcdbc6a1e5) (TextureImporter) -> (artifact id: 'ead8ee4bb4c5b3a7402b29a2f51eb0af') in 0.0328389 seconds
Start importing Assets/SolarPanel/Assets/Scenes/DemoScene/ReflectionProbe-0.exr using Guid(42ed5c6a2f86081448e5a23cc9d06285) (TextureImporter)Starting cubemap convolution for '' (size 128)
...took 0.204 seconds
 -> (artifact id: 'f363d0bb627dc04735968705f37d3a66') in 0.581291 seconds
Start importing Assets/textura/Camouflage Texture Pack/2K/Urban_color/Seed_1/Camouflage_Polygon_Pattern_1_2K_UB.png using Guid(422e45abd250742428f8e49f1aa4e04f) (TextureImporter) -> (artifact id: '29f04c4a71b4a69a89d7068052fae13a') in 0.3671031 seconds
Start importing Packages/com.unity.ai.navigation/EditorResources/d_NavigationWindowIcon.png using Guid(425f55e9ef81a5e48b87c5d6b1bbf35c) (TextureImporter) -> (artifact id: '2403c8e6f8343c125427ef585d530482') in 0.0299069 seconds
Start importing Assets/Free Island Collection/Environment/Terrain/Textures/Sand/Sand_Diffuse.tif using Guid(42df4504925e3c6428d6c62cdba23147) (TextureImporter) -> (artifact id: '0ba049c5835f1f21f8e383055a9fa3ec') in 0.23165 seconds
Start importing Assets/textura/Camouflage Texture Pack/128x128 (PSX)/Desert_color/Seed_1/Camouflage_Net_Pattern_1_128_DS.png using Guid(52a1db16053929649b99b8f6974b6d9f) (TextureImporter) -> (artifact id: '166043ed96f375b39b6a6a9beb274cd6') in 0.0383385 seconds
Start importing Assets/textura/Camouflage Texture Pack/2K/Woodlands_Color/Seed_1/Camouflage_Dotty_Pattern_1_2K_WL.png using Guid(52b118066a27ce94d80f76f973e759f8) (TextureImporter) -> (artifact id: 'bcafb9b600d2db235112a90b329f34c8') in 0.4412316 seconds
Start importing Packages/com.unity.visualscripting/Editor/VisualScripting.Shared/EditorAssetResources/SplitButtonArrow.png using Guid(52236e1d9300f4f718999db6c872a5d8) (TextureImporter) -> (artifact id: 'fd674eeb2e9e13c3b6cd3f3909cc56f7') in 0.0271693 seconds
Start importing Packages/com.unity.render-pipelines.core/Editor/LookDev/Icons/Camera1@2x.png using Guid(52b3ad4181ffbec4cad6eb26d07127f6) (TextureImporter) -> (artifact id: '0ba943bc3ea1e8e80dddf73e5c2a38a1') in 0.042506 seconds
Start importing Assets/SolarPanel/Assets/Textures/StructureMetal/StructureMetalMetallic.png using Guid(52d3abc8c81688b4a9d0ba317895b1d0) (TextureImporter) -> (artifact id: 'e026a2efab8fc4f7e2d3faddbe459366') in 0.0649651 seconds
Start importing Packages/com.unity.timeline/Editor/StyleSheets/Images/Icons/TrackMuteButtonDisabled.png using Guid(5216b1b48296ef345ad2d2ec43105bf0) (TextureImporter) -> (artifact id: '0b5b48959cca0ac1039a24d69d026962') in 0.0254423 seconds
Start importing Assets/SUIMONO - WATER SYSTEM 2/TEXTURES/tex_diffuse.psd using Guid(52d7ec4473bede644b98c342d0bbac4f) (TextureImporter) -> (artifact id: '68e1294d4563ad8a8028bb1cbfccdf94') in 0.2542675 seconds
Start importing Assets/Gwangju_3D asset/Common_Assets/Bg_Preset/SkyColor.png using Guid(5278d7860f6cb6744a17aba626e6ddfe) (TextureImporter) -> (artifact id: '0a6c8f1190bb582d829b085424292956') in 0.6416516 seconds
Start importing Packages/com.unity.collab-proxy/Editor/Assets/Images/iconignoredoverlay.png using Guid(52a825037e457964f9c91a99d4522f14) (TextureImporter) -> (artifact id: '8a1a9f4ff4a5fa77ffaf7ce13c966b54') in 0.0204622 seconds
Start importing Assets/Gwangju_3D asset/Common_Assets/Bg_Preset/Ground.png using Guid(526aac580bc98d944883b3ff0e894d54) (TextureImporter) -> (artifact id: '2813a4bbb574b9ef497b95d37fac65c7') in 0.4782962 seconds
Start importing Assets/textura/Camouflage Texture Pack/128x128 (PSX)/Woodlands_color/Seed_1/Camouflage_Dotty_Pattern_1_128_WL.png using Guid(528ca434ae7e0d24a82d57f7a0089278) (TextureImporter) -> (artifact id: 'c5eea3e96b463ef08cf8dcc0ec137eca') in 0.0411962 seconds
Start importing Packages/com.unity.render-pipelines.core/Editor/Lighting/Icons/LightUnitIcons/Fluorescent.png using Guid(52dd14d6fa6ca2d46b942c8289a898eb) (TextureImporter) -> (artifact id: '1f54d6200eec05316991c036472a7456') in 0.0408398 seconds
Start importing Packages/com.unity.timeline/Editor/StyleSheets/Images/Icons/d_TrackLockButtonDisabled.png using Guid(52ee3ba2abc3da14a95cdf64d32ae0ae) (TextureImporter) -> (artifact id: '0045b6d41fcaf8d69c4ea9f64c5a8cc8') in 0.0223069 seconds
Start importing Assets/MarpaStudio/Textures/SideDoor_Height.png using Guid(52ef4e2ce90830b41b8d7143bf0aef51) (TextureImporter) -> (artifact id: 'c3806be135aca08f615e86bfc1031965') in 0.2156782 seconds
Start importing Assets/RPG_FPS_game_assets_industrial/Textures/Concrete_wall/UNIConcrete_walls/UNIConcrete_wall_v1/UNIConcrete_wall_v1.tga using Guid(6200c2173b59a4040b82202cdbc218f1) (TextureImporter) -> (artifact id: '64b8a260f00b4d25cefa8f3a04e9299c') in 0.0663319 seconds
Start importing Assets/animacao click/HSFiles/Textures/MarkersAtlas1.png using Guid(6241b95523200104a8140bba9dbc742c) (TextureImporter) -> (artifact id: '5397dcfa0ae424643c87cf540e1f50c1') in 0.4128647 seconds
Start importing Assets/CartoonMilitaryModelPack/Textures/Building_Texture/GuardPoint_03_Texture.png using Guid(62132b45771b44e40baf6036af73cec8) (TextureImporter) -> (artifact id: '9d4859a10c37bdcd6be33925acacb851') in 0.5930007 seconds
Start importing Packages/com.unity.inputsystem/InputSystem/Editor/Icons/Stick.png using Guid(6234dae5cf6f04acb9a51e04d448e444) (TextureImporter) -> (artifact id: 'c9bef02e25a4a555691f2a1dcfdd1bf0') in 0.2102026 seconds
Start importing Assets/SUIMONO - WATER SYSTEM 2/EFFECTS/tex_splash_ring_mask2.psd using Guid(623538f7f3a361a458f990578dd32787) (TextureImporter) -> (artifact id: '048e64163ee0edabf478d984fef37579') in 0.2389666 seconds
Start importing Assets/textura/Camouflage Texture Pack/256x256 (PSX)/Base_color/Camouflage_Strichtarn_Dark_PSX_Base.png using Guid(62a516cdd22ad794fb1e12bda5b2cf8e) (TextureImporter) -> (artifact id: '07c35ff775a8aa817f48ab76193c484a') in 0.0364545 seconds
Start importing Assets/textura/Camouflage Texture Pack/1K/Woodlands_Color/Seed_2/Camouflage_Noodles_Pattern_2_1K_WL.png using Guid(6266a76ca1d31a44287deeab354456a5) (TextureImporter) -> (artifact id: 'aa985084654d1c7561bf011acfd2184e') in 0.1384353 seconds
Start importing Assets/MarpaStudio/Textures/WoodPartHorseStableSide_Metallic.png using Guid(6257357a98976da43b30d50dd2b0a05c) (TextureImporter) -> (artifact id: 'ec80960d9ecacbb3b1af10612ca2549f') in 0.4685364 seconds
Start importing Packages/com.unity.inputsystem/InputSystem/Editor/Icons/d_Axis@3x.png using Guid(62c846073cb844a2b926e4bbd3189647) (TextureImporter) -> (artifact id: 'dacfa7940443b3e631f94affd9137aad') in 0.0349109 seconds
Start importing Packages/com.unity.inputsystem/InputSystem/Editor/Icons/Orientation@2x.png using Guid(62f8dda50382d487597224e197cbd34f) (TextureImporter) -> (artifact id: '49a0739caf883ea829a9e1dedcf133f8') in 0.0506373 seconds
Start importing Assets/textura/Camouflage Texture Pack/2K/Woodlands_Color/Seed_1/Camouflage_Polygon_Pattern_1_2K_WL.png using Guid(62b975ac853505848b2965f0296c9d99) (TextureImporter) -> (artifact id: '684fb3559252009a49d7c6e560bfcbd3') in 0.6741094 seconds
Start importing Assets/russian_buildings/textures/rus_build_LOD_02.png using Guid(62da88ce44d49764b91100a52cc54548) (TextureImporter) -> (artifact id: '4bb5e946685208ce59a99eada2363f02') in 0.1419856 seconds
Start importing Packages/com.unity.collab-proxy/Editor/Assets/Images/d_icondeletedremote@2x.png using Guid(626b9cddb29049e4cac50cd87b419945) (TextureImporter) -> (artifact id: '085215e0736bba76752ec8851b60b937') in 0.0286294 seconds
Start importing Assets/MarpaStudio/Textures/Shed_Albedo.png using Guid(620ed8b157f91fe45a305872b2e7b8c9) (TextureImporter) -> (artifact id: '122f775f8367f18f3c20dc28b384457d') in 0.4997058 seconds
Start importing Assets/TerrainSampleAssets/Textures/Heightmaps/Plateau01_Heightmap.tif using Guid(626e11c44313fda43a6979c9a04cd12e) (TextureImporter) -> (artifact id: '5520513f8d765648e8faaca4e86cf066') in 0.1251511 seconds
Start importing Packages/com.unity.inputsystem/InputSystem/Editor/Icons/InputControl@2x.png using Guid(62ce957ca99fe4fcba573a5b141eb113) (TextureImporter) -> (artifact id: '0b49510ae73906d7b097ff9d0576f7e8') in 0.0315764 seconds
Start importing Assets/Volklight/BTR/HDRP/Textures/BTR_Parts1_BaseMap.png using Guid(7220b9eaa2de7f044bb9f4581e4882a6) (TextureImporter) -> (artifact id: '790f3586a7fe027f1005eb5f3dbce51f') in 0.4352755 seconds
Start importing Assets/textura/Camouflage Texture Pack/1K/Desert_color/Seed_1/Camouflage_Polygon_Pattern_1_1K_DS.png using Guid(7260beeefe23c2a4faf754545889abf1) (TextureImporter) -> (artifact id: '6a44391249eb93e1b3424812766a2b43') in 0.1534995 seconds
Start importing Assets/Mar_Feito/Models/NCGC_VAKTA/Materials/safety/safety_diff.tga using Guid(72b0c0d534147b646b38c5e73e050b6d) (TextureImporter) -> (artifact id: '2562a76d8ad84ef159398f6e475dccc6') in 0.1161572 seconds
Start importing Packages/com.unity.2d.tilemap/Editor/Icons/d_Grid.RotateACW@2x.png using Guid(72124a67bbace794fa38534a24d23cee) (TextureImporter) -> (artifact id: 'f6e6a9a095be6abec3fe7faa08fae81d') in 0.0485164 seconds
Start importing Packages/com.unity.2d.tilemap/Editor/Icons/Tilemap.EditPalette@4x.png using Guid(72a3c6132d5e2ae48a1df56cfebbc7c2) (TextureImporter) -> (artifact id: '07aecb69b4a18bd1831b0c8955851ee9') in 0.0467739 seconds
Start importing Assets/textura/Camouflage Texture Pack/256x256 (PSX)/Woodlands_color/Seed_3/Camouflage_Cells_Small_Pattern_3_PSX_WL.png using Guid(72c4e2175c78ce14b955296b84c93b82) (TextureImporter) -> (artifact id: '5bc1895a65a3386700d2f5b99ae056fa') in 0.0474949 seconds
Start importing Packages/com.unity.terrain-tools/Editor/Icons/TerrainOverlays/HydraulicErosion@2x.png using Guid(72a714af471724f6da8e26bf9721c314) (TextureImporter) -> (artifact id: '07d9041047ec2d422d28467aabdcb37a') in 0.0303284 seconds
Start importing Packages/com.unity.terrain-tools/Editor/Icons/TerrainOverlays/BrushSettingIcons/Rotation@2x.png using Guid(72b8936fe6beb4c389a3370615996a00) (TextureImporter) -> (artifact id: 'd1511e34678df7142a6f77fba95329d3') in 0.0378053 seconds
Start importing Assets/HQ Hangar Free/Scene/ExampleScene/Lightmap-31_comp_light.exr using Guid(72f8157ff2b96764485a704a78a13cfb) (TextureImporter) -> (artifact id: 'a204a2f1e92eef1b4b1f7738e5a6fff8') in 0.4761933 seconds
Start importing Assets/textura/Camouflage Texture Pack/1K/Desert_color/Seed_3/Camouflage_Polygon_Pattern_3_1K_DS.png using Guid(7229a0ab9ec01b64186ba01ca56fb80a) (TextureImporter) -> (artifact id: '14f7e8cd162fe4ffc315b2c11c231fba') in 0.1704188 seconds
Start importing Assets/TutorialInfo/Icons/URP.png using Guid(727a75301c3d24613a3ebcec4a24c2c8) (TextureImporter) -> (artifact id: '56113db4194eeaa92f3e6e0f1e847513') in 0.186495 seconds
Start importing Packages/com.unity.postprocessing/PostProcessing/Textures/BlueNoise64px/LDR_LLL1_19.png using Guid(729a3ae164bcb3b4380459386adcf331) (TextureImporter) -> (artifact id: '010041502155c262cb3e8c2ca9902b0d') in 0.0383234 seconds
Start importing Packages/com.unity.terrain-tools/Editor/Icons/TerrainOverlays/SharpenPeaks_On.png using Guid(72bab271b18e8484187a66a98ca86b1b) (TextureImporter) -> (artifact id: 'fd5114fbdbbbb7d824fbe2c7eb7fbd87') in 0.0447164 seconds
Start importing Assets/Prefabs/Imobiliario/medieval-castle/textures/RampartStone_normal.jpeg using Guid(725bc0156a75f464d979728c8a70c476) (TextureImporter) -> (artifact id: 'bb7aaf1de63975dc29c95f4c93245e2d') in 0.3103617 seconds
Start importing Assets/SUIMONO - WATER SYSTEM 2/RESOURCES/textures/gui_bgpresetNd.psd using Guid(725b91ee22efe3044888d60c4824bc56) (TextureImporter) -> (artifact id: 'c73a3d5d62d886d00695bc23a2cb9c4b') in 0.1370769 seconds
Start importing Assets/textura/Camouflage Texture Pack/128x128 (PSX)/Woodlands_color/Seed_1/Camouflage_Polygon_Pattern_1_128_WL.png using Guid(72cc3b5551c81a14b943cdf09493b8a6) (TextureImporter) -> (artifact id: '7a6f4f7c1c36c079df6760a6fb97f4a9') in 0.0345815 seconds
Start importing Assets/TripoModels/military_helicopter_3d_model/military_helicopter_3d_model.fbm/military_helicopter_3d_model_tripo_part_28_basecolor.jpg using Guid(728dd89ed484f07479dbe20b81be9beb) (TextureImporter) -> (artifact id: 'a387d0731a571dd1d00192e9b2402d96') in 0.0366234 seconds
Start importing Assets/Free Island Collection/Environment/Terrain/Textures/Dirt_1/Dirt_1_Diffuse.tif using Guid(721e0006ccd5ef64abea0e806ed8c207) (TextureImporter) -> (artifact id: '34e849531b9bb1f8b9db15d20446f3af') in 0.2790014 seconds
Start importing Assets/textura/Camouflage Texture Pack/256x256 (PSX)/Woodlands_color/Seed_5/Camouflage_Cells_Big_Pattern_5_PSX_WL.png using Guid(721f8f1b0fd900f4d8d40ff893f0df63) (TextureImporter) -> (artifact id: 'd95f254e2eec39c396cf168bf6f1e828') in 0.1824584 seconds
Start importing Assets/HQ Hangar Free/Scene/ExampleScene/Lightmap-12_comp_dir.png using Guid(725ff57a987040448b4566439356a97e) (TextureImporter) -> (artifact id: 'b26000720c87c9f2490723576b19ef95') in 0.3599302 seconds
Start importing Assets/imagem/Gemini_Generated_Image_ob9s4qob9s4qob9s-removebg-preview.png using Guid(8290ad84f65649842bdd19d391a6dcc0) (TextureImporter) -> (artifact id: 'ac999966e899cc9a016ca393ba9c45c4') in 0.086688 seconds
Start importing Packages/com.unity.render-pipelines.core/Editor/LookDev/Icons/Layout1@2x.png using Guid(8263f1f26524404498d51bfe0b819925) (TextureImporter) -> (artifact id: '1b97535cfd3feeb6f8c4bd19d8aed903') in 0.0300758 seconds
Start importing Assets/Soldado/models/Materials/demo_soldier_512.tga using Guid(8293059b819fbd34983493640ff4b930) (TextureImporter) -> (artifact id: 'e6d9e5af5f507d05c54111918c56c49f') in 0.1761173 seconds
Start importing Assets/textura/Camouflage Texture Pack/128x128 (PSX)/Urban_color/Seed_1/Camouflage_Woodlands_Classic_Pattern_1_128_UB.png using Guid(8244646995c1458499e9640e6c5f4d4d) (TextureImporter) -> (artifact id: '8fe75bcfd5c9b7b856f9441c120280b2') in 0.1590467 seconds
Start importing Packages/com.unity.render-pipelines.universal/Editor/2D/ShapeEditor/Resources/Path/pointSelected.png using Guid(826595754b0623345a972ceb7f0d16c5) (TextureImporter) -> (artifact id: 'd36e37c55a75022835767914d3cc3f57') in 0.1756945 seconds
Start importing Packages/com.unity.timeline/Editor/StyleSheets/Images/Shared/TimelineOutline.png using Guid(829511f8e35bf3a40be037a1050f801c) (TextureImporter) -> (artifact id: '516305bafd049fbbd54b4e06bc22c868') in 0.0346501 seconds
Start importing Packages/com.unity.shadergraph/Editor/Resources/Icons/sg_subgraph_icon_gray_light.png using Guid(82b6560ff26e58d48aa33e2869ad14e4) (TextureImporter) -> (artifact id: '29e4f963519632c9d610f2d4ba416766') in 0.0635713 seconds
Start importing Packages/com.unity.inputsystem/InputSystem/Editor/Icons/Touch@2x.png using Guid(82073a8bfd6b8488a89b8796d500d12d) (TextureImporter) -> (artifact id: '2f0274ab6e0341ffa0284eb3309bc21d') in 0.0210577 seconds
Start importing Packages/com.unity.2d.tilemap/Editor/Icons/d_Tilemap.ActiveTargetLayers@4x.png using Guid(82f78c36add1c2c4795c911a7abfb93e) (TextureImporter) -> (artifact id: '9d62ba1d4da5e34d84af6b12d338e1fb') in 0.1728323 seconds
Start importing Packages/com.unity.splines/Editor/Editor Resources/Icons/d_SplineEditMode-Info.png using Guid(8288e6110e30c49fe94fa5891135b64d) (TextureImporter) -> (artifact id: '6d27eecaadea33f883a3b30ca1eb5b7b') in 0.1676232 seconds
Start importing Packages/com.unity.collab-proxy/Editor/Assets/Images/d_iconhistory.png using Guid(8219bbb48767b46e7b1588dad7f021aa) (TextureImporter) -> (artifact id: 'eef816d0132b3274536bff73f88eec2b') in 0.0306056 seconds
Start importing Assets/imagem/marinha-removebg-preview.png using Guid(82ba5ad6af9b7e84693ab9795dc0add1) (TextureImporter) -> (artifact id: '4f443c273f77a3e743479e33e0b993b4') in 0.1715853 seconds
Start importing Assets/HQ Hangar Free/Scene/ExampleScene/Lightmap-41_comp_dir.png using Guid(82db31703e66fe7478ad0865142fa85d) (TextureImporter) -> (artifact id: 'da713864ebcb1b4772be1b51ec67a743') in 0.406463 seconds
Start importing Packages/com.unity.timeline/Editor/StyleSheets/Images/LightSkin/TimelineStartPlayback.png using Guid(824c4beb0ca6c934bbc7a26919302236) (TextureImporter) -> (artifact id: '2424fdfe1f570d942bc1eb6fcf64f306') in 0.1720777 seconds
Start importing Packages/com.unity.ugui/Editor Resources/Textures/btn_AlignJustified.psd using Guid(92027f7f8cfc4feaa477da0dc38d3d46) (TextureImporter) -> (artifact id: '8b4c1fabcc76b5f477452afbe8184a9c') in 0.0354809 seconds
Start importing Assets/Transport Helicopter/Textures/1K_Helicopter_TXTR.tif using Guid(92726ebb8d9600a418c7db0e58c13c1b) (TextureImporter) -> (artifact id: '54f1ff240180a45e0e9dccffc620009f') in 0.0810677 seconds
Start importing Packages/com.unity.collab-proxy/Editor/Assets/Images/d_icondeletedlocaloverlay@2x.png using Guid(92b204cca46037444ab18ba6701f86f7) (TextureImporter) -> (artifact id: '9d61c4329a95f1404d3a2bd41b21979a') in 0.0286971 seconds
Start importing Packages/com.unity.render-pipelines.core/Editor/Icons/MipLevels/RenderPipelineResources@16.png using Guid(9204b01f48caab948aca3a4531851d40) (TextureImporter) -> (artifact id: '25dfa554f510138347fc8e93ec51f388') in 0.0395053 seconds
Start importing Packages/com.unity.collab-proxy/Editor/Assets/Images/d_iconshelve@2x.png using Guid(9264df9de832d7f4bb90a1d0c31d8343) (TextureImporter) -> (artifact id: '1f666e11b23b9049e106a4567b28e910') in 0.0355094 seconds
Start importing Packages/com.unity.ai.navigation/Gizmos/NavMeshLink Icon.png using Guid(92f4afa3e25264f5b964937ccea49ff2) (TextureImporter) -> (artifact id: '1d88ad7c72e9c15961e513d26af7c27f') in 0.1426076 seconds
Start importing Assets/Industrial_Zone_Modular_Pack/Textures/Ground_Textures/Ground_Mud/Ground_Mud.png using Guid(929515f1da795df47ad283c1967be2db) (TextureImporter) -> (artifact id: '7654c6d659721b78c474c1718b687074') in 0.3950659 seconds
Start importing Packages/com.unity.timeline/Editor/StyleSheets/Images/DarkSkin/TimelineAutokey.png using Guid(92b5e4310629b264dad0fb2cc196d818) (TextureImporter) -> (artifact id: '7acba06a55b6a711daa274ed6276636b') in 0.0293097 seconds
Start importing Assets/SUIMONO - WATER SYSTEM 2/RESOURCES/textures/gui_tex_suimonologo.png using Guid(92d5f61360b9b614b82018e23f352217) (TextureImporter) -> (artifact id: '6af905058df573b83018d1136f130d00') in 0.0334638 seconds
Start importing Packages/com.unity.ugui/Editor Resources/Textures/btn_AlignLeft.psd using Guid(9288066c33474b94b6ee5465f4df1cc0) (TextureImporter) -> (artifact id: '9e8b416e9a04d61f9ad56efaa2bf33db') in 0.1828874 seconds
Start importing Packages/com.unity.collab-proxy/Editor/Assets/Images/d_refresh.png using Guid(92b8c447daf4d4b41a0ec148d1091261) (TextureImporter) -> (artifact id: '023c84801c42952f7d7d5150f4b26828') in 0.0206177 seconds
Start importing Packages/com.unity.splines/Editor/Editor Resources/Icons/d_SplineEditMode-Info@2x.png using Guid(92d8b52044d794450a4f29aec979a34a) (TextureImporter) -> (artifact id: 'ff07cf6d15993b89e385543443cbf667') in 0.1602213 seconds
Start importing Packages/com.unity.terrain-tools/Editor/Icons/TerrainOverlays/d_HydraulicErosion@2x.png using Guid(92cc8bef2a14843d9b2565c99c78b76b) (TextureImporter) -> (artifact id: '68f6ad9f12aa920a8730823878d1faa8') in 0.019709 seconds
Start importing Assets/Resources/IconesGerados/Leonc1_Icon.png using Guid(92fddd2deec6a2542b697dba5685141a) (TextureImporter) -> (artifact id: '93b793fa0c74041c2079fb72d2f90cb2') in 0.3646909 seconds
Start importing Assets/MarpaStudio/Textures/BarnDoor_AO.png using Guid(92fd7f3521454e743859107e0c3dd56f) (TextureImporter) -> (artifact id: '999d4b007a2837365358844d9de2dd7a') in 0.1880561 seconds
Start importing Packages/com.unity.2d.tilemap/Editor/Icons/Tilemap.TilePalette@4x.png using Guid(920ecfdb532776b4cb32b37e5bd9e6ff) (TextureImporter) -> (artifact id: '128f7c5eba77c8d6ac7d59256b7751e2') in 0.0239533 seconds
Start importing Packages/com.unity.2d.tilemap/Editor/Icons/Tilemap.FocusGrid@2x.png using Guid(929e44994130ee644ac47965b289aec4) (TextureImporter) -> (artifact id: 'ceefc3008fd6ae57a46e16a9d5ffaca5') in 0.1694514 seconds
Start importing Assets/Free Island Collection/Environment/Skies/Sky.jpg using Guid(927f1165e7b6f7b49bf1f8dbf6ad7a9d) (TextureImporter) -> (artifact id: '883029e4487b5e2e3f7d53a6550a1f8b') in 0.4593363 seconds
Start importing Assets/SUIMONO - WATER SYSTEM 2/RESOURCES/textures/gui_bgpreset.psd using Guid(a2d12eca5afaf4b46942d6d6357a2695) (TextureImporter) -> (artifact id: 'd836add71fcdd64fb7b46d996ba77071') in 0.0529509 seconds
Start importing Assets/efeitos/WarFX/Desktop/Textures/Smoke/WFX_T_SmokeLoopAlpha.tga using Guid(a222b3d2c604e1946af11e01d29efdee) (TextureImporter) -> (artifact id: '0229cf8c6aa65b7e5507ced3f99500eb') in 0.0695316 seconds
Start importing Packages/com.unity.ai.navigation/EditorResources/Overlay/d_NavigationOverlay On@2x.png using Guid(a206ff0ddc681e642a2e62fc57a7d51c) (TextureImporter) -> (artifact id: '3318191c5c64a209972cf0912498d261') in 0.034751 seconds
Start importing Packages/com.unity.postprocessing/PostProcessing/Textures/LensDirt/LensDirt02.png using Guid(a2960ffde020f27409e070d92fb2e00b) (TextureImporter) -> (artifact id: '73de42ac60afd8c048a62a7be802d44d') in 0.4382809 seconds
Start importing Assets/Volklight/BTR/BIRP/Textures/Base_Metallic.png using Guid(a2e6a30c28b8e2749b79f83621f0f812) (TextureImporter) -> (artifact id: '20c6c165b8cd1e58b5096a2d167d0c88') in 0.2095846 seconds
Start importing Packages/com.unity.cinemachine/Editor/EditorResources/Icons/Dark/CmCamera@256.png using Guid(a297feea4ef24434e8c5465fdf835a77) (TextureImporter) -> (artifact id: '3d265ef692a9cdcfcf9e8cb8b404d397') in 0.0480573 seconds
Start importing Assets/escadas/LN3D_Modular_CatWalk/Free_Part/Textures_Materials/LN3D_Modular_CatWalk_HRDPMask.png using Guid(a2082979c292c9249b3f0f35f44c9c24) (TextureImporter) -> (artifact id: '1794c20914bca0adde1eee172cf00810') in 1.1768864 seconds
Start importing Assets/SolarPanel/Assets/Textures/RailsMetal/RailMetalMetallic.png using Guid(a218a7d2701e43f418fce8198198e016) (TextureImporter) -> (artifact id: '60ba95f7187248df5d32912b569ed821') in 0.0817875 seconds
Start importing Assets/textura/Camouflage Texture Pack/2K/Woodlands_Color/Seed_3/Camouflage_Cells_Big_Pattern_3_2K_WL.png using Guid(a239c425050dc0848b3f8c2cd2f19180) (TextureImporter) -> (artifact id: '9ffd41ac54b7887df24927b2b396f1de') in 0.3964288 seconds
Start importing Assets/textura/Camouflage Texture Pack/1K/Base_color/Camouflage_Woodlands_Pattern_1K_Base.png using Guid(a2d918a2458a15e41acf3c2de40fc6d9) (TextureImporter) -> (artifact id: '6dcf1962d82895e1df8fd401b258bf42') in 0.0966241 seconds
Start importing Assets/MarpaStudio/Textures/SidePillarsInside_Albedo.png using Guid(a2bbc61861d82a44cadb6f7bb2109caa) (TextureImporter) -> (artifact id: 'e0e809c42935f9b87bf01f3728330f4e') in 0.2432595 seconds
Start importing Packages/com.unity.render-pipelines.core/Editor/Lighting/Icons/LightUnitIcons/d_IntenseAreaLight.png using Guid(a20ce10a62e5d924a84f1a723e96c07e) (TextureImporter) -> (artifact id: '0c05f5871912670ea9e4810eeee6f929') in 0.0965581 seconds
Start importing Packages/com.unity.render-pipelines.universal/Textures/BlueNoise16/L/LDR_LLL1_24.png using Guid(a2ec5cbf5a9b64345ad3fab0912ddf7b) (TextureImporter) -> (artifact id: '0037e8ab43884ba27fc39828e487960e') in 0.0123402 seconds
Start importing Assets/ZIL130_MilitaryTruck/Scenes/SampleScene/ReflectionProbe-0.exr using Guid(a28d7da4fb876b245a42e8841e3868f3) (TextureImporter)Starting cubemap convolution for '' (size 128)
...took 0.209 seconds
 -> (artifact id: '912e96183e6a167204c00123c132494a') in 0.6488858 seconds
Start importing Assets/TripoModels/military_helicopter_3d_model/military_helicopter_3d_model.fbm/military_helicopter_3d_model_tripo_part_29_basecolor.jpg using Guid(b241e5c3888115949a33d29b9525b809) (TextureImporter) -> (artifact id: '5fdf34f18e35f1476ee62d6b3ea707c3') in 0.0189723 seconds
Start importing Assets/efeitos/WarFX/Desktop/Textures/Misc/WFX_T_Debris Generic.tga using Guid(b23528b172bf0ab459d12b978186714c) (TextureImporter) -> (artifact id: '3e221c76af7d360c28f959488b985083') in 0.1714595 seconds
Start importing Packages/com.unity.postprocessing/PostProcessing/Textures/BlueNoise64px/LDR_LLL1_42.png using Guid(b266511438fae724f9d3ce6bd26583e8) (TextureImporter) -> (artifact id: '170ce53ed130b7df0ebde71db0ce1b3b') in 0.169685 seconds
Start importing Assets/textura/Camouflage Texture Pack/256x256 (PSX)/Desert_color/Seed_3/Camouflage_Dotty_Pattern_3_PSX_DS.png using Guid(b288d9019cc38754a8dd0d73735ab992) (TextureImporter) -> (artifact id: '1292d130100894ec21817cc16c643e73') in 0.1981271 seconds
Start importing Assets/Prefabs/Veiculos/Hack/Gemini_Generated_Image_iakpgziakpgziakp.png using Guid(b298b52d16ab5824b8666d908b1a7a26) (TextureImporter) -> (artifact id: '4c8ff8bf942773bf03037d28bfac7f35') in 0.1003071 seconds
Start importing Packages/com.unity.terrain-tools/Editor/Icons/TerrainOverlays/PaintMaterials_On@2x.png using Guid(b289d1a80984843df829bb5761a71484) (TextureImporter) -> (artifact id: '44ba8817e4c025b862ea573f8b72fd7c') in 0.0191684 seconds
Start importing Assets/EasyRoads3D/textures/editor/m_settings.png using Guid(b2f9adc22d0fa0647880b18b89bf0872) (TextureImporter) -> (artifact id: '6051204ef7b005a30f471412e7efe6d9') in 0.1648553 seconds
Start importing Assets/ZIL130_MilitaryTruck/Textures/Cover_MR.png using Guid(b2aae438349e9be45b961986b2580f8f) (TextureImporter) -> (artifact id: 'c84dc921d9a42e799aeb67781119172e') in 0.1989285 seconds
Start importing Assets/CartoonMilitaryModelPack/Textures/Bomber_Texture/Bomber_02_Texture.png using Guid(b27e2e16bdae74a0694e56ef89b65e69) (TextureImporter) -> (artifact id: '67d28ffb81c7fae59c63629e41534a15') in 0.6682331 seconds
Start importing Assets/homing missile/Textures/SmokePuff04Normal.tif using Guid(c2f0459b511f6c347b81027695708301) (TextureImporter) -> (artifact id: '747f8d1f259976d03e643c945fd64028') in 0.2147782 seconds
Start importing Assets/textura/Camouflage Texture Pack/2K/Desert_color/Seed_1/Camouflage_Dotty_Pattern_1_2K_DS.png using Guid(c231afa0dd980184c99e75abd1adedbb) (TextureImporter) -> (artifact id: '38bb4e7ab97911801c74fa696ab6ef17') in 0.4942819 seconds
Start importing Packages/com.unity.terrain-tools/Editor/Icons/TerrainOverlays/d_Holes_On.png using Guid(c271c929a6191404d802914042cf0621) (TextureImporter) -> (artifact id: '9ad44ee4c2ea9cca5427d46d1fcff747') in 0.0248822 seconds
Start importing Packages/com.unity.timeline/Editor/StyleSheets/Images/DarkSkin/TimelineEndPlayback.png using Guid(c285802d9d414814fad592b90b223f15) (TextureImporter) -> (artifact id: 'e316b6e549d60334249eb5a5cdc18cc5') in 0.0233025 seconds
Start importing Packages/com.unity.timeline/Editor/StyleSheets/Images/Icons/d_TrackAvatarButtonEnabled.png using Guid(c207dcd389fb689489f5266468cd4609) (TextureImporter) -> (artifact id: '88d5be39fdb6180b29c9e171f050c04a') in 0.0245086 seconds
Start importing Packages/com.unity.ugui/Editor Resources/Textures/btn_AlignMidLine.psd using Guid(c2f7f6a88b4c4f20a53deb72f3d9144c) (TextureImporter) -> (artifact id: 'e6de51be5d8c7f87ae13a1f9891cb198') in 0.1667419 seconds
Start importing Assets/textura/Camouflage Texture Pack/1K/Urban_color/Seed_1/Camouflage_Cells_Big_Pattern_1_1K_UB.png using Guid(c258d20cc717ca64db69b3afca06379e) (TextureImporter) -> (artifact id: '91c9c952dc79e5f16dbde3d9e0937d8a') in 0.1885504 seconds
Start importing Packages/com.unity.inputsystem/InputSystem/Editor/Icons/Joystick.png using Guid(c28849deb3e3b45c98965e7efd26f7be) (TextureImporter) -> (artifact id: 'd27ee67584d7b837ca57f5c667108575') in 0.1497171 seconds
Start importing Packages/com.unity.terrain-tools/Editor/Icons/TerrainOverlays/SetHeight@2x.png using Guid(c229582cabd614314a7c4bed1ed1c7ba) (TextureImporter) -> (artifact id: '5d4a2ccda8ee9c990fa8e3fcf305c285') in 0.0245799 seconds
Start importing Assets/MarpaStudio/Textures/Shovel_Normal.png using Guid(c23aa4a1bd2b9e940ae0b6819f267497) (TextureImporter) -> (artifact id: 'df5b03058033b998f5a76e1b02b925f5') in 0.1936365 seconds
Start importing Assets/Prefabs/Navios_Guerra/Nav_San/Gemini_Generated_Image_nuahwwnuahwwnuah.png using Guid(c2fa6dcba72e79f42b8943a974f7eede) (TextureImporter) -> (artifact id: '7f7410c0a401abaf34ff7d7e7c61f5e6') in 0.3331528 seconds
Start importing Assets/SUIMONO - WATER SYSTEM 2/TEXTURES/suimono_cube_reflection.psd using Guid(c27d2f9a7fe1df7448a59cd7e8306390) (TextureImporter) -> (artifact id: '58fc52a7acd6777c4dcd98e7b66f109d') in 0.3616984 seconds
Start importing Assets/textura/Camouflage Texture Pack/256x256 (PSX)/Desert_color/Seed_2/Camouflage_Tiger_Pattern_2_PSX_DS.png using Guid(c2ff18e7e9f1ed44d8c594921b5a716d) (TextureImporter) -> (artifact id: 'afce1133b9a33209615b7daaa1a38a9f') in 0.025257 seconds
Start importing Assets/textura/Camouflage Texture Pack/256x256 (PSX)/Base_color/Camouflage_Woody_Desert_PSX_Base.png using Guid(d2d1a5d29ea827c4eaaefb479dd5cc9c) (TextureImporter) -> (artifact id: 'b29cc40e5a6449b1a1a4ba877149c8f3') in 0.0278024 seconds
Start importing Assets/Prefabs/Soldado_Rifle/50centbots-lloyd-banks/source/LloydBanks/LloydBanks/ExampleDeepEye_Diffuse.png using Guid(d23216461c3d2ea448dee0013b7772db) (TextureImporter) -> (artifact id: '1890ff9929350f54145e12247007a1f1') in 0.1540191 seconds
Start importing Packages/com.unity.render-pipelines.core/Editor/Icons/RenderGraphViewer/d_Refresh@2x.png using Guid(d285b5fd5692f2546884cd28a928e1da) (TextureImporter) -> (artifact id: '22f0436b602dd94b49d5d8847cb9c8b6') in 0.1565459 seconds
Start importing Assets/Industrial_Zone_Modular_Pack/Textures/Props/Road_Blockers/Road_Blockers_2_Metal_Smooth.png using Guid(d2063cf64540b9f42b5501cf1645e9a8) (TextureImporter) -> (artifact id: '1e233659ce6551d71401d543ca93725a') in 0.3362462 seconds
Start importing Assets/Gizmos/gui_icon_shore.psd using Guid(d2561a751f4555940b282caad528d534) (TextureImporter) -> (artifact id: 'fe2e97c0b0f96bc2323a640facc64da6') in 0.0315148 seconds
Start importing Assets/TerrainSampleAssets/Textures/Heightmaps/Flat_Mountain01_Heightmap.tif using Guid(d2a704d1b2d8ad948aab36a028a684b5) (TextureImporter) -> (artifact id: 'f4350b01cfba580da8e7bd7b8179c3fe') in 0.1497796 seconds
Start importing Assets/textura/Camouflage Texture Pack/1K/Base_color/Camouflage_Pixel_Urban_1K_Base.png using Guid(d2b82906efa278e43b865b52eba0990d) (TextureImporter) -> (artifact id: 'e98daa81fe2dd2dff7fa1a44c322eb75') in 0.253918 seconds
Start importing Packages/com.unity.postprocessing/PostProcessing/Textures/BlueNoise64px/LDR_LLL1_52.png using Guid(d2e8e90fac2e6a341a38e1c3963c218d) (TextureImporter) -> (artifact id: 'b5182299772ed50f9a0ca7c008154f72') in 0.0170176 seconds
Start importing Assets/textura/Camouflage Texture Pack/256x256 (PSX)/Woodlands_color/Seed_4/Camouflage_Tiger_Vertical_Dotty_Pattern_4_PSX_WL.png using Guid(d2293a14d808cb840bdd6b47e2d8bbec) (TextureImporter) -> (artifact id: 'a160c81fe21573f5af72fd0d65e1b3f5') in 0.0271168 seconds
Start importing Assets/Prefabs/Imobiliario/medieval-castle/source/CastleTexture 2/CastleTexture/Envoirement_02_baseColor.jpg using Guid(d2ac38236387e2942b8e10e5d854db23) (TextureImporter) -> (artifact id: '5d52f7068ddce10987280aaf5de8918c') in 0.2401398 seconds
Start importing Packages/com.unity.collab-proxy/Editor/Assets/Images/buttonssosigninemail.png using Guid(d24e7e0b75e1a244bb9687d6fd4315ef) (TextureImporter) -> (artifact id: 'b90561c95b99c1e15f35589c44534567') in 0.0204307 seconds
Start importing Assets/MarpaStudio/Textures/OutHouseBase__Height.png using Guid(d25e1ff96b273494bae3650426aa86c3) (TextureImporter) -> (artifact id: '2d918a1ff9a020e49a03917a9c5cdd36') in 0.168962 seconds
Start importing Packages/com.unity.terrain-tools/Editor/Icons/TerrainOverlays/Terrace@2x.png using Guid(d29e141ed5df14d66b056e8965a79592) (TextureImporter) -> (artifact id: 'efcc31f4e8dd8d51ff998c5a4bbd6e49') in 0.0252844 seconds
Start importing Assets/efeitos/WarFX/Desktop/Textures/Misc/WFX_T_SmallDots Inversed A8.png using Guid(e251f05fa450bea41a476b69cf75cec0) (TextureImporter) -> (artifact id: '6faf90df5802871d23a652ed74231f55') in 0.1447546 seconds
Start importing Assets/textura/Camouflage Texture Pack/1K/Desert_color/Seed_2/Camouflage_Noodles_Pattern_2_1K_DS.png using Guid(e24355c62780baf45babe38d593784be) (TextureImporter) -> (artifact id: '9d144fda89d0fe5e1b3712aaffca7931') in 0.2024795 seconds
Start importing Assets/Industrial_Zone_Modular_Pack/Textures/Hangar_Rounded/Hangar_Rounded_Facewall_Metal_Smooth.png using Guid(e2f302fd52d931a4097e5847b98cefcd) (TextureImporter) -> (artifact id: '706d39448b213a9377e3196bd6483672') in 0.2088328 seconds
Start importing Assets/CartoonMilitaryModelPack/Textures/WarShip_Texture/BattleShip_01_Texture.png using Guid(e2a509252d01e1e4cae5b45c65fddc81) (TextureImporter) -> (artifact id: 'b9429dfd614196177ec8ddbc73806d64') in 1.3934369 seconds
Start importing Packages/com.unity.collab-proxy/Editor/Assets/Images/d_ArrowCaretLeft.png using Guid(e2c5ee46f6b0148afbe40d935c70faee) (TextureImporter) -> (artifact id: '7674bb8f01a6c74c510f9f77d24c4c01') in 0.1593398 seconds
Start importing Packages/com.unity.inputsystem/InputSystem/Editor/Icons/d_InputControl@4x.png using Guid(e2078613efd9e410c8771cbd2717f4e7) (TextureImporter) -> (artifact id: '6c1f6d77688ec05626d663f798cbce55') in 0.0327493 seconds
Start importing Assets/Polyeler/Simple Aircraft Pack/Materials/Aircraft/Textures/Tex2_illumination.png using Guid(e23788ba5edc9564094f91dea2f3e6f2) (TextureImporter) -> (artifact id: '26f5989730c6668ff08d640c68c81cd5') in 0.1900167 seconds
Start importing Assets/TerrainSampleAssets/Textures/Terrain/Soil_Rocks_BaseColor.tif using Guid(e257fa53a087b404d8579225e1c7cddb) (TextureImporter) -> (artifact id: '7ae6491cad7daefd389c31882a3a4e49') in 0.5328542 seconds
Start importing Assets/MarpaStudio/Textures/FoodTrough_Albedo.png using Guid(e219bbd08ec5c84478a648dffe23ee94) (TextureImporter) -> (artifact id: '86aaa68715e12d77a5d362c0c8b18870') in 0.2623604 seconds
Start importing Assets/SUIMONO - WATER SYSTEM 2/TEXTURES/_CausticTextures/save.09.psd using Guid(e299d7635dea1d6448734bdb4105df86) (TextureImporter) -> (artifact id: '2c410a40d89f7dfe82dd3b3c6d2e8711') in 0.056318 seconds
Start importing Assets/MarpaStudio/Textures/WoodPartHorseStableBack_Normal.png using Guid(e2da9825311b75e439ec286940169b0d) (TextureImporter) -> (artifact id: '4b42bc4140610d9ff66b2a8a17690807') in 0.2532557 seconds
Start importing Packages/com.unity.collab-proxy/Editor/Assets/Images/d_iconmovedoverlay@2x.png using Guid(e27bb56b83f03421880673ee2b951102) (TextureImporter) -> (artifact id: 'ab2ffe79f992400a3417ee95e18fa661') in 0.0255008 seconds
Start importing Assets/textura/Camouflage Texture Pack/256x256 (PSX)/Woodlands_color/Seed_5/Camouflage_DBDU_Pattern_5_PSX_WL.png using Guid(e23cd26fef7721c43952ddb4fc7d0af9) (TextureImporter) -> (artifact id: '989d969ebc2fef21a5e1426305023fdf') in 0.0435287 seconds
Start importing Assets/AllSkyFree/Cartoon Base NightSky/Cartoon Base NightSky_Cam_5_Down-Y.png using Guid(e23c4e30896d34af5beb066fcf2790c7) (TextureImporter) -> (artifact id: 'c20e41f62efa5eafd6e854c2a764193f') in 3.5580293 seconds
Start importing Assets/Industrial_Zone_Modular_Pack/Textures/Props/Advert_Panels/Advert_Panel_Small_Curved_1.png using Guid(e23d98f43843a704cb265e58e83b43dd) (TextureImporter) -> (artifact id: '67271bfc3ee0c322a50fcf29a2bfe6fa') in 0.3582084 seconds
Start importing Packages/com.unity.render-pipelines.core/Editor/Lighting/Icons/d_LightPlacement_Icon@64.png using Guid(e20f6d92d0ae13040bfcbe8ef57da036) (TextureImporter) -> (artifact id: 'e752a1a8199f5e899c3b3781a58d02fd') in 0.0502343 seconds
Start importing Packages/com.unity.2d.tilemap/Editor/Icons/Grid.RotateCW.png using Guid(e25f34c849d45714e86b14d3afbb763e) (TextureImporter) -> (artifact id: 'd1b819c5479a9cb3ed9f49b046b2c75f') in 0.0504358 seconds
Start importing Assets/TripoModels/military_helicopter_3d_model/military_helicopter_3d_model.fbm/military_helicopter_3d_model_tripo_part_70_basecolor.jpg using Guid(f2818b616b2ae24418571e7f70969b9a) (TextureImporter) -> (artifact id: '52c954828badbda47c34df7bb0485295') in 0.0321531 seconds
Start importing Packages/com.unity.render-pipelines.core/Runtime/Debugging/Prefabs/Textures/UIArrowDown.png using Guid(f224bfd122877a34aa49c63693fc317b) (TextureImporter) -> (artifact id: '8e58f4960d8339072a7c56ee2f85737c') in 0.0331911 seconds
Start importing Assets/HQ Hangar Free/Scene/ExampleScene/Lightmap-29_comp_dir.png using Guid(f2f690cfbae71794596344d9205a9111) (TextureImporter) -> (artifact id: '2676d6879a5dee11b8742e4972483e99') in 0.1508271 seconds
Start importing Assets/textura/Camouflage Texture Pack/1K/Woodlands_Color/Seed_1/Camouflage_Net_Pattern_1_1K_WL.png using Guid(f268e3e3da64f294492e8e687585096a) (TextureImporter) -> (artifact id: '5b2782eb64de0a0edb8add30d18b3347') in 0.1624074 seconds
Start importing Assets/Prefabs/Navios_Guerra/Leviathan/Gemini_Generated_Image_qrdrnyqrdrnyqrdr.png using Guid(f249ab0e2a2ec344bb92da4b29567503) (TextureImporter) -> (artifact id: 'edf663446b432fd567f40f4924d582f4') in 0.1862304 seconds
Start importing Assets/MarpaStudio/Textures/Fence_AO.png using Guid(f2ab0c32e35584643b635732074b75b6) (TextureImporter) -> (artifact id: '020a52158f9c0da31fec08b98efbc232') in 0.2264219 seconds
Start importing Assets/TripoModels/military_helicopter_3d_model/military_helicopter_3d_model.fbm/military_helicopter_3d_model_tripo_part_78_basecolor.jpg using Guid(f2db53d7a3e559e4594c30f8104dcfbb) (TextureImporter) -> (artifact id: 'ae0e0accddefeb516e1d181f55323fe6') in 0.033987 seconds
Start importing Packages/com.unity.inputsystem/InputSystem/Editor/Icons/d_Stick@4x.png using Guid(f2fd4d7aa99c94a67a6a137fe979a760) (TextureImporter) -> (artifact id: 'a3555d53b755ac7e5211c87cc08195ca') in 0.051241 seconds
Start importing Assets/RPG_FPS_game_assets_industrial/Other_props/Electric_box/Electric_box_v2/Source/Electric_box_v2.tga using Guid(f2bf42e3b52f203428aedd3c24b69693) (TextureImporter) -> (artifact id: '4fae207d76abbaf42c61f7494b7b4b34') in 0.4090764 seconds
Start importing Assets/textura/Camouflage Texture Pack/1K/Urban_color/Seed_1/Camouflage_Net_Pattern_1_1K_UB.png using Guid(03e06549fa274344b8a420fe74b52e86) (TextureImporter) -> (artifact id: '197de777d461155e1e2a71366a49aa6f') in 0.1578808 seconds
Start importing Assets/textura/Camouflage Texture Pack/256x256 (PSX)/Woodlands_color/Seed_5/Camouflage_Net_Pattern_5_PSX_WL.png using Guid(032126de486037d4c89eb462383de6d1) (TextureImporter) -> (artifact id: 'ccf001db4ca87a11d3bae3e5fb983185') in 0.0578981 seconds
Start importing Packages/com.unity.cinemachine/Editor/EditorResources/Icons/Dark/CmExtension@256.png using Guid(032119d7426fa4256a408afec1829ac7) (TextureImporter) -> (artifact id: 'b6e7188b601b6d27ca6e8975f0806ff2') in 0.0563515 seconds
Start importing Assets/Prefabs/Imobiliario/medieval-castle/source/CastleTexture 2/CastleTexture/Rope_baseColor.jpg using Guid(0351c9372f940ad408aabd9c8a82a611) (TextureImporter) -> (artifact id: '642548cdaf39e23eab3fe4cff3de6fdd') in 0.2998473 seconds
Start importing Assets/Prefabs/Imobiliario/medieval-castle/source/CastleTexture 2/CastleTexture/MetalDoor_normal.jpg using Guid(0302c24232719724a9add3f40efd9ec8) (TextureImporter) -> (artifact id: '19375d0c0d2120afcbcbdfbf710dcfc6') in 0.3022148 seconds
Start importing Assets/Gwangju_3D asset/Scenes/17_Gwangju_Biennale_Inner/ReflectionProbe-6.exr using Guid(0383223615b8111479182cf3267b0e75) (TextureImporter)Starting cubemap convolution for '' (size 128)
...took 0.249 seconds
 -> (artifact id: 'e325c93c56d1add7a9536ccb6738fbd9') in 0.7493379 seconds
Start importing Packages/com.unity.inputsystem/InputSystem/Editor/Icons/d_Stick@3x.png using Guid(03c3559bb64164f7785cd1250e475250) (TextureImporter) -> (artifact id: 'a698f73185d71430b5be9bb0275b8fc6') in 0.0385559 seconds
Start importing Packages/com.unity.shadergraph/Editor/Resources/GraphView/Nodes/PreviewCollapse.png using Guid(03d3df9748467354ab39a973710a3a30) (TextureImporter) -> (artifact id: 'cdd9b2ce8bf3e7d9b72eef22c5b80599') in 0.0494645 seconds
Start importing Packages/com.unity.timeline/Editor/StyleSheets/Images/LightSkin/TimelineDisabledBackground.png using Guid(0304baf8d224f3e47b22d872c8dcd412) (TextureImporter) -> (artifact id: '4ee656243bc6da8eb81291fc1fe5321c') in 0.0327741 seconds
Start importing Assets/MarpaStudio/Textures/SmallPlankCeiling_Metallic.png using Guid(03d4006e01c931245867229623738fb0) (TextureImporter) -> (artifact id: '41ae7fead09d1de97577c14af933758b') in 0.358032 seconds
Start importing Packages/com.unity.timeline/Editor/StyleSheets/Images/Icons/TimelineCollapseMarkerButtonEnabled.png using Guid(0367ce1ebbbb18940b79eed63a0315d5) (TextureImporter) -> (artifact id: '9d2a92548689b46354296b6232ad85c1') in 0.0484995 seconds
Start importing Assets/MarpaStudio/Textures/OutHouseDoor_Albedo.png using Guid(03487852ed228394484c4b4ac45d2e0f) (TextureImporter) -> (artifact id: '36cdc912a968a7cf9698a06f44b84a9a') in 0.3854662 seconds
Start importing Packages/com.unity.inputsystem/InputSystem/Editor/Icons/d_Button.png using Guid(0309256f03c114697813e2296f0a1f18) (TextureImporter) -> (artifact id: '31fffede6fcad35de5fca275c78658f8') in 0.0306552 seconds
Start importing Assets/textura/Camouflage Texture Pack/1K/Urban_color/Seed_1/Camouflage_Dotty_Pattern_1_1K_UB.png using Guid(035982944b5c9da4192d508f790df6d2) (TextureImporter) -> (artifact id: '6351c2bf50d6e1f9d9a66f4fa38d87c9') in 0.1778707 seconds
Start importing Assets/Prefabs/Imobiliario/medieval-castle/textures/Rampart_normal.jpeg using Guid(0389db6721409a24cb87a5378f514d4e) (TextureImporter) -> (artifact id: '14b0773a37e15bd9f4d29b811c99bc12') in 0.3296256 seconds
Start importing Packages/com.unity.2d.tilemap/Editor/Icons/d_Tilemap.BrushSettings@2x.png using Guid(03d93c388f90a6248983677a29c72b38) (TextureImporter) -> (artifact id: '0c86ceb17006e55f074b160ba0fe65a4') in 0.0375537 seconds
Start importing Packages/com.unity.render-pipelines.core/Editor/Lighting/Icons/LightUnitIcons/DirectSunlight@2x.png using Guid(03ea000956f47584c872d8b4df47f5ee) (TextureImporter) -> (artifact id: '55bfd642ab811711452389ecf5b4e7ee') in 0.0302251 seconds
Start importing Assets/ModularLowpolyStreetsFree/Materials/Other/Textures/Pole-base_Normal.png using Guid(039b31982db92d841bddae5594bad8f2) (TextureImporter) -> (artifact id: '00ca269ece8e6daf0cd6ed2848762b40') in 0.0480523 seconds
Start importing Packages/com.unity.collab-proxy/Editor/Assets/Images/iconpendingchangesview.png using Guid(034d3052cb4a54f028bf55f9f9115d3c) (TextureImporter) -> (artifact id: '70d9e672aab91133cd5856039ab3cec1') in 0.0321943 seconds
Start importing Packages/com.unity.timeline/Editor/StyleSheets/Images/Shared/TimelineDisplay.png using Guid(03ae22b9de3989144a9bebf8972b4fad) (TextureImporter) -> (artifact id: 'ccaf06e868cfda5480de04a6c9960bba') in 0.0332552 seconds
Start importing Packages/com.unity.collab-proxy/Editor/Assets/Images/secondarytabclose.png using Guid(03cefa94d5aa9d74993fb2138af9d607) (TextureImporter) -> (artifact id: '31ed37fd088a87e329a4e6594feb0e2e') in 0.0312191 seconds
Start importing Assets/TerrainSampleAssets/Textures/Details/BushDry_Normal.tif using Guid(03fe3ff010bcfb3418536e2f7896257b) (TextureImporter) -> (artifact id: '18cc6a9d0821ccaf8dc7d3d40bf120be') in 0.7571428 seconds
Start importing Packages/com.unity.render-pipelines.core/Editor/Lighting/Icons/LightUnitIcons/d_Overcast@2x.png using Guid(036f58abb8f232d41b3928a31433cf81) (TextureImporter) -> (artifact id: 'ad21b5553c02489d02511c55e433796a') in 0.0544715 seconds
Start importing Assets/Prefabs/Aeroporto/Helicoptero_ray/Gemini_Generated_Image_8jv9o88jv9o88jv9.png using Guid(1321306fa79ffb848af7c631ed242a86) (TextureImporter) -> (artifact id: '7332c46e5d2413f447e499753f7074d9') in 0.1780374 seconds
Start importing Assets/Prefabs/Soldado_Rifle/50centbots-lloyd-banks/textures/Banks_eye_diffBanks2DeepEye_Alphas.png using Guid(13d18d5576c9372459bb7d0649c67a13) (TextureImporter) -> (artifact id: '1035a509a4b46e2e4445397f5ded6711') in 0.0397238 seconds
Start importing Packages/com.unity.visualscripting/Editor/VisualScripting.Core/IconMap/SceneVariables.png using Guid(1322acb2dac5e7f4cbae25e022caf9d2) (TextureImporter) -> (artifact id: '393a3346597b7bdafd5a663fc0526a0a') in 0.0253254 seconds
Start importing Packages/com.unity.collab-proxy/Editor/Assets/Images/iconclosebutton.png using Guid(13527793884104b46b7446fd7464c3ed) (TextureImporter) -> (artifact id: 'bb32c195a7a7536482e995579bc6e471') in 0.0250891 seconds
Start importing Assets/CartoonMilitaryModelPack/Textures/CustomParts/ICBM_01_Texture.png using Guid(13c29b2888b5b4280a8fb0f43b39eaa3) (TextureImporter) -> (artifact id: '9cf55099d77ca0d71f7bbcb2a88b9cab') in 0.5938265 seconds
Start importing Assets/Industrial_Zone_Modular_Pack/Textures/Hangar_Rounded/Hangar_Rounded_Parts_Normal.png using Guid(13d22c73de7fdc64d885b129244f3681) (TextureImporter) -> (artifact id: '9cbb7fe1a3402e9ad000d4430aadebbe') in 0.1091913 seconds
Start importing Assets/Prefabs/Soldado_Rifle/50centbots-lloyd-banks/textures/Lloyd_BanksHead_Alpha.png using Guid(1345fcddc69c406499fec33278ca587f) (TextureImporter) -> (artifact id: '16d96be49ff3b9fcca488d8a0bd6f309') in 0.0528876 seconds
Start importing Packages/com.unity.render-pipelines.core/Editor/Icons/MipLevels/VolumeProfile@128.png using Guid(13d6273ce5597af4f841001aa751c423) (TextureImporter) -> (artifact id: 'a5bfed8fca56f92cee87d607a309730d') in 0.0496338 seconds
Start importing Packages/com.unity.collab-proxy/Editor/Assets/Images/iconconflictresolvedoverlay.png using Guid(1318ab8bf649dcf43b922511fa5e155b) (TextureImporter) -> (artifact id: 'c482a5ad16ad27803d93419c2ebb5930') in 0.0372478 seconds
Start importing Packages/com.unity.postprocessing/PostProcessing/Textures/BlueNoise64px/LDR_LLL1_47.png using Guid(1378a33cdd085d64c9da863d2484ff21) (TextureImporter) -> (artifact id: '71bca44eaf016145321d440b20f2e3af') in 0.0228277 seconds
Start importing Packages/com.unity.cinemachine/Editor/EditorResources/Icons/Dark/CmComponent@256.png using Guid(13a8f64bcf72e441e89a7114d5ab78c2) (TextureImporter) -> (artifact id: '80b24da299b364f11d4d58f3f9ab7df1') in 0.0386023 seconds
Start importing Packages/com.unity.2d.tilemap/Editor/Icons/Tilemap.EditPalette@2x.png using Guid(13c8bd32c985e204eafd19f6360119db) (TextureImporter) -> (artifact id: '1f25cbd5fb1d4f638339686ca88d873d') in 0.0458041 seconds
Start importing Packages/com.unity.inputsystem/InputSystem/Editor/Icons/Pen@2x.png using Guid(13fb345befe624412ac0bd0138d7bcf2) (TextureImporter) -> (artifact id: '09f0d12c42c6b7455f238979eb042017') in 0.0339087 seconds
Start importing Assets/Industrial_Zone_Modular_Pack/Textures/Props/Cones/Cones.png using Guid(13fb0f6975a184843b2cc4342e90a70c) (TextureImporter) -> (artifact id: '3640a2c08e3bf8e238281861f2cb73d4') in 0.535976 seconds
Start importing Packages/com.unity.render-pipelines.core/Editor/Icons/RenderGraphViewer/Global@2x.png using Guid(13acc8e36620f0c499762b092afc9538) (TextureImporter) -> (artifact id: 'bdb34d2250d86193a251d55faa241d16') in 0.0653911 seconds
Start importing Assets/textura/Camouflage Texture Pack/256x256 (PSX)/Base_color/Camouflage_Pixel_Urban_PSX_Base.png using Guid(133d539431f2ef14e902613d65fc9a18) (TextureImporter) -> (artifact id: '52dd3b1d7d1e148892274473644b7079') in 0.08541 seconds
Start importing Assets/textura/Camouflage Texture Pack/128x128 (PSX)/Woodlands_color/Seed_5/Camouflage_Cells_Big_Pattern_5_128_WL.png using Guid(134eab7d1c3eedc41abc69f7b2693115) (TextureImporter) -> (artifact id: 'b8a2e4eeb2dcd25678400b3d21a31d64') in 0.0610949 seconds
Start importing Assets/SUIMONO - WATER SYSTEM 2/RESOURCES/shoreline_12-02-2019_13-39-24.png using Guid(2331f7eaa1d649e4baec4beab00ac128) (TextureImporter) -> (artifact id: 'c7125ec13b5ca2b268d328e1f3b33dee') in 0.1240245 seconds
Start importing Assets/HQ Hangar Free/Textures/Glass/Glass_BaseMap.png using Guid(23b1a8391c3f62540a0506ed9428fb2a) (TextureImporter) -> (artifact id: '915d844ece9a3860d4216751ab9d7aa8') in 0.5222558 seconds
Start importing Assets/Gwangju_3D asset/17_GwangjuBiennale/Textures/Outter/GbConcLine_BaseMap.png using Guid(23544427403987345beec596d1d46df0) (TextureImporter) -> (artifact id: '25c412a7d95b66f776ed77a6fc6a574e') in 0.1794342 seconds
Start importing Packages/com.unity.collab-proxy/Editor/Assets/Images/d_iconplasticnotifyconflict@2x.png using Guid(23743f0c0ed1e6546808a5d645c2a6a5) (TextureImporter) -> (artifact id: '751655c901a27fb4fde8894c1a1e7c9a') in 0.0736193 seconds
Start importing Packages/com.unity.render-pipelines.core/Editor/LookDev/Icons/Camera1.png using Guid(2384eb5de05269b44a58f8dd1d83d725) (TextureImporter) -> (artifact id: '0831d3a0e7541db7bed19e3029216d0c') in 0.0710589 seconds
Start importing Packages/com.unity.render-pipelines.core/Editor/Icons/RenderGraphViewer/Import@2x.png using Guid(23d6b8595de0e04429daf108638fe785) (TextureImporter) -> (artifact id: '778b45e1e583b3e1f6a6c21681cb1d2c') in 0.0594862 seconds
Start importing Packages/com.unity.collab-proxy/Editor/Assets/Images/d_icondeletedremote.png using Guid(23e66f7264c74424889342127f229577) (TextureImporter) -> (artifact id: '6f72e9ac9b4c19f8653db4b9c83fa9ce') in 0.076754 seconds
Start importing Assets/TripoModels/military_helicopter_3d_model/military_helicopter_3d_model.fbm/military_helicopter_3d_model_tripo_part_38_basecolor.jpg using Guid(239743ff9d8693546b56cf69a83f33a7) (TextureImporter) -> (artifact id: '02d0e0bbdf0f203dd10ca14164c38925') in 0.0511133 seconds
Start importing Packages/com.unity.2d.tilemap/Editor/Icons/d_Grid.FlipX.png using Guid(238833eb2176e7d429d5020dc9232155) (TextureImporter) -> (artifact id: '987b59114ed3646b77e01e3b99206a12') in 0.0304412 seconds
Start importing Assets/MarpaStudio/Textures/WoodPlankCeilingBig_Albedo.png using Guid(2399affe17b1e02489ce3fc517de6c2b) (TextureImporter) -> (artifact id: 'b6765c7255117fcb7c2d9c5e5982020a') in 0.2551489 seconds
Start importing Assets/efeitos/WarFX/Desktop/Textures/Smoke/WFX_T_SmokeNoise.tga using Guid(232c443afd6ed994aa4da1d352911753) (TextureImporter) -> (artifact id: '1ea2ffe3f6885b3518584f0f14c9f36c') in 0.0315314 seconds
Start importing Packages/com.unity.collab-proxy/Editor/Assets/Images/iconpendingchanges@2x.png using Guid(232fe04bebe5e904bb0568e685bd32a6) (TextureImporter) -> (artifact id: '2b6132ddaa72b5b75d2a9fae48fd3372') in 0.0297732 seconds
Start importing Assets/TripoModels/military_helicopter_3d_model/military_helicopter_3d_model.fbm/military_helicopter_3d_model_tripo_part_71_basecolor.jpg using Guid(3341107991186694c863e65b47ef2100) (TextureImporter) -> (artifact id: '846c292d0881a50bc40450fd56e0fd42') in 0.0314141 seconds
Start importing Packages/com.unity.timeline/Editor/StyleSheets/Images/Icons/TimelineClipFG.png using Guid(33b1871a2d09cfa459a93f4e8feb5c41) (TextureImporter) -> (artifact id: '0db658f8a46f66232a72558666411259') in 0.0374419 seconds
Start importing Packages/com.unity.render-pipelines.universal/Textures/BlueNoise256/LDR_LLL1_5.png using Guid(3302065f671a8450b82c9ddf07426f3a) (TextureImporter) -> (artifact id: 'cfbf37e34943d32e2acc92f4069d5b4e') in 0.044016 seconds
Start importing Assets/textura/Camouflage Texture Pack/1K/Woodlands_Color/Seed_4/Camouflage_Tiger_Pattern_4_1K_WL.png using Guid(3353964f0e27b384989cee1f654a93ca) (TextureImporter) -> (artifact id: 'b20f80908e6c76c7a269d62f1e2647c1') in 0.1063746 seconds
Start importing Assets/TerrainSampleAssets/Textures/Terrain/Black_Sand_MaskMap.tif using Guid(33e332af78571f249aa14092c01288cb) (TextureImporter) -> (artifact id: 'd48f85729fe2fe178760339d15dc820e') in 0.4637567 seconds
Start importing Packages/com.unity.inputsystem/InputSystem/Editor/AssetEditor/PackageResources/blue.png using Guid(33f32142c2c2d4662be5f5274db27158) (TextureImporter) -> (artifact id: '78df8b0ffef10cf4d899763cb6a36f5c') in 0.0321831 seconds
Start importing Packages/com.unity.ai.navigation/EditorResources/Overlay/NavigationOverlay On@2x.png using Guid(334589c596cc053418f700189f91111c) (TextureImporter) -> (artifact id: '55d63d09ffd3da5a5a56400bf66f4d0c') in 0.0472102 seconds
Start importing Packages/com.unity.terrain-tools/Editor/Icons/TerrainOverlays/d_Contrast_On.png using Guid(335556ed36a412143ac7321c946a686a) (TextureImporter) -> (artifact id: '59dc05374c581407763853258684efba') in 0.0447401 seconds
Start importing Packages/com.unity.timeline/Editor/StyleSheets/Images/Icons/TrackMarkerButtonDisabled.png using Guid(33a52b41b4de5874ca7da1da32067e39) (TextureImporter) -> (artifact id: 'b6821cc690bb2b8e9190d33d43076470') in 0.0224025 seconds
Start importing Assets/efeitos/WarFX/Mobile/Textures/Flames/WFXM_T_FlamesSmall 4frm.tga using Guid(3306c33d592bee140a52099c1882241a) (TextureImporter) -> (artifact id: '28c1c22901cfa5fc5cdd0a43abe8e502') in 0.0488311 seconds
Start importing Assets/textura/Camouflage Texture Pack/1K/Base_color/Camouflage_Polygon_Dark_1K_Base.png using Guid(33060c6c538b9ad4f89daa6c1c3f36c8) (TextureImporter) -> (artifact id: 'ce75120d6e92597e2ee75c0b4271570b') in 0.1297856 seconds
Start importing Packages/com.unity.cinemachine/Editor/EditorResources/Icons/Light/CmExtension@256.png using Guid(3327a326efc0c4079a8eada111b11d29) (TextureImporter) -> (artifact id: '8f6a5c46386af0c5fcb49a7ba6627488') in 0.0578558 seconds
Start importing Packages/com.unity.render-pipelines.core/Editor/Lighting/Icons/LightUnitIcons/Candlelight@2x.png using Guid(3387986904fe97b4cb1a1b607d1e7039) (TextureImporter) -> (artifact id: '2b0204a4ce4d0a18c1e84cbebea5d002') in 0.0369626 seconds
Start importing Assets/Prefabs/Soldado_Rifle/50centbots-lloyd-banks/source/LloydBanks/LloydBanks/Lloyd_BanksHead_Alpha.png using Guid(33f7c77e4031a944bbcc6b1e2d81817f) (TextureImporter) -> (artifact id: '863ce00be95e2e60b17ccdabf94856fd') in 0.0258288 seconds
Start importing Packages/com.unity.render-pipelines.core/Editor/Icons/RenderGraphViewer/d_Import@2x.png using Guid(33191aa3ed97cff4aa04bf4719f713ed) (TextureImporter) -> (artifact id: '940017da713e9eabf0e13e0a29c69b9b') in 0.037731 seconds
Start importing Assets/Industrial_Zone_Modular_Pack/Textures/Canal/Canal_Concrete_Normal.png using Guid(33d911b35047734499d23c7f2e6a33c2) (TextureImporter) -> (artifact id: '0c5ea3d68a93fff552ffa3939acf8cf6') in 0.422352 seconds
Start importing Assets/ModularLowpolyStreetsFree/Materials/Other/Textures/Sewer-hatch_Metall.png using Guid(338a5722c85fd144b98174d5c780aaed) (TextureImporter) -> (artifact id: 'c344543fdc2ccb1a32eae9047fab8f30') in 0.044143 seconds
Start importing Assets/textura/Camouflage Texture Pack/1K/Desert_color/Seed_3/Camouflage_Net_Pattern_3_1K_DS.png using Guid(333bb1b4ff64f6149b7346a9cb1cfd4c) (TextureImporter) -> (artifact id: 'd01a2eb8520a1de75d0e19dee3ec4676') in 0.1414764 seconds
Start importing Assets/AllSkyFree/Cartoon Base BlueSky/Sky_Day_BlueSky_Nothing_Cam_1_Back-Z.png using Guid(33cbefefe2c7f4e77ac959c74eef5d4d) (TextureImporter) -> (artifact id: '5b1a45d593b269278c077179364b2240') in 0.2644197 seconds
Start importing Packages/com.unity.render-pipelines.universal/Textures/BlueNoise256/LDR_LLL1_7.png using Guid(331c5658939a2461d8c7a0b3691eb7d5) (TextureImporter) -> (artifact id: '13f58f0b5fa6589bbc24360824694b91') in 0.0166621 seconds
Start importing Assets/AllSkyFree/Epic_BlueSunset/Epic_BlueSunset_Cam_0_Front+Z.png using Guid(33dc9d88f32144697ba9777ee1aaae7b) (TextureImporter) -> (artifact id: 'f3e26d1d5a4f5718dde23fb04c56c806') in 1.1309325 seconds
Start importing Assets/Gwangju_3D asset/Scenes/17_Gwangju_Biennale_Inner/Lightmap-9_comp_shadowmask.png using Guid(332d98ae7332aaa46a026276563728ae) (TextureImporter) -> (artifact id: 'f6f695e4e8ae9694e4ebeff028ce3742') in 0.2637901 seconds
Start importing Assets/Prefabs/Aeroporto/Gemini_Generated_Image_wex81uwex81uwex8.png using Guid(336d2d78c93876444b98f98a28b019bb) (TextureImporter) -> (artifact id: '9701b0c9f43e71ac4b48790f99ea98e9') in 0.4430687 seconds
Start importing Packages/com.unity.terrain-tools/Editor/Icons/TerrainOverlays/ThermalErosion@2x.png using Guid(33ce6e35c22ac4b9dbe95eb2fe35dc80) (TextureImporter) -> (artifact id: '06be553494b48beb7c146283657be563') in 0.0373938 seconds
Start importing Packages/com.unity.render-pipelines.core/Editor/Icons/RenderGraphViewer/dash.png using Guid(33ff6e2aa12671544bb4df30e6443789) (TextureImporter) -> (artifact id: '5c3361fcc019e4d5e7930540ec82dcd5') in 0.0504345 seconds
Start importing Packages/com.unity.collab-proxy/Editor/Assets/Images/inclusionrule@2x.png using Guid(43411f399f49b42eb9a7157481e8747c) (TextureImporter) -> (artifact id: '371e960f65fbf245c5c1a29ec7bfac87') in 0.0211034 seconds
Start importing Packages/com.unity.collab-proxy/Editor/Assets/Images/d_iconzoomout.png using Guid(43735cb4df8a4aa49b379e83bd9d77b8) (TextureImporter) -> (artifact id: '312b8bcae22debe51d412b7054012443') in 0.0381712 seconds
Start importing Assets/CartoonMilitaryModelPack/Textures/Building_Texture/GuardPoint_01_Texture.png using Guid(4386aec4f589842119ae46f1f57a1daa) (TextureImporter) -> (artifact id: '562bf6fc57357e01a2241823386d1225') in 0.6277677 seconds
Start importing Assets/Industrial_Zone_Modular_Pack/Textures/Tiles_Walls/Ground_Block_Tile_Height_1m/Ground_Block_Tile_Height_1m_Metal_Smooth.png using Guid(43bc20a88eda8864fad09a9bb270034d) (TextureImporter) -> (artifact id: '86caf7959f18c50e2ccbe065c5363e28') in 0.2242397 seconds
Start importing Packages/com.unity.terrain-tools/Editor/Icons/TerrainOverlays/WindErosion.png using Guid(43bc4a8767eae6048ba1eb2d32e87b18) (TextureImporter) -> (artifact id: '634f70fd004b0eefc0e9f2d94682bba9') in 0.0387191 seconds
Start importing Assets/ModularLowpolyStreetsFree/Materials/Other/Textures/Traffic-light-EU_Metall.png using Guid(434d258ed7b14ab4ea36d65f0781f5f9) (TextureImporter) -> (artifact id: 'c96be1523f8ca0a25485adaf826dfdb9') in 0.0474506 seconds
Start importing Packages/com.unity.timeline/Editor/StyleSheets/Images/Icons/d_TrackCurvesButtonEnabled@2x.png using Guid(43ed4593c5ddda0439fcc1bdaf8309fe) (TextureImporter) -> (artifact id: '2b456896760929486e3ba132dfa1eb1c') in 0.0700677 seconds
Start importing Packages/com.unity.timeline/Editor/StyleSheets/Images/DarkSkin/TimelinePlayRange.png using Guid(43eeff8a446b32242a4fb1a5c1bd7b8e) (TextureImporter) -> (artifact id: '881e2f82ee5554debe48d696d8c66f8e') in 0.0301984 seconds
Start importing Packages/com.unity.collab-proxy/Editor/Assets/Images/d_iconincomingchangesview@2x.png using Guid(43fe0cd0da17e47fc9e56f08a2415f65) (TextureImporter) -> (artifact id: 'a2cf305cd91cb3488c680953f29fc10e') in 0.0456949 seconds
Start importing Assets/Prefabs/Imobiliario/medieval-castle/textures/BaseCastle_occlusionRoughnessMetallic.jpeg using Guid(43efdb1dfe33eb14a8b7655fddbb8ddd) (TextureImporter) -> (artifact id: 'f8f7b3b4826c004441600390ae13ebde') in 0.2378325 seconds
Start importing Assets/RPG_FPS_game_assets_industrial/Fences/Concrete_fences/Concrete_fence_v2/Source/Concrete_fence_v2.tga using Guid(5321f19e8c384e6438f1b372bf5281ae) (TextureImporter) -> (artifact id: '9b452f700441c0eb0c877b62adabc892') in 0.0729607 seconds
Start importing Packages/com.unity.2d.tilemap/Editor/Icons/Tilemap.FocusTilemap.png using Guid(534112f711642464e8a5b9b5ea20e941) (TextureImporter) -> (artifact id: 'f9a930d006c0eb99ec12c17510251a18') in 0.034229 seconds
Start importing Assets/textura/Camouflage Texture Pack/1K/Urban_color/Seed_1/Camouflage_DBDU_Pattern_1_1K_UB.png using Guid(53a2f55d2ba1ad54188e4aa6ec0913a2) (TextureImporter) -> (artifact id: 'ca736c257f885fdb86a63ea2713bf171') in 0.1171631 seconds
Start importing Packages/com.unity.terrain-tools/Editor/Icons/TerrainOverlays/d_PaintHeight.png using Guid(53f266498e1404acfa4db8606b1711ad) (TextureImporter) -> (artifact id: '7e1ec9482e15dcbfdd73806af2b18db5') in 0.0336556 seconds
Start importing Packages/com.unity.2d.tilemap/Editor/Icons/Tilemap.DefaultBrush.png using Guid(53439e5dcebe4d74e8358cf7104c4666) (TextureImporter) -> (artifact id: '88040306c9698c451617744cb8a674ef') in 0.0280073 seconds
Start importing Assets/MarpaStudio/Textures/WheelCart_Normal.png using Guid(53e3a3d3a2e7b0741a9fcf3225385966) (TextureImporter) -> (artifact id: '703157b8c212427e29f6bcc35081df56') in 0.3378733 seconds
Start importing Assets/MarpaStudio/Textures/Silo_Albedo.png using Guid(53c58c3c534001f46a7ad0102d641a42) (TextureImporter) -> (artifact id: '87b0b70a2498c3b37829f76df9b4c125') in 0.3207342 seconds
Start importing Packages/com.unity.rendering.light-transport/Runtime/Sampling/Textures/SobolBlueNoise/RankingTile256SPP.png using Guid(5307d6e84442b0849b7ee235964e578d) (TextureImporter) -> (artifact id: '2b5a30bc3f8473a8bce5e0f1e3a8da58') in 0.0461433 seconds
Start importing Packages/com.unity.2d.tilemap/Editor/Icons/d_Grid.RotateACW.png using Guid(53da314bfe3845741ad14976e09ee6cf) (TextureImporter) -> (artifact id: 'b65ffa0927eba7b120d0581e17acbf12') in 0.0299539 seconds
Start importing Assets/TripoModels/military_helicopter_3d_model/military_helicopter_3d_model.fbm/military_helicopter_3d_model_tripo_part_56_basecolor.jpg using Guid(535c9cc6637956846be12131f1c9a83d) (TextureImporter) -> (artifact id: '508d6305edcab16fd0158e20a18c87ae') in 0.0453309 seconds
Start importing Packages/com.unity.terrain-tools/Editor/Icons/TerrainOverlays/Bridge_On.png using Guid(536cb0dc79bcad94ab54ee03a003646d) (TextureImporter) -> (artifact id: '519fcac65efec4fb8489e89d3b183c36') in 0.0388421 seconds
Start importing Packages/com.unity.shadergraph/Editor/Resources/Icons/SettingsIcons.png using Guid(53bf71ace226b574d88c828e8b631aae) (TextureImporter) -> (artifact id: '0a20d7b6c31b6d41f1d84657f445df5a') in 0.0576314 seconds
Start importing Packages/com.unity.2d.tilemap/Editor/Icons/d_GridSelection@2x.png using Guid(63a012608de367444a8cfb3b43e4da64) (TextureImporter) -> (artifact id: 'b28f09d449afc2fae60ea51a5b8161b1') in 0.0229037 seconds
Start importing Assets/HQ Hangar Free/Scene/ExampleScene/Lightmap-31_comp_dir.png using Guid(6374e31b4916d264ca31ffa2e6b8058b) (TextureImporter) -> (artifact id: 'ab51cc458c3db4e4b7d4738bf427c42c') in 0.1593255 seconds
Start importing Packages/com.unity.2d.tilemap/Editor/Icons/Tilemap.ShowGrid.png using Guid(63154732be07c2242a369890e0f80a72) (TextureImporter) -> (artifact id: '7f53661fb0d88770cdfca770da0afc2c') in 0.0453641 seconds
Start importing Assets/Industrial_Zone_Modular_Pack/Textures/Hangar_Concrete/Hangar_Concrete_Roof_Tile_Normal.png using Guid(634698c9416a44d4bb00e3219c4051cf) (TextureImporter) -> (artifact id: '9ae44c078bf60e8184c37adb1e5de9b8') in 0.0687392 seconds
Start importing Assets/TerrainSampleAssets/Textures/Heightmaps/Default_White.tif using Guid(63c633526981fac49b5eb44c0212bf2f) (TextureImporter) -> (artifact id: '95aa196ee8e5b0fa18da70b92923ba29') in 0.1863486 seconds
Start importing Packages/com.unity.splines/Editor/Editor Resources/Icons/d_Tangent_Linear On.png using Guid(63d6e4c877b21dc4d8ab48925ba1ad41) (TextureImporter) -> (artifact id: '035377a79ebac606c6015ae0ad01dfc9') in 0.0258842 seconds
Start importing Assets/Mar_Feito/Models/Metal_drum/drum_ao.tga using Guid(63373406f17f50f4f945b91cb2ba64fe) (TextureImporter) -> (artifact id: 'c38dbff7395d247c00e3d1485cca31df') in 0.0583075 seconds
Start importing Packages/com.unity.collab-proxy/Editor/Assets/Images/inclusionrule.png using Guid(63387a17b866347b390227e10a2b1f2e) (TextureImporter) -> (artifact id: '84d6ddfc90a6dea0fd73a93073e65cd8') in 0.0264368 seconds
Start importing Assets/MarpaStudio/Textures/WoodPartHorseStableBack_Albedo.png using Guid(632a291b66eca63449786f1e0926c542) (TextureImporter) -> (artifact id: 'fcd856530267f56a66edb4d21b7793cf') in 0.5265744 seconds
Start importing Assets/Packages/ai.meshy/Dependencies/Resources/Meshy_AppIcon_16.png using Guid(635aebc52c57e3b4686e4e664b1977e0) (TextureImporter) -> (artifact id: 'e16eaf8ae7a4f722444a026ea4b3614e') in 0.0221065 seconds
Start importing Assets/textura/Camouflage Texture Pack/256x256 (PSX)/Desert_color/Seed_3/Camouflage_Tiger_Vertical_Dotty_Pattern_3_PSX_DS.png using Guid(637b04a0affa3bb4190b38406d76ae8b) (TextureImporter) -> (artifact id: '531a38fc180b0f6ab57361fc59603be5') in 0.0266919 seconds
Start importing Assets/efeitos/WarFX/Desktop/Textures/Flames/WFX_T_FlamesBig.tga using Guid(630c7e341b44a8943bcef0e113fa837b) (TextureImporter) -> (artifact id: '5fd8632c876119166a9ed60c26474012') in 0.03536 seconds
Start importing Assets/Prefabs/Soldado_Rifle/50centbots-lloyd-banks/textures/Lloyd_BanksHead_DIFF.png using Guid(63dc3582d61aad246bda93a2ca1c9450) (TextureImporter) -> (artifact id: 'a7765d291c966a69913da8b8a8b76daf') in 0.17836 seconds
Start importing Packages/com.unity.collab-proxy/Editor/Assets/Images/iconoutofsync.png using Guid(636d03a8834e3ed4cac3a1cb4b82deaf) (TextureImporter) -> (artifact id: '2ef6c0bd2840855f41c67c0378d73be7') in 0.1907019 seconds
Start importing Packages/com.unity.2d.tilemap/Editor/Icons/Tilemap.FocusTilemap@4x.png using Guid(7360ac83b6bff7149836a436a4920d53) (TextureImporter) -> (artifact id: '9046c64cd0333cef7e578a8d5104cc99') in 0.0227052 seconds
Start importing Assets/MarpaStudio/Textures/ChickenHouse_Height.png using Guid(73b080eed78ff8e4aab3ea8aaf57c1d1) (TextureImporter) -> (artifact id: 'ff8c9b4c1f7db0f3b5593f9eb6a6801a') in 0.2007507 seconds
Start importing Packages/com.unity.collab-proxy/Editor/Assets/Images/d_iconaddedoverlay.png using Guid(73d124bf77e463c45942d14136745d9f) (TextureImporter) -> (artifact id: 'a5b0a70b60ee86d2c6e46f31f3faf89b') in 0.0235068 seconds
Start importing Packages/com.unity.terrain-tools/Editor/Icons/TerrainOverlays/BrushSettingIcons/Spacing@2x.png using Guid(7372ebd5047c24f54a9b38abeaa3f0fe) (TextureImporter) -> (artifact id: '228c6f26ed7b3aa44b9656e36753e5ac') in 0.1742744 seconds
Start importing Packages/com.unity.ai.navigation/EditorResources/Overlay/NavigationOverlay@16.png using Guid(731522d95656bec42a5fc0bdc672ebe9) (TextureImporter) -> (artifact id: '089b7f562e1fa010d53ea1b9256a79d2') in 0.0194734 seconds
Start importing Assets/Construction Vehicles 1.1/Textures/atlas.psd using Guid(7315bb8be42e3674790c8a9b7a7f3b1b) (TextureImporter) -> (artifact id: '3f8433e4ff67714962ff3e20e53f5af1') in 0.2167388 seconds
Start importing Packages/com.unity.timeline/Editor/StyleSheets/Images/Icons/TimelineSelector.png using Guid(73f5ebb64da7b2a40ab6bffac80f1a61) (TextureImporter) -> (artifact id: '307b3d98a48160c0972ff3f458c63685') in 0.0280695 seconds
Start importing Packages/com.tripo3d.unitybridge/Editor/Resources/TripoLogo.png using Guid(734856b9e85983f48b985347ba67f4ce) (TextureImporter) -> (artifact id: '2e8b6e25e8c8a8b1319eefdcd037a826') in 0.0294606 seconds
Start importing Packages/com.unity.collab-proxy/Editor/Assets/Images/d_iconzoomin@2x.png using Guid(73d87bc3a27171144985c68fbbd54380) (TextureImporter) -> (artifact id: '147b0b55f0a0374d022d6c4bee8ed996') in 0.0195603 seconds
Start importing Packages/com.unity.render-pipelines.core/Editor/Lighting/Icons/LightUnitIcons/d_DecorativeLight.png using Guid(73e9cf59769215c4892d0a8008f39737) (TextureImporter) -> (artifact id: 'd4778a8d2e2ff7b290e3be30f9622092') in 0.0350468 seconds
Start importing Assets/SUIMONO - WATER SYSTEM 2/EFFECTS/tex_fx_bubbles.psd using Guid(73dc00b9f30e27048ab5aafb9ff31455) (TextureImporter) -> (artifact id: 'a1b6646329294b738eaef767899ea4a1') in 0.171177 seconds
Start importing Packages/com.unity.postprocessing/PostProcessing/Textures/SMAA/AreaTex.tga using Guid(73ec4ae984a0a0f44a2be737e41a6f2f) (TextureImporter) -> (artifact id: '65bca324ce78701441b5791a132c611d') in 0.0930542 seconds
Start importing Assets/ZIL130_MilitaryTruck/Textures/Glass_ALB.png using Guid(732eb8bed4dc24048ba47ff5540eff65) (TextureImporter) -> (artifact id: 'f4016e0e468b1b0067200836ef0262a1') in 0.0691255 seconds
Start importing Packages/com.unity.render-pipelines.core/Runtime/Debug/ProbeVolumeNumbersDisplayTex.png using Guid(73fe53b428c5b3440b7e87ee830b608a) (TextureImporter) -> (artifact id: 'f5baf2fb59becff1cfc240fbe3a923ed') in 0.0476041 seconds
Start importing Assets/TerrainSampleAssets/Textures/Terrain/Sand_Normal.tif using Guid(83f03b3c2b2d5df40898d8c2123239ae) (TextureImporter) -> (artifact id: '788ca5d35da881582106b0a2ada83f42') in 2.4047865 seconds
Start importing Packages/com.unity.collab-proxy/Editor/Assets/Images/iconinfobellnotification@2x.png using Guid(830164d71b9d60c40b606822b957d10b) (TextureImporter) -> (artifact id: '7a36c30003c5b86de71bd66d4f765005') in 0.1726032 seconds
Start importing Assets/textura/Camouflage Texture Pack/128x128 (PSX)/Desert_color/Seed_3/Camouflage_Tiger_Vertical_Dotty_Pattern_3_128_DS.png using Guid(83c20a42bd08823419f1b9b77d79bf68) (TextureImporter) -> (artifact id: '447e6f14797254422355a48d8a7efda9') in 0.1798012 seconds
Start importing Packages/com.unity.inputsystem/InputSystem/Editor/Icons/d_Gamepad@4x.png using Guid(83438053370c84456a73f7f95ef821fb) (TextureImporter) -> (artifact id: '6a2938db7fdc3118db6964021b20ef3c') in 0.1665362 seconds
Start importing Packages/com.unity.inputsystem/InputSystem/Editor/Icons/d_Keyboard.png using Guid(83382fb171da648c594229ca6fa7ad94) (TextureImporter) -> (artifact id: '6485c33ab6f5b104c6ec1d248b3e49a9') in 0.0195351 seconds
Start importing Assets/textura/Camouflage Texture Pack/2K/Urban_color/Seed_1/Camouflage_Dotty_Pattern_1_2K_UB.png using Guid(83889bbe718bb5c4c918d61c59a3f312) (TextureImporter) -> (artifact id: '502502d2e4e89c8b71ea09ef26f43174') in 0.4890825 seconds
Start importing Assets/Art/IconesGerados/Artilharia_Icon.png using Guid(8309578ddcbd4294bbe7c7d74f92d7a3) (TextureImporter) -> (artifact id: '6840c5f3b79be7870404102dc29c91a6') in 0.2128967 seconds
Start importing Packages/com.unity.render-pipelines.core/Editor/LookDev/Icons/d_LayoutHorizontal.png using Guid(83cbec96661199e408a744d4c3e586e2) (TextureImporter) -> (artifact id: '694b62cbf351c845fc02aaaf5ef5f52f') in 0.1820132 seconds
Start importing Assets/MarpaStudio/Textures/StableHorseDoor_Metallic.png using Guid(83ebdac4745234d41895f7156c6159fb) (TextureImporter) -> (artifact id: 'a0721331454454781d8e44098f1ce725') in 0.2009266 seconds
Start importing Assets/SolarPanel/Assets/Textures/RailsMetal/RailMetalNormalMap.png using Guid(83ed585df77b3e746915f54d947e8ea8) (TextureImporter) -> (artifact id: 'a28ced536583fdb14152e2df45b66ab7') in 0.3639694 seconds
Start importing Packages/com.unity.terrain-tools/Editor/Icons/TerrainOverlays/Stamp.png using Guid(832fa81d7d1bf754b971a1e8097a04f5) (TextureImporter) -> (artifact id: '209de620db7c38a77c2a27cc90faaf67') in 0.0247798 seconds
Start importing Packages/com.unity.terrain-tools/Editor/Icons/TerrainOverlays/d_HydraulicErosion_On.png using Guid(93b0098f591e45340983ba146bbdea62) (TextureImporter) -> (artifact id: 'b8b9062d9b75c1cb0657425df8d495ee') in 0.0299779 seconds
Start importing Assets/Prefabs/Soldado_Rifle/50centbots-lloyd-banks/source/LloydBanks/LloydBanks/ExampleDeepEye_IntNormal.png using Guid(9311c3a3bfc8a864aadfaaf3136d3d53) (TextureImporter) -> (artifact id: '00f83e094cd24f5863bf369c674114d3') in 0.1567426 seconds
Start importing Assets/Industrial_Zone_Modular_Pack/Textures/Props/Pipe_Set_1/Pipes_Set_1_Metal_Smooth.png using Guid(93aa65bf90c34ad4182c6cb8e6e279ad) (TextureImporter) -> (artifact id: 'f08c4374a275441792fdd9ed4865d462') in 0.1924238 seconds
Start importing Assets/HQ Hangar Free/Scene/ExampleScene/Lightmap-43_comp_light.exr using Guid(936bd7ebcca396a42a4e6e132f520e50) (TextureImporter) -> (artifact id: 'f53887ecee91cbd71fe46f97bd8fee6b') in 0.4353089 seconds
Start importing Packages/com.unity.postprocessing/PostProcessing/Textures/BlueNoise64px/LDR_LLL1_54.png using Guid(936dea238abb0864ab3985a995e16a29) (TextureImporter) -> (artifact id: 'b1a38e92dd320d6c53cc449d542e6f06') in 0.0179344 seconds
Start importing Assets/MarpaStudio/Textures/OldShed_Metallic.png using Guid(932e4fffc469ed04a99998385facd81c) (TextureImporter) -> (artifact id: '727be6b7db071cecf3b060380cc249df') in 0.4122637 seconds
Start importing Assets/AllSkyFree/Overcast Low/Sky_AllSky_Overcast4_Low_Cam_4_Up+Y.png using Guid(93ce6277acd7243f685c04cc3c1d0cc4) (TextureImporter) -> (artifact id: '493b6d8b4ad2b6e3d953279148a4be0a') in 0.5845867 seconds
Start importing Assets/AllSkyFree/Epic_GloriousPink/Epic_GloriousPink_Cam_3_Right-X.png using Guid(938f8444195114ab791cdba8f627e3e7) (TextureImporter) -> (artifact id: '2121100f4a0097d3d34209666574d41c') in 0.5651235 seconds
Start importing Assets/Simple InterceptMissile&TurretBehaviour/PolygonWar/Textures/American_Vehicle_Texture_01_Destroyed.png using Guid(a350b46a5a5c8b549a09216c37a4f239) (TextureImporter) -> (artifact id: 'b41edefb522769d7dfafb45eebe8e03c') in 0.2225759 seconds
Start importing Packages/com.unity.timeline/Editor/StyleSheets/Images/Icons/TrackCurvesButtonDisabled@2x.png using Guid(a383d8b1327c9254896ad76d6efaf357) (TextureImporter) -> (artifact id: '195a418b362aaa0a72a883b387507228') in 0.1931102 seconds
Start importing Packages/com.unity.2d.tilemap/Editor/Icons/d_Grid.FlipY@2x.png using Guid(a3c4ea29a117e3f418ded11a50e4d52d) (TextureImporter) -> (artifact id: 'a7992231f0b775856c3ff21a502f6834') in 0.0309879 seconds
Start importing Assets/HQ Hangar Free/Textures/Metals_trim/Metals_trim_Metals_trim_Normal.png using Guid(a3d499c82a6eea34284a9862722c7ab2) (TextureImporter) -> (artifact id: '96085b83233cc2b3b1b38e580c3df0b7') in 0.2741316 seconds
Start importing Packages/com.unity.collab-proxy/Editor/Assets/Images/icondeletedlocaloverlay@2x.png using Guid(a3e491f99ea3ad74f8731ca93e84c497) (TextureImporter) -> (artifact id: '82559e3feee06309c55c4165a3590d40') in 0.037272 seconds
Start importing Assets/TerrainSampleAssets/Textures/Details/BushDry_BaseColor.tif using Guid(a366a386d5147ee47b6111652608c240) (TextureImporter) -> (artifact id: '30953c33300a676b776364d11a85b49f') in 0.3847592 seconds
Start importing Assets/MarpaStudio/Textures/Log_Metallic.png using Guid(a3674a3220c6d9e42af7c67d23464148) (TextureImporter) -> (artifact id: '58481f4ef96751b52eae26d016e83f7d') in 0.2220925 seconds
Start importing Assets/textura/Camouflage Texture Pack/256x256 (PSX)/Woodlands_color/Seed_3/Camouflage_DBDU_Pattern_3_PSX_WL.png using Guid(a378d730b7b265249a09d4159cc002ba) (TextureImporter) -> (artifact id: '56c8d7ce979d9f14610dc0fe976da9a8') in 0.0344013 seconds
Start importing Packages/com.unity.terrain-tools/Editor/Icons/TerrainOverlays/BrushSettingIcons/d_Size_On.png using Guid(a378e972c51f549ce87dd2b312b2ccae) (TextureImporter) -> (artifact id: '1ea70ee013cc6ad753e5f34a3b38b88f') in 0.024754 seconds
Start importing Assets/SUIMONO - WATER SYSTEM 2/TEXTURES/_CausticTextures/save.05.psd using Guid(a3d8fcb2d055ee543a57a62003e37d8f) (TextureImporter) -> (artifact id: '0e5c9b2779a35c91b2714c8f5245da75') in 0.1179477 seconds
Start importing Packages/com.unity.inputsystem/InputSystem/Editor/Icons/Position@2x.png using Guid(a3fa73829479e4b41965e749fcca7c12) (TextureImporter) -> (artifact id: '2e1eebbc7af9dda4c55d3f062da71379') in 0.1182487 seconds
Start importing Assets/Mar_Feito/Models/NCGC_VAKTA/Materials/floor/floor_normal.tga using Guid(a36ba71fae036da449f0b41667b5b931) (TextureImporter) -> (artifact id: 'e047c35d2234b3d0ce60d0c596951852') in 0.1625259 seconds
Start importing Assets/MarpaStudio/Textures/OutHouseDoor_Height.png using Guid(a3bd37ff286a0e744bf51ed478a93829) (TextureImporter) -> (artifact id: '2e0465717d40852a2c2793595c9802e5') in 0.1772267 seconds
Start importing Packages/com.unity.collab-proxy/Editor/Assets/Images/d_iconedit@2x.png using Guid(a36e66e044a5fd94ca570351917c6bda) (TextureImporter) -> (artifact id: '133cbb8d75fa996a5360b979859decd8') in 0.033856 seconds
Start importing Packages/com.unity.cinemachine/Editor/EditorResources/Icons/Dark/CmTrack@256.png using Guid(a3aeb1e9df0434782ba09fdf32c56611) (TextureImporter) -> (artifact id: '106597caddf9f606dd99c00456c12d93') in 0.1695796 seconds
Start importing Packages/com.unity.collab-proxy/Editor/Assets/Images/d_iconconflictedoverlay@2x.png using Guid(a3ced8f7044b9de4787602a9e9b20ea7) (TextureImporter) -> (artifact id: '99578a429066a8cdd04c51668f5bf741') in 0.1499022 seconds
Start importing Packages/com.unity.render-pipelines.core/Editor/Lighting/Icons/LightUnitIcons/ExteriorLight@2x.png using Guid(a3fe770bc25a98540958d57e10f2a5fd) (TextureImporter) -> (artifact id: '94fb8cc12823c438a06fd1ac185aaed8') in 0.1543241 seconds
Start importing Packages/com.unity.collab-proxy/Editor/Assets/Images/d_ArrowCaretLeft@2x.png using Guid(b3e01e80c420d4ac9a425a6abf8c99ec) (TextureImporter) -> (artifact id: '81579f6c954519c0b91bc0fde2ebaab9') in 0.0318084 seconds
Start importing Assets/Military vehicles (Sea)/Texture/S9 BaseColor.png using Guid(b361952e9368c904f99c26a22dab7b10) (TextureImporter) -> (artifact id: '4a2185d4e0d1f8b8a9f1a83531985ad3') in 0.567385 seconds
Start importing Assets/TerrainSampleAssets/Textures/Terrain/Grass_A_BaseColor.tif using Guid(b39336e67b68db14aa4a8a7f883e5aff) (TextureImporter) -> (artifact id: '5582fe078afe4ea1fc57ad2cd06ea596') in 0.7680796 seconds
Start importing Packages/com.unity.timeline/Editor/StyleSheets/Images/Icons/d_TrackMarkerButtonDisabled.png using Guid(b3644a971cca0bd4eb357cb9aca4dde1) (TextureImporter) -> (artifact id: 'fabd630aaaf60025afcc522c1f4c0fcc') in 0.1572277 seconds
Start importing Packages/com.unity.2d.tilemap/Editor/Icons/Tilemap.ShowGrid@4x.png using Guid(b375422385f769844a35ff7743e8f1bb) (TextureImporter) -> (artifact id: 'd85c831b46019ce2f34144c62002bda0') in 0.157687 seconds
Start importing Assets/TripoModels/military_helicopter_3d_model/military_helicopter_3d_model.fbm/military_helicopter_3d_model_tripo_part_44_basecolor.jpg using Guid(b3d5771fea905dc4a89a5103d175d3d8) (TextureImporter) -> (artifact id: 'c1a63cd7175c0843e1befd40ccca95d6') in 0.0219396 seconds
Start importing Packages/com.unity.render-pipelines.core/Runtime/Debugging/Prefabs/Textures/UICheckMark.png using Guid(b346b2a2df1d290438be3287b6419408) (TextureImporter) -> (artifact id: 'd5786c73c924f1187543ddfbce8886fe') in 0.1604619 seconds
Start importing Packages/com.unity.render-pipelines.core/Editor/Lighting/Icons/Advanced_UnPressed_mini.png using Guid(b356b95f05b77cf49a1b8241134f44c4) (TextureImporter) -> (artifact id: '05d67b2ee1ef83f0b5741926b4dbb2f8') in 0.0294372 seconds
Start importing Packages/com.unity.2d.tilemap/Editor/Icons/d_Tilemap.ShowTilePalette@2x.png using Guid(b3f6a0922e3511840813c51882c0907b) (TextureImporter) -> (artifact id: 'b923fdc6dcea8a471484878b11819db2') in 0.0211301 seconds
Start importing Assets/textura/Camouflage Texture Pack/256x256 (PSX)/Woodlands_color/Seed_5/Camouflage_Pixel_Pattern_5_PSX_WL.png using Guid(b3e78d4b0238da0498d60f6033e53dc4) (TextureImporter) -> (artifact id: '06d009c9389ba465d8f6678eb7cc475f') in 0.0250058 seconds
Start importing Assets/TerrainSampleAssets/Textures/Heightmaps/Ridge_Edge01_Heightmap.tif using Guid(b38901ae2e7149540aaa7fe2697aba3e) (TextureImporter) -> (artifact id: 'f12ca700ebed1a72a9d8d29cdb0bad33') in 0.0733028 seconds
Start importing Packages/com.unity.ai.navigation/EditorResources/Overlay/d_NavigationOverlay On@64.png using Guid(b3cd430fb0ffe164fa829262bb9e1d4b) (TextureImporter) -> (artifact id: '71f54874fe3ae48cbd132bbde3190d1b') in 0.0246059 seconds
Start importing Packages/com.unity.terrain-tools/Editor/Icons/TerrainOverlays/d_Pinch.png using Guid(b3fd223a260dabf45a7f14b6280c69af) (TextureImporter) -> (artifact id: 'dda3fd37ad6f6e99a7dd3e5aec8d7403') in 0.1626923 seconds
Start importing Packages/com.unity.terrain-tools/Editor/Icons/TerrainOverlays/d_Noise@2x.png using Guid(b38f17697c9d64390842e706030f2d2d) (TextureImporter) -> (artifact id: '0ad3ca1a70a3e8944d9184db4ceaf83c') in 0.0309587 seconds
Start importing Assets/SUIMONO - WATER SYSTEM 2/RESOURCES/shoreline_12-02-2019_13-51-16.png using Guid(c33194a9f7680404391b37c08aad4d4e) (TextureImporter) -> (artifact id: '2931d5177535f9b7b1ed5090c11aa7df') in 0.1764548 seconds
Start importing Assets/AllSkyFree/Epic_GloriousPink/Epic_GloriousPink_Cam_4_Up+Y.png using Guid(c3e1d31cf8ef742ad8aed75a1fdaff49) (TextureImporter) -> (artifact id: '576f11452be6e5854af7833a3eade2b0') in 1.0964194 seconds
Start importing Assets/Art/IconesGerados/Muro_Lateral_Icon.png using Guid(c3728ca22b7fbb447ab2e0b8cbe809fd) (TextureImporter) -> (artifact id: '07314826ec8b78f2762273663416789f') in 0.037609 seconds
Start importing Assets/CartoonMilitaryModelPack/Textures/Bomber_Texture/Bomber_01_Texture.png using Guid(c3e23ea91b02449579db72b53ad00152) (TextureImporter) -> (artifact id: 'e0931f261fe268f1338499c9c6478ea1') in 0.5195614 seconds
Start importing Assets/Art/IconesGerados/Tanque_de_Batalha_Icon.png using Guid(c3a37edc66791d54bba9e39f892c8322) (TextureImporter) -> (artifact id: '1f5041a5e317f4cf7a4897858e85b63a') in 0.0362335 seconds
Start importing Packages/com.unity.terrain-tools/Editor/Icons/TerrainOverlays/Stamp_On.png using Guid(c3e372bf8c32f3148b9209bc4fff05ae) (TextureImporter) -> (artifact id: '5cffea1ade57f6783a724d617b593f17') in 0.0218878 seconds
Start importing Packages/com.unity.terrain-tools/Editor/Icons/TerrainOverlays/d_PaintMaterials_On@2x.png using Guid(c35460febbd2e4f9880ca41aaa6593eb) (TextureImporter) -> (artifact id: '11f44ebe8efe40160a6a41437e81e429') in 0.0226666 seconds
Start importing Assets/efeitos/WarFX/Mobile/Textures/MuzzleFlashes/WFXM_T_MF FrontRear RIFLE1 A8.png using Guid(c3a593d4e93cf6c42b290b4ba179292d) (TextureImporter) -> (artifact id: 'ce9246f87c0fd462a0e539731b5db97d') in 0.0281353 seconds
Start importing Assets/Volklight/BTR/HDRP/Textures/BTR_Wheels_Normal.png using Guid(c306c730305b62042bf7d618e26ae022) (TextureImporter) -> (artifact id: '1035b86a1041e0f722d5049034ba4fe1') in 0.2394534 seconds
Start importing Assets/Industrial_Zone_Modular_Pack/Textures/Tiles_Walls/Ground_Block_Tile_Height_2m/Ground_Block_Tile_Height_2m_Normal.png using Guid(c3d7442da3f577844b4f09e53cd186c4) (TextureImporter) -> (artifact id: '964d61bffacbba4339db292e42e0b70b') in 0.1934218 seconds
Start importing Assets/TripoModels/military_helicopter_3d_model/military_helicopter_3d_model.fbm/military_helicopter_3d_model_tripo_part_54_basecolor.jpg using Guid(c3c939c66220db84e94862227c7cb8b5) (TextureImporter) -> (artifact id: '49c112e4990110974ecb559fdfdd2194') in 0.0212342 seconds
Start importing Assets/MarpaStudio/Textures/WoodPlankCeilingBig_AO.png using Guid(c3d96a7f702c2aa48a23cb0fc0edb196) (TextureImporter) -> (artifact id: '89d33dda093097c266c159ed0de85c59') in 0.2791257 seconds
Start importing Assets/Prefabs/Imobiliario/medieval-castle/source/CastleTexture 2/CastleTexture/Envoirement_02_normal.jpg using Guid(c32a91e743104944aa616706d21cb8ed) (TextureImporter) -> (artifact id: 'f45fd16b8ca4f7a898838ec4f8f5ade6') in 0.3555177 seconds
Start importing Packages/com.unity.timeline/Editor/StyleSheets/Images/Icons/TrackMarkerButtonEnabled@2x.png using Guid(c35a22ede3f5feb488bf69587ddc36ed) (TextureImporter) -> (artifact id: 'dff9fd73ec14fa26cb1d4b31a0168488') in 0.1458222 seconds
Start importing Assets/textura/Camouflage Texture Pack/1K/Woodlands_Color/Seed_5/Camouflage_Net_Pattern_5_1K_WL.png using Guid(c3ba064c3606ad5419a27c2bc528bd7b) (TextureImporter) -> (artifact id: 'f6ea0bc86db5fadd60d4ea945e12ad10') in 0.1437909 seconds
Start importing Packages/com.unity.2d.tilemap/Editor/Icons/d_EditorUI.Filter.png using Guid(c33b82aa5373c4e1f8e2d43210c97c45) (TextureImporter) -> (artifact id: '2d9367d86c168f4299ff50dbb051d60d') in 0.1128502 seconds
Start importing Packages/com.unity.collab-proxy/Editor/Assets/Images/d_iconretainedoverlay@2x.png using Guid(c34cd61ed96ff9a40a54e159467c5155) (TextureImporter) -> (artifact id: '5d6c18fa6b1960c6d569e57d24c2b85a') in 0.0218284 seconds
Start importing Packages/com.unity.render-pipelines.core/Editor/Lighting/Icons/LightUnitIcons/CloudySky@2x.png using Guid(c30d00a81d6542c40ae1837621e3969e) (TextureImporter) -> (artifact id: '0fc1c56b878c51b7014c1f90128946c1') in 0.02828 seconds
Start importing Assets/AllSkyFree/Night MoonBurst/Night Moon Burst_Cam_2_Left+X.png using Guid(c35d875303c454b9a8acaae0f7800313) (TextureImporter) -> (artifact id: '88ede022e3751f33c46d4b1e91dea611') in 2.1519541 seconds
Start importing Packages/com.unity.2d.tilemap/Editor/Icons/d_Tilemap.ActiveTargetLayers@2x.png using Guid(d3b2641fbdbb1f340ad9732102db591e) (TextureImporter) -> (artifact id: '4780df694f6d918b20949069b834ac57') in 0.0348224 seconds
Start importing Assets/Industrial_Zone_Modular_Pack/Textures/Ground_Textures/Ground_Concrete_04/Industrial_Zone_Ground_Concrete_04.png using Guid(d3a3514fc274b184ebdecdc85f39de0d) (TextureImporter) -> (artifact id: '4f19d40c75e89340092da23eac66c53f') in 0.5553161 seconds
Start importing Packages/com.unity.render-pipelines.core/Editor/Icons/MipLevels/Volume@32.png using Guid(d35462a3f88c67241b7b7cd6dc624ccb) (TextureImporter) -> (artifact id: '9105646fcc4e690d642b8387e1109a36') in 0.0640749 seconds
Start importing Assets/textura/Camouflage Texture Pack/256x256 (PSX)/Desert_color/Seed_1/Camouflage_Tiger_Vertical_Dotty_Pattern_1_PSX_DS.png using Guid(d3855cfc09de5a74fbd20a297eca92fd) (TextureImporter) -> (artifact id: 'e60105b39ae138cca1bf07d40b9ec1f2') in 0.1836803 seconds
Start importing Packages/com.unity.timeline/Editor/StyleSheets/Images/DarkSkin/TimelinePingPong.png using Guid(d3b5c4f7d6b94f64085b3713bffa680e) (TextureImporter) -> (artifact id: '05374ea7b009049e1d2dee02423404d9') in 0.1964397 seconds
Start importing Assets/textura/Camouflage Texture Pack/2K/Woodlands_Color/Seed_5/Camouflage_Cells_Small_Pattern_5_2K_WL.png using Guid(d35667df3a09ffe4e8d3efc20d30a3f4) (TextureImporter) -> (artifact id: '85e528db8a03599503dd8c9ac925bf67') in 0.4846072 seconds
Start importing Assets/MarpaStudio/Textures/BarnWindows_Normal.png using Guid(d3d6182f074e042448684c7ddecf1d98) (TextureImporter) -> (artifact id: '3e612360bbb6388160cf5e138842047d') in 0.4178329 seconds
Start importing Assets/Industrial_Zone_Modular_Pack/Textures/Hangar_Concrete/Hangar_Concrete_Roof_Tile_Metal_Smooth.png using Guid(d318904b32cf4404e95dbd6502d02cf6) (TextureImporter) -> (artifact id: '32e952f432db4fd3b0b52cd76565e3e7') in 0.3283002 seconds
Start importing Assets/AllSkyFree/Cartoon Base BlueSky/Sky_Day_BlueSky_Nothing_Cam_3_Right-X.png using Guid(d3b809c8b33ff46faa4245f0bca7e6fe) (TextureImporter) -> (artifact id: 'd6d107f90fe11aa65940e8ae4f77916a') in 0.2241398 seconds
Start importing Packages/com.unity.collab-proxy/Editor/Assets/Images/iconcurrentbranch.png using Guid(d30af1e364af1fc48be2ff2dcb0d4724) (TextureImporter) -> (artifact id: 'cda8d77bbb7d37055366aa11e6c21bbf') in 0.1332242 seconds
Start importing Assets/TerrainSampleAssets/Textures/Terrain/Rock_Normal.tif using Guid(d39a1b9e5d5c7b9499f579fa5c70a2a3) (TextureImporter) -> (artifact id: 'c665f957ed81ff8d0989d812f5b93a52') in 2.3147594 seconds
Start importing Assets/TripoModels/military_helicopter_3d_model/military_helicopter_3d_model.fbm/military_helicopter_3d_model_tripo_part_64_basecolor.jpg using Guid(d3ca5fd14f84fe94fb17c1f8eb268ac6) (TextureImporter) -> (artifact id: 'fe835236680273304e652125735045b4') in 0.1492005 seconds
Start importing Assets/TripoModels/military_helicopter_3d_model/military_helicopter_3d_model.fbm/military_helicopter_3d_model_tripo_part_3_basecolor.jpg using Guid(d3cc2da8c6730ff4382ca5a824fe0a0e) (TextureImporter) -> (artifact id: '75afbc2f8c4948020de5a915d5d7a2a6') in 0.0297101 seconds
Start importing Packages/com.unity.render-pipelines.universal/Textures/BlueNoise16/L/LDR_LLL1_18.png using Guid(d36f0fe53425e08499a2333cf423634c) (TextureImporter) -> (artifact id: 'ea19ff23c8c4721a34cdd489e3dc514e') in 0.1439714 seconds
Start importing Assets/Free Island Collection/Environment/Terrain/Textures/Grass_2/Grass_2_Diffuse.tif using Guid(d3bf48d327d33be44bfc0862c7e8367c) (TextureImporter) -> (artifact id: 'ba97f095af5d648f68c928b6247caac0') in 0.3729284 seconds
Start importing Assets/TerrainSampleAssets/Textures/Details/GrassDry_MaskMap.tif using Guid(d3cf4500414007c4c895584cfcf1fbc3) (TextureImporter) -> (artifact id: '053888d97b791383536a56b42fceff8d') in 0.3029409 seconds
Start importing Assets/MarpaStudio/Textures/ChickenHouse_Metallic.png using Guid(e3107cc953a45c04a8b5307a4f8d7041) (TextureImporter) -> (artifact id: 'e474cb52ab62b6c677cdb746fc817d68') in 0.2250542 seconds
Start importing Assets/HQ Hangar Free/Scene/ExampleScene/Lightmap-22_comp_light.exr using Guid(e3108df2017eaa74f922b812bc81a1fb) (TextureImporter) -> (artifact id: '8c96cd33e258048f96a1f413d32c4bfa') in 0.4525103 seconds
Start importing Packages/com.unity.ugui/Editor Resources/Textures/SectionHeader_Light.psd using Guid(e3b0f810fdea84e40ab4ba20f256f7e8) (TextureImporter) -> (artifact id: '0c9052b11270b843953ddb0526fcf0d7') in 0.1495495 seconds
Start importing Packages/com.unity.ai.navigation/EditorResources/Overlay/NavigationOverlay.png using Guid(e3f0b16456276c94aab8bd6664208dc3) (TextureImporter) -> (artifact id: 'fb33e1facf32c96233c464939cfc1eea') in 0.1357586 seconds
Start importing Packages/com.unity.render-pipelines.universal/Textures/BlueNoise256/LDR_LLL1_4.png using Guid(e32226222ff144b24bf3a5a451de54bc) (TextureImporter) -> (artifact id: '5285da4fc34131c48526317297d5850a') in 0.0349402 seconds
Start importing Packages/com.unity.render-pipelines.universal/Textures/BlueNoise64/L/LDR_LLL1_0.png using Guid(e3d24661c1e055f45a7560c033dbb837) (TextureImporter) -> (artifact id: 'ed22abc1f997bf7b8fb9b8b8f4c580f6') in 0.0232121 seconds
Start importing Assets/Industrial_Zone_Modular_Pack/Textures/Ground_Textures/Ground_Concrete_01/Industrial_Zone_Ground_Concrete_01_Normal.png using Guid(e3b53c8a57e613645817b9e38b26a852) (TextureImporter) -> (artifact id: '0cb4a91e246c5fe273ae88c4e1271f52') in 0.3572896 seconds
Start importing Packages/com.unity.render-pipelines.universal/Editor/Gizmos/Camera_UI.png using Guid(e3c6759aa8004ae458959d7fe48d6a74) (TextureImporter) -> (artifact id: 'adec2ee48e6c6902593ead94f93e6c25') in 0.0251176 seconds
Start importing Assets/textura/Camouflage Texture Pack/1K/Woodlands_Color/Seed_3/Camouflage_Net_Pattern_3_1K_WL.png using Guid(e3d7c5766aa9620438d4fe9864d34bec) (TextureImporter) -> (artifact id: '3f70c7e56fcbb6d1d93a39b01d8ac437') in 0.2984337 seconds
Start importing Assets/TerrainSampleAssets/Textures/Terrain/Grass_B_BaseColor.tif using Guid(e318f31bebce62d48a648da3f8ba56c9) (TextureImporter) -> (artifact id: 'fb8e4a238ac61b76e491a11e9b47e455') in 0.4766885 seconds
Start importing Assets/ModularLowpolyStreetsFree/Materials/Other/Textures/Cafe-table-1_AlbedoGloss.png using Guid(e33a3ee07c5d0cf4db619c5919ec12aa) (TextureImporter) -> (artifact id: 'fe089ba9dfcc552f941ad0643fc573f6') in 0.0282156 seconds
Start importing Assets/CartoonMilitaryModelPack/Textures/Building_Texture/LightTower_Texture.png using Guid(e36cf3b9f7ae24bae90c2c01eead0c5b) (TextureImporter) -> (artifact id: 'ea8c3a5be7e8e8ae1a5a1a408cce8a9d') in 0.5096844 seconds
Start importing Assets/TerrainSampleAssets/Textures/Terrain/Tidal_Pools_MaskMap.tif using Guid(e39c4b98a4756b043a23fb5b81e7b25a) (TextureImporter) -> (artifact id: 'ccb49a0211f9835dcc9a81cd49d7b675') in 0.2327763 seconds
Start importing Assets/MarpaStudio/Textures/PlankCeilingSmall_Albedo.png using Guid(e30d22b92398dab4b90270112318fe6b) (TextureImporter) -> (artifact id: 'eba23aecaffa8e52d03a27cc37d8c61f') in 0.3679486 seconds
Start importing Assets/Industrial_Zone_Modular_Pack/Textures/Hangar_Wooden/Hangar_Wooden_Normal.png using Guid(e31d202dbd3b46b4f9f1e909f5e956a7) (TextureImporter) -> (artifact id: 'beaffe5c24218af9bd6fa18313b814f2') in 0.4195363 seconds
Start importing Packages/com.unity.render-pipelines.universal/Editor/2D/ShapeEditor/Resources/TangentContinuous.png using Guid(f3d009ca5277c90499f90541e08d8021) (TextureImporter) -> (artifact id: 'c54c812e418d48a1a299cb61221a22b0') in 0.0267584 seconds
Start importing Packages/com.unity.collab-proxy/Editor/Assets/Images/iconplasticnotifypendingchanges.png using Guid(f3e2797165e71b443bae6264899b89d6) (TextureImporter) -> (artifact id: '23b5dbcfa769bdc53ebd69d84a53a069') in 0.0419032 seconds
Start importing Packages/com.unity.searcher/Editor/Resources/FlatSkin/SearchSmallDownOn.png using Guid(f353e9d22eb9164499dd70cb41b00244) (TextureImporter) -> (artifact id: 'a479df7f3fddceb11cb19f7c40fc664c') in 0.0442579 seconds
Start importing Assets/TerrainSampleAssets/Textures/Details/Fern_BaseColor.tif using Guid(f3661c5aa3d7dc141aebd059ea67047b) (TextureImporter) -> (artifact id: '84b68f5278827d9b056223cce966405b') in 0.3528157 seconds
Start importing Assets/SUIMONO - WATER SYSTEM 2/RESOURCES/shoreline_12-02-2019_13-47-14.png using Guid(f338ae123b6efbb41a1306d7bc1afa77) (TextureImporter) -> (artifact id: '2b0b2d3aaa2c5ae75b6cc6febda69444') in 0.069435 seconds
Start importing Assets/Prefabs/Imobiliario/medieval-castle/textures/BaseBastions_normal.jpeg using Guid(f3db9c8b6048460408025aea0e86395a) (TextureImporter) -> (artifact id: '19bfb28e1c40ecef2033cd9d147b0d37') in 0.2136307 seconds
Start importing Packages/com.unity.collab-proxy/Editor/Assets/Images/d_iconplasticnotifyincoming.png using Guid(f31d2c855644aad4cb2030bce12859f6) (TextureImporter) -> (artifact id: 'bf6b20eddb7aa0dbdb78c0e04749daad') in 0.0505978 seconds
Start importing Assets/Mar_Feito/Models/NCGC_VAKTA/Materials/body/body_height.tga using Guid(f39d16ea4e4327843a3192404217bf2b) (TextureImporter) -> (artifact id: '1b641fc79d23250a1c25a98e6ba4b090') in 0.0821255 seconds
Start importing Packages/com.unity.collab-proxy/Editor/Assets/Images/d_iconinfobellnotification.png using Guid(f38e832edef3ab648bcc2ab5dfa2906d) (TextureImporter) -> (artifact id: 'bfc7dd3b823b3216f68a5c9e010d06ea') in 0.0404849 seconds
Start importing Packages/com.unity.render-pipelines.core/Editor/LookDev/Icons/LayoutHorizontal@2x.png using Guid(f3fe1e478135ed34db9a1f6707f52c6a) (TextureImporter) -> (artifact id: '75a339588a9bcd4cc95bf48f7a9fff3c') in 0.0229554 seconds
Start importing Packages/com.unity.render-pipelines.core/Editor/Lighting/Icons/LightUnitIcons/d_IntenseAreaLight@2x.png using Guid(0493fb4c3bbfd6a4396f7f221b5ce034) (TextureImporter) -> (artifact id: 'b7d9c9092f7b4f0e8c16a53781ec4651') in 0.0457708 seconds
Start importing Assets/RPG_FPS_game_assets_industrial/Other_props/Electric_box/Electric_box_v3/Source/Electric_box_v3.tga using Guid(04f3361e4517345498fca665ca71af76) (TextureImporter) -> (artifact id: '8257648bf63db0dce09b290ba2d7a589') in 0.0899582 seconds
Start importing Assets/textura/Camouflage Texture Pack/128x128 (PSX)/Desert_color/Seed_2/Camouflage_Cells_Small_Pattern_2_128_DS.png using Guid(0435dbf5fd3a57145bd2969a12dd1caf) (TextureImporter) -> (artifact id: 'd919f16c614bc538e580e442afbf0b10') in 0.0222938 seconds
Start importing Assets/Prefabs/Soldado_Rifle/50centbots-lloyd-banks/source/LloydBanks/LloydBanks/Lloyd_BanksBody_Alpha.png using Guid(044673037a3a8f64b9eccf8046b793a4) (TextureImporter) -> (artifact id: 'd74f29b695ac9c5e68f53fee7d8490dc') in 0.0252365 seconds
Start importing Assets/AllSkyFree/Epic_BlueSunset/Epic_BlueSunset_Cam_3_Right-X.png using Guid(04869052f46ba428caebe862513e3b5d) (TextureImporter) -> (artifact id: 'd11ee5f2798a70856784f0acbaa44611') in 0.9772379 seconds
Start importing Packages/com.unity.2d.tilemap/Editor/Icons/d_EditorUI.Target.png using Guid(04e6c3cc740a491458073f2f715066f6) (TextureImporter) -> (artifact id: 'cc1b7267f08b2f552389d7a481d2e890') in 0.0333453 seconds
Start importing Packages/com.unity.render-pipelines.core/Editor/Lighting/Icons/LightUnitIcons/BrightSky@2x.png using Guid(04c70b69874deb746a4c63f1a29f7715) (TextureImporter) -> (artifact id: 'a3ed153ae762ecae1a53eea7beea0c52') in 0.024111 seconds
Start importing Assets/TerrainSampleAssets/Textures/Heightmaps/Island01_Heightmap.tif using Guid(043a3cc82df9fb94aba4f90d2009efc7) (TextureImporter) -> (artifact id: 'cec4daa9efd6168bf9dad609b89ab70a') in 0.102867 seconds
Start importing Packages/com.unity.2d.sprite/Editor/ObjectMenuCreation/DefaultAssets/Textures/IsometricDiamond.png using Guid(045b15ec09bba42448d89db77fa6f20a) (TextureImporter) -> (artifact id: 'abab8aa12685460f0f53ae0248ee2e0b') in 0.0488115 seconds
Start importing Packages/com.unity.render-pipelines.core/Editor/LookDev/Icons/Remove@2x.png using Guid(049c8a7821177594692244298d82e4af) (TextureImporter) -> (artifact id: 'cd1bd7bd58766a0c8d36e626dc2ea04b') in 0.0721497 seconds
Start importing Assets/ModularLowpolyStreetsFree/Materials/Roads/Textures/Road-1-line-turn-1_AlbedoGloss.png using Guid(04feb797db3af6c429bbfad006fa00bf) (TextureImporter) -> (artifact id: '4c57d43d7d20cd1548b33e925e409988') in 0.6554452 seconds
Start importing Assets/Resources/IconesGerados/tankc1_Icon.png using Guid(14a0bc13e9e0f4b49884b58fbd1c925d) (TextureImporter) -> (artifact id: 'ae25ba4ec67a98a449b75d5df7c71ed5') in 0.0806411 seconds
Start importing Assets/SUIMONO - WATER SYSTEM 2/TEXTURES/tex_foamMask.psd using Guid(14c55ed649175884784db6c178f4e654) (TextureImporter) -> (artifact id: '12cf77351dde0223ea6466815c1549a2') in 0.1002607 seconds
Start importing Assets/Gwangju_3D asset/Scenes/17_Gwangju_Biennale_Inner/Lightmap-1_comp_dir.png using Guid(14f5981430d839a4192f0dd3afadada3) (TextureImporter) -> (artifact id: 'e80ab9d4ada5f2a080ea7840ffaacde1') in 1.213653 seconds
Start importing Packages/com.unity.ai.navigation/EditorResources/Overlay/NavigationOverlay@256.png using Guid(1497075210b6dcd4c8f31ecfc6c5c79c) (TextureImporter) -> (artifact id: 'f7894e2afc6ecb234c280dd3b70835e0') in 0.0306804 seconds
Start importing Packages/com.unity.render-pipelines.universal/Textures/BlueNoise16/L/LDR_LLL1_17.png using Guid(14381521ff11cb74abe3fe65401c23be) (TextureImporter) -> (artifact id: '9740c767639dc3fbd36aa44e087b1634') in 0.0193204 seconds
Start importing Packages/com.unity.terrain-tools/Editor/Icons/TerrainOverlays/d_SharpenPeaks_On@2x.png using Guid(14c8d91de6fef4199a530b7c07e58b85) (TextureImporter) -> (artifact id: 'f44db48da0f9934f9aa91f5f408947af') in 0.0328097 seconds
Start importing Assets/textura/Camouflage Texture Pack/2K/Woodlands_Color/Seed_2/Camouflage_Tiger_Vertical_Dotty_Pattern_2_2K_WL.png using Guid(14f937629f4327f4c985dddc0c97464a) (TextureImporter) -> (artifact id: '23a07a51c9dd03e095899daf5af0f2a9') in 0.3747531 seconds
Start importing Packages/com.unity.collab-proxy/Editor/Assets/Images/d_buttonssosigninemail@2x.png using Guid(144aa74618b85974a9a50f612c2fa8fd) (TextureImporter) -> (artifact id: 'dcc25cc6a8642014d7159fa09a39b144') in 0.0276045 seconds
Start importing Assets/imagem/unnamed-removebg-preview (1).png using Guid(148e0487f1f9838469a2e67cf65c1b17) (TextureImporter) -> (artifact id: '6ce4938c4ccc1d672a420efa00fb6b3f') in 0.0454677 seconds
Start importing Assets/textura/Camouflage Texture Pack/1K/Desert_color/Seed_2/Camouflage_Cells_Big_Pattern_2_1K_DS.png using Guid(24216f12d9e22904bb0ea4c9e091ffa6) (TextureImporter) -> (artifact id: 'c111851ce618356893602cdbc309d9bc') in 0.1320288 seconds
Start importing Packages/com.unity.render-pipelines.universal/Editor/Gizmos/Camera_Base.png using Guid(24b1fe14c2b41d6489a7e7819483df6b) (TextureImporter) -> (artifact id: 'fe47272d6c7f9dd7ddbb140489ba0d0b') in 0.0485058 seconds
Start importing Assets/Volklight/BTR/BIRP/Textures/Base_Base_color.png using Guid(24c360dad3498e04b8076e21d2077454) (TextureImporter) -> (artifact id: '39e56aecbbe5e2e83636177dd2a09c02') in 0.2764045 seconds
Start importing Assets/HQ Hangar Free/Scene/ExampleScene/Lightmap-40_comp_light.exr using Guid(24744d183f396134288f07ab130040c4) (TextureImporter) -> (artifact id: '230bcbd9f45e717cf1b9c0e4b4cd3e67') in 0.3185234 seconds
Start importing Packages/com.unity.2d.tilemap/Editor/Icons/d_EditorUI.Filter@2x.png using Guid(24a4dd7831e4a46f593e94273994b42c) (TextureImporter) -> (artifact id: 'af07d58629449f51c6925fb6284ba796') in 0.0343222 seconds
Start importing Assets/HQ Hangar Free/Scene/ExampleScene/Lightmap-36_comp_light.exr using Guid(2435754b48b1fb54b94ac13d04172f6d) (TextureImporter) -> (artifact id: 'fc5ed96fd047ee04e6abd89e88330405') in 0.380457 seconds
Start importing Packages/com.unity.timeline/Editor/StyleSheets/Images/Icons/d_TimelineCollapseMarkerButtonEnabled.png using Guid(2446ee609b613cd4e9142ccc55cb7c43) (TextureImporter) -> (artifact id: 'b52aac942e6c0985b8688db0f93254c6') in 0.0406321 seconds
Start importing Assets/HQ Hangar Free/Scene/ExampleScene/Lightmap-1_comp_dir.png using Guid(2468d5a70a68c6a4882ce69632658a7a) (TextureImporter) -> (artifact id: '2beecf7e70fa2052a62031ba95db373b') in 0.2053388 seconds
Start importing Packages/com.unity.timeline/Editor/StyleSheets/Images/LightSkin/TimelineMarkerItem.png using Guid(24b97c67b63a23b48bea4036d28a5818) (TextureImporter) -> (artifact id: 'cd0a0968b64e23a552dbef19ba55de3c') in 0.0492141 seconds
Start importing Packages/com.unity.terrain-tools/Editor/Icons/TerrainOverlays/d_Smooth_On@2x.png using Guid(240ad7fda84b04a53ad5dd8fe4679c40) (TextureImporter) -> (artifact id: 'a8df5f0a0808ed9959f0c0ac5df27883') in 0.0542943 seconds
Start importing Assets/HQ Hangar Free/Scene/ExampleScene/Lightmap-15_comp_light.exr using Guid(241cd6d195237af45a93878b9316292a) (TextureImporter) -> (artifact id: '654c9a6318f7317ad84e408f86a89d1f') in 0.36067 seconds
Start importing Assets/Gwangju_3D asset/Scenes/17_Gwangju_Biennale_Inner/ReflectionProbe-9.exr using Guid(241d30e1737fb6742888b30e353e642c) (TextureImporter)Starting cubemap convolution for '' (size 128)
...took 0.207 seconds
 -> (artifact id: '6258f76036a03980068946a7d63f636f') in 0.6196431 seconds
Start importing Assets/TerrainSampleAssets/Textures/Terrain/Heather_MaskMap.tif using Guid(240efe9002d9e7a44b9f2a592f357102) (TextureImporter) -> (artifact id: '6ad37e07d306b589062d190eae5c0748') in 0.3018499 seconds
Start importing Assets/Prefabs/Imobiliario/medieval-castle/source/CastleTexture 2/CastleTexture/CastleGround_baseColor.jpg using Guid(242efcc79972d4f459ae2b8f0c674cf4) (TextureImporter) -> (artifact id: 'efc02aa1baf5dd44903419a7a646a4ed') in 0.356785 seconds
Start importing Packages/com.unity.2d.tilemap/Editor/Icons/d_Tilemap.GridPaint@2x.png using Guid(3451731abc835d44993075b3bc0935bd) (TextureImporter) -> (artifact id: '1adb62c128377c5feb484fb9d9bb8c4b') in 0.0146513 seconds
Start importing Packages/com.unity.collab-proxy/Editor/Assets/Images/d_stepok@2x.png using Guid(3494dc956dfd7174abc07060940a2848) (TextureImporter) -> (artifact id: '70576ff453b4d998f0f83046d68748d8') in 0.1314169 seconds
Start importing Assets/SolarPanel/Assets/Textures/Panel/PanelColor.png using Guid(34b40c91e037fbb4682816710cc6a952) (TextureImporter) -> (artifact id: 'cc963716ed57d9ad60dea036aa2b628d') in 0.3001811 seconds
Start importing Assets/MarpaStudio/Textures/Pillar02_AO.png using Guid(342569259c6527243a2b9a0dc0116ad8) (TextureImporter) -> (artifact id: '95dd08c2b5f68a3d9b33b4b9eae49b87') in 0.3002027 seconds
Start importing Assets/MarpaStudio/Textures/Fence_Height.png using Guid(3416a031240e62f4cbe8610a268acbae) (TextureImporter) -> (artifact id: 'adae02dab39b564fef7f888fe2a1610c') in 0.3222384 seconds
Start importing Assets/AllSkyFree/Night MoonBurst/AllSky_Night_MoonBurst Equirect.png using Guid(34a763168147f4182a21b9fd004d67de) (TextureImporter) -> (artifact id: '5bc671d7a9b161680f819313c0e99cf5') in 8.7657225 seconds
Start importing Packages/com.unity.2d.sprite/Editor/ObjectMenuCreation/DefaultAssets/Textures/CapsuleWithBorder.png using Guid(34587324d412940a79d530020c957dc0) (TextureImporter) -> (artifact id: 'f8993348e65ae7edf2d71546051a782f') in 0.2252571 seconds
Start importing Assets/Prefabs/Imobiliario/medieval-castle/source/CastleTexture 2/CastleTexture/CannonBall_normal.jpg using Guid(34a851df5c62cb94bb90bdab040fa5e8) (TextureImporter) -> (artifact id: '7c0747928812aa78616c589a1c1b4505') in 0.4825085 seconds
Start importing Assets/Prefabs/Aeroporto/Drone Hasaf/ChatGPT Image 21 de jul. de 2026, 08_41_25.png using Guid(34b966eb29203ff4998c53ed211b9928) (TextureImporter) -> (artifact id: '953c510dd648da7e3d0c10407b8c8bfb') in 0.2242886 seconds
Start importing Packages/com.unity.inputsystem/InputSystem/Editor/Icons/d_Axis.png using Guid(34f9452ba2ee14c0b9c976800caef571) (TextureImporter) -> (artifact id: '0a2024424163ffcba32a84b55d2a2562') in 0.1426016 seconds
Start importing Packages/com.unity.ugui/Editor Resources/Textures/btn_AlignRight.psd using Guid(342a0f8aca7f4f0691338912faec0494) (TextureImporter) -> (artifact id: '760029ff0ff60bce9cd692fe687047e3') in 0.0525813 seconds
Start importing Assets/HQ Hangar Free/Scene/ExampleScene/Lightmap-23_comp_light.exr using Guid(34eae6263b8258747b09c3038b56d71e) (TextureImporter) -> (artifact id: '4de13743a22ad7066cbbcea6884ce583') in 0.4261878 seconds
Start importing Assets/EasyRoads3D/textures/editor/m_scene.png using Guid(34aed1010b525bf4c9cfd7da35361a90) (TextureImporter) -> (artifact id: '74b72c721a5d4f64421ee6a5872d2700') in 0.0436988 seconds
Start importing Assets/Industrial_Zone_Modular_Pack/Textures/Props/Silo_Big_1/Silo_Big_1.png using Guid(34cee52d63b7c844b82d8aad9e046930) (TextureImporter) -> (artifact id: '7a09ea00a2ca2a66d4b1c7cd95bf47a2') in 0.3273756 seconds
Start importing Assets/Prefabs/Aeroporto/Flow/Gemini_Generated_Image_wbudcqwbudcqwbud.png using Guid(345f6e2e95b223c40a48d922f06edb7d) (TextureImporter) -> (artifact id: '4f7c811ed5ad7a4c03ef0e31e1b92bee') in 0.147118 seconds
Start importing Assets/Mar_Feito/Models/NCGC_VAKTA/Materials/hull/hull_normal.tga using Guid(440097e2429a30f4da4e4067bb47b50d) (TextureImporter) -> (artifact id: 'f68f7a129c8c64eb4b4391a37d5db033') in 0.0875254 seconds
Start importing Assets/HQ Hangar Free/Scene/ExampleScene/Lightmap-6_comp_dir.png using Guid(4411676b7a4111548aa42d8499ec20e8) (TextureImporter) -> (artifact id: '615e59d9f23174dc0af759cb3ac46e18') in 0.1766995 seconds
Start importing Assets/Free Island Collection/Environment/Terrain/Textures/Sand/Sand_Normal.png using Guid(4461133173c4c6f4699bb1d9e2d83ba4) (TextureImporter) -> (artifact id: '47e22dbc79685ca14ca26384f9682796') in 0.2631217 seconds
Start importing Assets/Prefabs/Imobiliario/medieval-castle/textures/BaseCastleUp_occlusionRoughnessMetallic.jpeg using Guid(446157f1a11cb4e4081ff0bd41a30f03) (TextureImporter) -> (artifact id: '28749c3ecb9c98e283f8c1c9a30aea71') in 0.213678 seconds
Start importing Packages/com.unity.ai.navigation/EditorResources/Overlay/NavigationOverlay On@128.png using Guid(44837f46c53a42246a6de7fa161e0d00) (TextureImporter) -> (artifact id: 'edc282b54609080aa0944d9b2f88fcdf') in 0.1149033 seconds
Start importing Assets/Prefabs/Imobiliario/medieval-castle/source/CastleTexture 2/CastleTexture/FrontBastions_baseColor.jpg using Guid(44347f3a464a879458fc8f92f57089a1) (TextureImporter) -> (artifact id: '4b02e7e809aaf4e7ee8a61d6e72db0eb') in 0.3358584 seconds
Start importing Assets/Free Island Collection/Environment/Terrain/Textures/Cliff_1/Cliff_1_Diffuse.tif using Guid(44c76103676243f41a593d9dcfb63e2a) (TextureImporter) -> (artifact id: '1e10d44dcdab966ccd869dd7c0df8874') in 0.2212669 seconds
Start importing Assets/Prefabs/Imobiliario/medieval-castle/source/CastleTexture 2/CastleTexture/Front_Rampart_baseColor.jpg using Guid(44e776f095fc39741834b748c46363d5) (TextureImporter) -> (artifact id: '6543b3890080db5428a643ee5bf69f61') in 0.3314083 seconds
Start importing Assets/TerrainSampleAssets/Textures/Heightmaps/Ridge04_Heightmap.tif using Guid(440810c88740a8045949d48b489e443b) (TextureImporter) -> (artifact id: '0f8d5a566423a5932e034a738db3b413') in 0.1282541 seconds
Start importing Packages/com.unity.render-pipelines.core/Editor/Lighting/Icons/d_LightPlacement_Icon On@256.png using Guid(4439e27e7ae7188468effbc23418e0e1) (TextureImporter) -> (artifact id: '9a9039cf9da5b960e6ec648c07c1b478') in 0.0363256 seconds
Start importing Assets/HQ Hangar Free/Scene/ExampleScene/Lightmap-13_comp_dir.png using Guid(44d9f0a8b69e91344a986cf193e07934) (TextureImporter) -> (artifact id: 'f1f4981d0a5abbf17f6b011dbc70ab22') in 0.2904515 seconds
Start importing Packages/com.unity.terrain-tools/Editor/Icons/TerrainOverlays/BrushSettingIcons/Rotation On@2x.png using Guid(448d37ca4a60a4057b4b11588363fe0e) (TextureImporter) -> (artifact id: '459fa411b969486a2cbbf280c615e353') in 0.0427274 seconds
Start importing Packages/com.unity.terrain-tools/Editor/Icons/TerrainOverlays/d_SetHeight@2x.png using Guid(54e0db8884a134afc94f6502dfb08116) (TextureImporter) -> (artifact id: '545fdd24fbc1e5cccefe26d6d59c8881') in 0.0446011 seconds
Start importing Assets/Industrial_Zone_Modular_Pack/Textures/Factory_Small/Factory_Small_Factory_Entrance_Normal.png using Guid(5411184b1b5e2db4395c4a3975132798) (TextureImporter) -> (artifact id: '98dcae5528f8c65ea19963af92e0fc07') in 0.0837808 seconds
Start importing Packages/com.unity.collab-proxy/Editor/Assets/Images/d_iconplasticnotifypendingchangesandincoming@2x.png using Guid(54024d7bafa404eb39097aa14df8a5cb) (TextureImporter) -> (artifact id: '5f9449466bd93fa9e5a17695477a9731') in 0.049706 seconds
Start importing Packages/com.unity.timeline/Editor/StyleSheets/Images/Icons/TrackAvatarButtonDisabled.png using Guid(54623075676bd504d93243fb18745161) (TextureImporter) -> (artifact id: '308188ce67023e88cd6df4c29c1b5d9d') in 0.0516677 seconds
Start importing Assets/MarpaStudio/Textures/SideDoor_Normal.png using Guid(54e31633c31f4e041942d77884ced0fc) (TextureImporter) -> (artifact id: 'a0c69f4e389bb5578dc8367cf7f66365') in 0.2989444 seconds
Start importing Packages/com.unity.inputsystem/InputSystem/Editor/Icons/d_Interactive Binding@3x.png using Guid(542599ad529004327a7b18f7b2a4aeb8) (TextureImporter) -> (artifact id: 'efb264c0411907aa14eae4d3eb080967') in 0.0426439 seconds
Start importing Assets/Resources/IconesGerados/Corveta_Harry_Icon.png using Guid(54069914cbe4ce44abb71739dd73cc19) (TextureImporter) -> (artifact id: 'd4109245ed0aeb34767bd67d947ac48b') in 0.0913574 seconds
Start importing Assets/Volklight/BTR/BIRP/Textures/Parts3_Base_color.png using Guid(54f77a010ef3e5b48973988b5e57c1f4) (TextureImporter) -> (artifact id: '8bd4eae81508293185314d591bd80607') in 0.3387039 seconds
Start importing Assets/RPG_FPS_game_assets_industrial/Buildings/Industrial/Hangars/Hangar_v2/Source/Hangar_v2.tga using Guid(54db2c86883388c4eb087ed2a47c9938) (TextureImporter) -> (artifact id: '1bc6fc11d504f91bccba59739df24052') in 0.1217906 seconds
Start importing Assets/TerrainSampleAssets/Textures/Heightmaps/Mountain10_Heightmap.tiff using Guid(54acc9c7b90e7844c8110362dbe968ad) (TextureImporter) -> (artifact id: '7b6b24563faa7329a3e0bf134d4a652f') in 0.5410655 seconds
Start importing Assets/AllSkyFree/Night MoonBurst/Night Moon Burst_Cam_4_Up+Y.png using Guid(544d3cf87e24a464fa433d08257479d1) (TextureImporter) -> (artifact id: 'f12a090cf02f3bd3a65c825f3edebef2') in 0.9900601 seconds
Start importing Packages/com.unity.postprocessing/PostProcessing/Textures/BlueNoise64px/LDR_LLL1_39.png using Guid(547dbd5f858c74047ba3f213e4408307) (TextureImporter) -> (artifact id: 'b4be9c5cef4f98b371455114a99b4b0c') in 0.0637898 seconds
Start importing Packages/com.unity.render-pipelines.universal/Editor/2D/ShapeEditor/Resources/Path/pointPreview.png using Guid(6420d2b2a65130f4396f11f0a46d8c2e) (TextureImporter) -> (artifact id: 'eb2b645fb9032b84a876e011dabe5fcd') in 0.1534421 seconds
Start importing Assets/textura/Camouflage Texture Pack/128x128 (PSX)/Desert_color/Seed_3/Camouflage_Noodles_Pattern_3_128_DS.png using Guid(64a21a3a9c6f62842968a659f0fcc37e) (TextureImporter) -> (artifact id: '114adad7e5d202d9a7212af958bc96d9') in 0.0320497 seconds
Start importing Assets/textura/Camouflage Texture Pack/256x256 (PSX)/Woodlands_color/Seed_5/Camouflage_Woodlands_Classic_Pattern_5_PSX_WL.png using Guid(64a46fdd45340954a8aec21d424bfebb) (TextureImporter) -> (artifact id: 'ab2c2d91df3c7629a3faf3945527ea41') in 0.1648566 seconds
Start importing Assets/HQ Hangar Free/Scene/ExampleScene/Lightmap-34_comp_dir.png using Guid(64574de694af4794596877f6faded00e) (TextureImporter) -> (artifact id: '4b69156c6d46b236a3df7aba1c18ebd4') in 0.3916788 seconds
Start importing Assets/AllSkyFree/Cold Sunset/Cold Sunset__Cam_5_Down-Y.png using Guid(6458ffa0dcd6b4ea5b30ac5085d8c68a) (TextureImporter) -> (artifact id: 'f773b2acc350f1b54afa333de5c56eef') in 0.8447619 seconds
Start importing Assets/MarpaStudio/Textures/Box_AO.png using Guid(6488713ade5031f4b8be8a4d2d64125d) (TextureImporter) -> (artifact id: '145a7af5416d1d5d1a463c88dbb531af') in 0.3165757 seconds
Start importing Assets/SUIMONO - WATER SYSTEM 2/RESOURCES/textures/gui_tex_suimonologofx_i.png using Guid(64597e7ff37c4ae4e81dda69a2af99ef) (TextureImporter) -> (artifact id: '8d01aa0e2575023c566005190ab91999') in 0.1592799 seconds
Start importing Assets/efeitos/WarFX/Desktop/Textures/Misc/WFX_T_Debris Wood.tga using Guid(6499ec80e8fac904592dfa142f3436ae) (TextureImporter) -> (artifact id: '2d41132e262eb41ef70b880bb9152ef4') in 0.1656498 seconds
Start importing Packages/com.unity.ugui/Editor Resources/Textures/btn_AlignFlush_Light.psd using Guid(64b9fad609434c489c32b1cdf2004a1c) (TextureImporter) -> (artifact id: '1ff5fae1579474248d7ca27dec0e3873') in 0.165802 seconds
Start importing Assets/CartoonMilitaryModelPack/Textures/Other_Texture/Plane_Texture2.png using Guid(64d9036669e504abaa7aeecd88613b93) (TextureImporter) -> (artifact id: 'ddf20ffbd0bdbec6ebd0a5299e1bc8ce') in 0.5263523 seconds
Start importing Assets/HQ Hangar Free/Scene/ExampleScene/Lightmap-30_comp_light.exr using Guid(642a11d4cc2416949bce08701ded5bd7) (TextureImporter) -> (artifact id: '6ee61f3c434b7fe05285ad469d05925d') in 0.6163714 seconds
Start importing Assets/textura/Camouflage Texture Pack/1K/Woodlands_Color/Seed_4/Camouflage_Cells_Big_Pattern_4_1K_WL.png using Guid(642c0bf370917c04283f185b50c92fb1) (TextureImporter) -> (artifact id: 'ea932643ec975b58324922640598399b') in 0.194308 seconds
Start importing Packages/com.unity.ai.navigation/EditorResources/Overlay/d_NavigationOverlay On@256.png using Guid(642f7453935154b44afc516c07b1d009) (TextureImporter) -> (artifact id: 'aac6c06e803a4dfdcb424eb45bab8f7c') in 0.0282068 seconds
Start importing Packages/com.unity.splines/Editor/Editor Resources/Icons/SplineComponent@2x.png using Guid(74e0f4cadf762ff468bb8bb11c2ca3c7) (TextureImporter) -> (artifact id: '7f1fd470d39a043c9c79962384adedf0') in 0.1746376 seconds
Start importing Assets/textura/Camouflage Texture Pack/2K/Woodlands_Color/Seed_5/Camouflage_Dotty_Pattern_5_2K_WL.png using Guid(7435a4d0368e66b4d80e1e62785c4cf5) (TextureImporter) -> (artifact id: 'feac6a9d84b848ceecd5a1f5f1c2677b') in 0.7493262 seconds
Start importing Assets/ModularLowpolyStreetsFree/Materials/Roads/Textures/Pavement_AlbedoGloss.png using Guid(7407d73a62bba1a4b8b183b3caf851c3) (TextureImporter) -> (artifact id: '069d5600c97a9459bdf47c7f62a794ea') in 0.9605353 seconds
Start importing Packages/com.unity.2d.sprite/Editor/Assets/d_SpriteEditor@2x.png using Guid(74d9036aa1bb14ccfafb89d639870288) (TextureImporter) -> (artifact id: '962a0c7096daa1e38b06a566dc5e9602') in 0.0761639 seconds
Start importing Packages/com.unity.postprocessing/PostProcessing/Textures/BlueNoise64px/LDR_LLL1_18.png using Guid(74aca53eb7273624baffc2bf5e5cc173) (TextureImporter) -> (artifact id: '5dc73cb851d07cc6043127a028ad7e07') in 0.0360011 seconds
Start importing Assets/Civil Transport Aircraft/Textures/YellowPalette.png using Guid(74dcb45df2e44234fbd97d62fdf2ef14) (TextureImporter) -> (artifact id: '68d1535b7812feb46ebca8ec2cc5be2a') in 0.2095899 seconds
Start importing Packages/com.unity.terrain-tools/Editor/Icons/TerrainOverlays/BrushSettingIcons/Opacity.png using Guid(749d23f2f0e0640ef89d0e826e56d74d) (TextureImporter) -> (artifact id: '8460ebc5eecd57a098f39c0d22f3e3c7') in 0.0295311 seconds
Start importing Packages/com.unity.visualscripting/Graphics/Icons_16x_72dpi.psd using Guid(749d1db079e2d5e4ea440488ee312b04) (TextureImporter) -> (artifact id: '5fb6e06b27e7ecb513e3a9b40342ebf8') in 0.0483973 seconds
Start importing Assets/SolarPanel/Assets/Textures/Panel/PanelNormalMap.png using Guid(745ee60262058d24fb98e0b37d0bcee6) (TextureImporter) -> (artifact id: '8c472757b22f9b414261577a469b9c0e') in 0.2481738 seconds
Start importing Assets/Prefabs/Navios_Guerra/Des_Wall/Gemini_Generated_Image_iq39epiq39epiq39.png using Guid(749f119ad3c6d3243a3c92222db81529) (TextureImporter) -> (artifact id: '0e5049c13195997b6346753266ef9f34') in 0.3762145 seconds
Start importing Packages/com.unity.collab-proxy/Editor/Assets/Images/iconaddedoverlay@2x.png using Guid(74ef721fef79c44489d4e3edb0ab0c01) (TextureImporter) -> (artifact id: '6fbf82fa2b7ea682b09beacdcdb38d22') in 0.0217882 seconds
Start importing Packages/com.unity.render-pipelines.core/Editor/Lighting/Icons/PresetFill_Left.png using Guid(84767f608f72f5a4090837fc328dd75f) (TextureImporter) -> (artifact id: 'd47ec004e56d0e4968bc82db13be3f16') in 0.1364043 seconds
Start importing Packages/com.unity.collab-proxy/Editor/Assets/Images/iconrepository@2x.png using Guid(84f696eaa6e195043b22f318aa59b058) (TextureImporter) -> (artifact id: 'f83fb9744c818bdd10736969f7e7facd') in 0.0305793 seconds
Start importing Packages/com.unity.render-pipelines.core/Editor/LookDev/Icons/d_LeftArrow.png using Guid(84189b4c7caeef3419b6b031b8812685) (TextureImporter) -> (artifact id: '8a1bb05d450c0dbb2ae3eb61edc453e7') in 0.0441241 seconds
Start importing Assets/textura/Camouflage Texture Pack/2K/Desert_color/Seed_2/Camouflage_Tiger_Pattern_2_2K_DS.png using Guid(841bc129fb9c0f54ab2dfe3723dfd289) (TextureImporter) -> (artifact id: '48249e1dfb76442808c634a43c79d944') in 0.6147197 seconds
Start importing Assets/textura/Camouflage Texture Pack/1K/Woodlands_Color/Seed_5/Camouflage_Polygon_Pattern_5_1K_WL.png using Guid(84bdb34841db6884fb8ddeefa467d2c8) (TextureImporter) -> (artifact id: '8be789906540cbc1afc143da2a0099b3') in 0.1684892 seconds
Start importing Packages/com.unity.2d.tilemap/Editor/Icons/d_Tilemap.EditPalette.png using Guid(84cd96391d8e912479adff56b3500191) (TextureImporter) -> (artifact id: 'd6978dbcc6220a7b25c7e88fe0434c62') in 0.032732 seconds
Start importing Assets/MarpaStudio/Textures/Stool_Normal.png using Guid(843e8d0ec2995bd43aab05bea8cfc041) (TextureImporter) -> (artifact id: '5b41041be0643291fc32d25e52923214') in 0.27803 seconds
Start importing Assets/Gwangju_3D asset/17_GwangjuBiennale/Textures/Inner/GbSteelWire_BaseMap.png using Guid(949139a1c146ddb4495abcae844f6bd1) (TextureImporter) -> (artifact id: 'caf309620887329752e2d5efdbe2525f') in 0.1132303 seconds
Start importing Assets/Prefabs/Veiculos/Tank_C1/Gemini_Generated_Image_xe7tpoxe7tpoxe7t.png using Guid(9424345f86868da4fbfeb50fa6f5f134) (TextureImporter) -> (artifact id: 'a81fee370b5c1b839a3d3b83b3798fa5') in 0.3373327 seconds
Start importing Packages/com.unity.visualscripting/Editor/VisualScripting.Core/IconMap/UnityMessageListener@32x.png using Guid(9494e5b136d34c74f96fb0df4a7b9a77) (TextureImporter) -> (artifact id: '5c377bc46e84b7604c8d94380d74eb75') in 0.0258244 seconds
Start importing Packages/com.unity.shadergraph/Editor/Resources/GraphView/Nodes/NodeChevronUp@2x.png using Guid(94c5e3f4e8affed4285a0c674a431b9e) (TextureImporter) -> (artifact id: 'a6f92b666952fad93bf18e3403ac3a02') in 0.0423155 seconds
Start importing Assets/textura/Camouflage Texture Pack/128x128 (PSX)/Woodlands_color/Seed_5/Camouflage_Pixel_Pattern_5_128_WL.png using Guid(94b69be75707ba04a97daa8796e9f86b) (TextureImporter) -> (artifact id: '8edd1d4d0ebb04832754ac8b3a356f92') in 0.0435372 seconds
Start importing Assets/Prefabs/Imobiliario/medieval-castle/source/CastleTexture 2/CastleTexture/Stairs_occlusionRoughnessMetallic.jpg using Guid(940721787b7daa741b424eface14fd53) (TextureImporter) -> (artifact id: 'defcddee9511b34f4dc93796d3a9c0da') in 0.3706284 seconds
Start importing Assets/ZIL130_MilitaryTruck/Textures/Truck_NRM.png using Guid(942931ca21f9c34449c5b3536dee0547) (TextureImporter) -> (artifact id: '2bc8133c0f5d003c3b83c61386f08176') in 1.1996249 seconds
Start importing Packages/com.unity.render-pipelines.core/Editor/Lighting/Icons/LightUnitIcons/d_SoftAreaLight.png using Guid(940a20d919196f1408474a7b7057f4b9) (TextureImporter) -> (artifact id: 'a3ae3d945cdd89715584bdd861708a63') in 0.0347878 seconds
Start importing Packages/com.unity.inputsystem/InputSystem/Editor/Icons/d_Touch.png using Guid(94fa2e214a138425e8afbbe1329e0b55) (TextureImporter) -> (artifact id: '9da767d94c99abe7a543fc4914d8208d') in 0.033086 seconds
Start importing Assets/MarpaStudio/Textures/InsidePillarSmall_AO.png using Guid(947b0126e4702e643b4801256b0d4bb0) (TextureImporter) -> (artifact id: '94bc394515fe274f3ad6ae1a31c0efc2') in 0.3638107 seconds
Start importing Packages/com.unity.render-pipelines.core/Editor/LookDev/Icons/d_Link.png using Guid(94ec4fdf9502c3747b5c0754ca18919e) (TextureImporter) -> (artifact id: '4195e7ecd0b7aa8fc1dcd912a07bf0b5') in 0.0589448 seconds
Start importing Packages/com.unity.inputsystem/InputSystem/Editor/AssetEditor/PackageResources/pro/actionTreeBackgroundWithoutBorder.png using Guid(943deaaee9c9347e0a455aa208526c42) (TextureImporter) -> (artifact id: '6d802cf24f73130f5626ee069ccf6709') in 0.038831 seconds
Start importing Packages/com.unity.2d.tilemap/Editor/Icons/GridSelection@2x.png using Guid(949e98ac1c07e424685f43f530864a7c) (TextureImporter) -> (artifact id: '32385dcbecd799947152c4958a440395') in 0.0370092 seconds
Start importing Assets/ModularLowpolyStreetsFree/Materials/Other/Textures/Pole-1_Normal.png using Guid(94ce58bb592704547bcf0212b1e1551f) (TextureImporter) -> (artifact id: '31efb9d64bbf17063236dd03d2c17146') in 0.069483 seconds
Start importing Packages/com.unity.collab-proxy/Editor/Assets/Images/iconpressedclosebutton.png using Guid(94fe868620119564f9474f40cd6145aa) (TextureImporter) -> (artifact id: '46f4f1986adce8d89ec83579e3ae0238') in 0.0492614 seconds
Start importing Packages/com.unity.2d.tilemap/Editor/Icons/EditorUI.Filter@2x.png using Guid(943f98e6f10ab4d4883cdc5198a68118) (TextureImporter) -> (artifact id: '66d4a97f9e2862a7919f0d6abb76ffd8') in 0.0606568 seconds
Start importing Packages/com.unity.timeline/Editor/StyleSheets/Images/Icons/Timeline-Marker-Warning-Overlay.png using Guid(945f4ecec6df62244b9ebcc363833642) (TextureImporter) -> (artifact id: 'c74922cb0631794c788455b7eeae21f0') in 0.0536136 seconds
Start importing Packages/com.unity.inputsystem/InputSystem/Editor/Icons/Joystick@3x.png using Guid(a4610f64a5a4e4625b1ddbd44b04c5a6) (TextureImporter) -> (artifact id: 'e8205c192c662914442e834b369d9209') in 0.0550997 seconds
Start importing Assets/SUIMONO - WATER SYSTEM 2/TEXTURES/_CausticTextures/save.28.psd using Guid(a40382bada7f980409a1d49d21e2e802) (TextureImporter) -> (artifact id: '49d5eca0551d9655cbaa711df045e269') in 0.0945084 seconds
Start importing Assets/Mar_Feito/Models/NCGC_VAKTA/Materials/hull/hull_diff.tga using Guid(a423c1840c9360a44af83690c72c54db) (TextureImporter) -> (artifact id: '394e8c607ae7e61de2d84fd286058988') in 0.1040765 seconds
Start importing Assets/Gwangju_3D asset/Scenes/17_Gwangju_Biennale_Inner/Lightmap-5_comp_dir.png using Guid(a433f9a32f32f6a4bb09abc5561421c1) (TextureImporter) -> (artifact id: '293dec37806941747e247883ac2309b5') in 1.4676976 seconds
Start importing Packages/com.unity.render-pipelines.core/Editor/LookDev/Icons/d_Environment@2x.png using Guid(a4638c6b8e07c0b49822ed7a91a96d0a) (TextureImporter) -> (artifact id: '5500496d9599f951775cc502ca66ac00') in 0.1753661 seconds
Start importing Assets/Prefabs/Imobiliario/medieval-castle/textures/Front_Rampart_normal.jpeg using Guid(a4a4f853c54e892479c4b5cbc6e26f9e) (TextureImporter) -> (artifact id: '8b1b7bada83c98a8398f683a7258b4ba') in 0.358936 seconds
Start importing Packages/com.unity.inputsystem/InputSystem/Editor/Icons/TrackedPoseDriver.png using Guid(a4d5a38cb01e9c54aa75431f797059cb) (TextureImporter) -> (artifact id: 'f79d9b18485bc9d4048f80f74d46c5b9') in 0.0352767 seconds
Start importing Packages/com.unity.terrain-tools/Editor/Icons/TerrainOverlays/Contrast_On@2x.png using Guid(a4b6a74df406444679595b043b50ed47) (TextureImporter) -> (artifact id: '9bb0793e296ffed90743ab25a7aed9b9') in 0.1661842 seconds
Start importing Assets/Industrial_Zone_Modular_Pack/Textures/Props/Metal_Props/Metal_Props.png using Guid(a4370886fc3dd3646adaf90106a8babd) (TextureImporter) -> (artifact id: '4cb98e0f155eda34befe2efb07f89f29') in 0.3063397 seconds
Start importing Assets/VegetationSpawner/_Demo/Materials/Textures/Bush.png using Guid(a45825649470a7b45a56ecd6a9fdae69) (TextureImporter) -> (artifact id: '5f90d5cc98200c7675763c39f00fc0d2') in 0.0738546 seconds
Start importing Packages/com.unity.postprocessing/PostProcessing/Textures/BlueNoise64px/LDR_LLL1_2.png using Guid(a469f920b21fc7c4fb5b950917ce2fb2) (TextureImporter) -> (artifact id: '308e702d7a12cdaca3c9ecdce4f7e86a') in 0.1533868 seconds
Start importing Assets/RPG_FPS_game_assets_industrial/Particles/Smoke/Smoke_v1/Source/Smoke_v1.png using Guid(a43b53426964237428777fa785440d6e) (TextureImporter) -> (artifact id: 'bd477fbc0dbd86ee5a6966370008ae78') in 0.1587226 seconds
Start importing Packages/com.unity.inputsystem/InputSystem/Editor/Icons/d_Add Binding.png using Guid(a4bbff684804d4c84b61cd0256cd2360) (TextureImporter) -> (artifact id: '94b211cbfa9f030f26972a8d1b9bf6b2') in 0.0256537 seconds
Start importing Assets/Industrial_Zone_Modular_Pack/Textures/Props/Silo_Big_1/Silo_Big_1_Metal_Smooth.png using Guid(a4fbb83bb8d68aa41a495150ffcbda31) (TextureImporter) -> (artifact id: '420ca463986bd99d87f699f7358da5c5') in 0.3319031 seconds
Start importing Packages/com.unity.inputsystem/InputSystem/Editor/Icons/Position@3x.png using Guid(a43c2c10c85c448b584c8f2840f86915) (TextureImporter) -> (artifact id: '98d1778db17474904f86913b2d91d5bc') in 0.020519 seconds
Start importing Assets/HQ Hangar Free/Textures/Concrete_floor/Concrete_floor_smooth_BaseMap.png using Guid(a43c5d7d690fc714aa33b31bee75ea75) (TextureImporter) -> (artifact id: 'eadea3cea2c94f173a9a4bdb9ca9ca2e') in 0.4485771 seconds
Start importing Packages/com.unity.inputsystem/InputSystem/Editor/Icons/Stick@3x.png using Guid(a4deca3e01bf64bfc9136f4cb3b41c9f) (TextureImporter) -> (artifact id: '7e7b560dc1fa7999f8c615201d741ee9') in 0.0506043 seconds
Start importing Packages/com.unity.render-pipelines.core/Editor/Resources/Gizmos/ProbeVolume.png using Guid(a4aff83690b661e4fab719effabef2a9) (TextureImporter) -> (artifact id: '223f4accff61c36b44a34bd43a4eeaad') in 0.073456 seconds
Start importing Assets/Prefabs/Aeroporto/Su20/Gemini_Generated_Image_rx8mgirx8mgirx8m.png using Guid(b462e42ff0a7ca94f86ed449e0b91a61) (TextureImporter) -> (artifact id: '2a2429a54cf1dd8b79b63f7538c31dd5') in 0.5278848 seconds
Start importing Assets/MarpaStudio/Textures/BarnPillarOutside_Normal.png using Guid(b414ddd28a02c734d9a5c9d4d09708c2) (TextureImporter) -> (artifact id: '9104583b3392873602f4ec8e5e80c37c') in 0.1909469 seconds
Start importing Assets/MarpaStudio/Textures/ChickenHouse_AO.png using Guid(b4c5f9aa4ab59144abb37553aa2386e0) (TextureImporter) -> (artifact id: '2e6f92e77d2f4e8eb6d542da3b30e370') in 0.2378897 seconds
Start importing Packages/com.unity.collab-proxy/Editor/Assets/Images/iconinviteusers@2x.png using Guid(b43651fb085b38445ade3f9de3ab0636) (TextureImporter) -> (artifact id: '0ec6b16e9d34b363d7a07ffb6b025dfd') in 0.0333879 seconds
Start importing Assets/TripoModels/military_helicopter_3d_model/military_helicopter_3d_model.fbm/military_helicopter_3d_model_tripo_part_30_basecolor.jpg using Guid(b42713320cbad7646aaff02dd5b72613) (TextureImporter) -> (artifact id: '590d5fc45a5312bf36952fe930495a5f') in 0.0323446 seconds
Start importing Assets/TerrainSampleAssets/Textures/Heightmaps/Mountain06_Heightmap.tif using Guid(b44a453c2397af74cb81885989043518) (TextureImporter) -> (artifact id: 'd00a0c2b9db2c141f36cd4fab5608ad3') in 0.0797327 seconds
Start importing Assets/TripoModels/military_helicopter_3d_model/military_helicopter_3d_model.fbm/military_helicopter_3d_model_tripo_part_72_basecolor.jpg using Guid(b4abaf79b28fae2458b4ab7c87670c2f) (TextureImporter) -> (artifact id: 'e36b64553404dcd167712f223adf38fc') in 0.1558719 seconds
Start importing Packages/com.unity.render-pipelines.universal/Textures/FilmGrain/Medium06.png using Guid(b4db8180660810945bf8d55ab44352ad) (TextureImporter) -> (artifact id: '809ee299dba1097575861f66d12aa0a4') in 0.0261271 seconds
Start importing Assets/HQ Hangar Free/Scene/ExampleScene/Lightmap-32_comp_dir.png using Guid(b40c0b80a4e86414db432a59d41e3629) (TextureImporter) -> (artifact id: '6212af004bc53aba9f5f22af4e8412b1') in 0.189945 seconds
Start importing Packages/com.unity.render-pipelines.universal/Editor/2D/Resources/LightCapTopRight.png using Guid(b42c95bdd7efefc43900dbbedc4a39f8) (TextureImporter) -> (artifact id: 'cdff7f7d920e520544093655467c056f') in 0.0181827 seconds
Start importing Assets/MarpaStudio/Textures/House_AO.png using Guid(b4ec9d4c1c2075e4a9e981ef3d73719e) (TextureImporter) -> (artifact id: '12e2cebec2173ad4a0951f1ed39b4301') in 0.3962447 seconds
Start importing Packages/com.unity.2d.tilemap/Editor/Icons/d_Tilemap.FocusGrid.png using Guid(b46d3a07716bc8b4296166d5ac10e492) (TextureImporter) -> (artifact id: '957b9890d6b45b8cf780521af024d878') in 0.033401 seconds
Start importing Assets/Mar_Feito/Models/NCGC_VAKTA/Materials/props/props_roughness.jpg using Guid(b48ddaf7c8c75eb41a822e3b752fdf5b) (TextureImporter) -> (artifact id: 'd84d42739337d9f79f75505754690cfd') in 0.3471596 seconds
Start importing Assets/textura/Camouflage Texture Pack/2K/Base_color/Camouflage_Woody_Desert_2K_Base.png using Guid(b47e231901b47094984976cb10f2a432) (TextureImporter) -> (artifact id: 'ebd6ba344f806928f4b00e70663a70a4') in 0.493729 seconds
Start importing Assets/RPG_FPS_game_assets_industrial/Containers/Cargo_container_v1/Source/Cargo_container_v1.tga using Guid(b40ffba02b740d0449a254f7d2eb87af) (TextureImporter) -> (artifact id: '57b4ae282ec7f22aad3decdc87411388') in 0.247492 seconds
Start importing Assets/Industrial_Zone_Modular_Pack/Textures/Hangar_Concrete/Hangar_Concrete_Roof_Tile.png using Guid(c4e145c487e0bc6488f7aaa15734c5bd) (TextureImporter) -> (artifact id: 'cfdbadbe96468589369c19a3c5fe44c5') in 0.5353478 seconds
Start importing Assets/CartoonMilitaryModelPack/Textures/MLSR_Texture/MLRS_01_Texture.png using Guid(c4620969694ce4fada114298219bc302) (TextureImporter) -> (artifact id: 'c55a41753d1b5f753f21a7104a50a443') in 0.6005555 seconds
Start importing Packages/com.unity.collab-proxy/Editor/Assets/Images/d_iconadd@2x.png using Guid(c41381829109cd84786a392ea6e3db60) (TextureImporter) -> (artifact id: '70c7e6f826534bdb7362f36160ce14f1') in 0.0338648 seconds
Start importing Assets/textura/Camouflage Texture Pack/128x128 (PSX)/Base_color/T_Demo_Camouflage_Polygon_Dark_128.png using Guid(c42332f6ab5d8e845a7f4fbd39648551) (TextureImporter) -> (artifact id: '44073ac94510b0e022da43c8aff9f8e2') in 0.0337968 seconds
Start importing Packages/com.unity.inputsystem/InputSystem/Editor/Icons/d_InputControl@2x.png using Guid(c4235c4abfa134435bd4c8c1f8fd8c56) (TextureImporter) -> (artifact id: '60be88e80bbc7890d9acbcfc11003de2') in 0.0502766 seconds
Start importing Assets/Prefabs/Navios_Guerra/Des_Wall/Gemini_Generated_Image_2rcba52rcba52rcb.png using Guid(c4932df486510e244869698a158d97df) (TextureImporter) -> (artifact id: '013fcaff6223c8428a62de76deaa0231') in 0.1589021 seconds
Start importing Assets/CartoonMilitaryModelPack/Textures/WarShip_Texture/Destroyer_01_Texture.png using Guid(c4c371075d8e1497e83c6d5d8f45a30a) (TextureImporter) -> (artifact id: '8c4795587ff0b6911cf6a9bb4d183823') in 0.8150248 seconds
Start importing Packages/com.unity.inputsystem/InputSystem/Editor/AssetEditor/PackageResources/pro/actionTreeBackground.png using Guid(c4b66e31395c54087a2fbc13ae7e0f3c) (TextureImporter) -> (artifact id: '31e1b15624936fcb7b3f5c6e3844b550') in 0.031076 seconds
Start importing Packages/com.unity.inputsystem/InputSystem/Editor/Icons/ChevronUp@4x.png using Guid(c4f7551c56dfb47a7a105b6579646d2f) (TextureImporter) -> (artifact id: 'ffd41394b182d32da033fa391540a47a') in 0.031445 seconds
Start importing Packages/com.unity.render-pipelines.core/Editor/Lighting/Icons/d_LightPlacement_Icon@32.png using Guid(c4f74ec1885109d438846c229989bcf9) (TextureImporter) -> (artifact id: 'f49f88432fdd899b75fd1ae60ea58a5c') in 0.0524594 seconds
Start importing Assets/Gwangju_3D asset/17_GwangjuBiennale/Textures/Inner/GbRedTile_MaskMap.png using Guid(c428ae8bfb7d88f4b885612bdb440af0) (TextureImporter) -> (artifact id: 'ad895793a54b71a98f5bf7550ba8f3bf') in 0.1488396 seconds
Start importing Assets/ModularLowpolyStreetsFree/Materials/Other/Textures/Traffic-light-EU-light_Emission.png using Guid(c4e87433199f7df42a7279e7c90bbd62) (TextureImporter) -> (artifact id: '1f1e534a231ebf1bba277c305a506215') in 0.1175404 seconds
Start importing Assets/textura/Camouflage Texture Pack/256x256 (PSX)/Base_color/Camouflage_Woodlands_Pattern_dotty_PSX_Base.png using Guid(c45bfc2cee2886b4fbf804cc9fb4b00d) (TextureImporter) -> (artifact id: '76f09e992a6d2d5ac272d1f8bdc2aa33') in 0.05597 seconds
Start importing Packages/com.unity.collab-proxy/Editor/Assets/Images/d_iconcurrentbranch@2x.png using Guid(c48b8bcda45b63442a7a7c7244c84635) (TextureImporter) -> (artifact id: '1437028d1a3ab5e4eda2e256d3b875fd') in 0.0260349 seconds
Start importing Packages/com.unity.terrain-tools/Editor/Icons/TerrainOverlays/d_Filter_Options@2x.png using Guid(c4cd38d7e9f444832ab278e9d2ee14d5) (TextureImporter) -> (artifact id: 'e94b3cb1f20df0e1b7c91d8a018937c6') in 0.0227482 seconds
Start importing Assets/Prefabs/Soldado_Rifle/50centbots-lloyd-banks/source/LloydBanks/LloydBanks/50CentTestSceneReflections_Emissive.png using Guid(d431c3ac95b492b459da2847839c5f87) (TextureImporter) -> (artifact id: '644962e608474b2585ee01fc7183ea39') in 0.0321335 seconds
Start importing Assets/RPG_FPS_game_assets_industrial/Barrels/Barrel_v1/Source/Barrel_v1.tga using Guid(d432d54d3a70da442896cc2f394cd34f) (TextureImporter) -> (artifact id: '3c356c7b313ee62a8c7c19a884ddca17') in 0.1038136 seconds
Start importing Assets/efeitos/WarFX/Mobile/Textures/Smoke/WFXM_T_SmokeLoopAlpha Average.tga using Guid(d4a2006d08ce68a41a5ca355a39d697e) (TextureImporter) -> (artifact id: 'e0224125f88ad97cf380d82838f9381e') in 0.0558476 seconds
Start importing Packages/com.unity.render-pipelines.universal/Textures/BlueNoise16/L/LDR_LLL1_19.png using Guid(d4044ea2490d63b43aa1765f8efbf8a9) (TextureImporter) -> (artifact id: '9de398439d3001313fecd0d2d58bf04a') in 0.0197727 seconds
Start importing Packages/com.unity.terrain-tools/Editor/Icons/TerrainOverlays/d_FlattenSlope@2x.png using Guid(d4a4fa2ef812b4167bf6744bd8d6b7d3) (TextureImporter) -> (artifact id: '98c9dc18dd97ba73539842f031a97c3a') in 0.0266778 seconds
Start importing Assets/Industrial_Zone_Modular_Pack/Textures/Props/Road_Blockers/Road_Blockers_2_Normal.png using Guid(d4e60d4368597114b85588fe29c86623) (TextureImporter) -> (artifact id: '1e8a47937c28a033ce1e545ffbc7134a') in 0.319051 seconds
Start importing Packages/com.unity.render-pipelines.core/Editor/Icons/MipLevels/VolumeProfile@32.png using Guid(d437cf5f006f8e74eb25c84d04daa681) (TextureImporter) -> (artifact id: 'c49ac6f234d62dbbc3e92d051d7a3451') in 0.0349605 seconds
Start importing Packages/com.unity.terrain-tools/Editor/Icons/TerrainOverlays/d_Smudge_On.png using Guid(d4d7bfec64a6c464a8cb78190568308e) (TextureImporter) -> (artifact id: '27dc6452575a2699e5e65eaea7f26c9d') in 0.029999 seconds
Start importing Packages/com.unity.collab-proxy/Editor/Assets/Images/stepok.png using Guid(d4780dc1205c7c7478c970d8c61d24e8) (TextureImporter) -> (artifact id: 'a007dd902ed9cca4593ef27450c25dab') in 0.0321366 seconds
Start importing Assets/textura/Camouflage Texture Pack/1K/Desert_color/Seed_1/Camouflage_Net_Pattern_1_1K_DS.png using Guid(d4b8484834ea4a840982ff9a1d96c97f) (TextureImporter) -> (artifact id: '3de5d3f8012e00ce0f520780077abe9d') in 0.1785836 seconds
Start importing Assets/AllSkyFree/Cartoon Base BlueSky/Sky_Day_BlueSky_Equirect.png using Guid(d4c8dc343ae5d4673b7720ffdb1ddf00) (TextureImporter) -> (artifact id: '45a4b5685f46e189e75d3ee1e85a19f1') in 5.6504405 seconds
Start importing Assets/TerrainSampleAssets/Textures/Terrain/Grass_Moss_BaseColor.tif using Guid(d44cec25420524046b0137655ed7f307) (TextureImporter) -> (artifact id: '35b76ee0e2292ea0138e718b11d9fe18') in 0.7361142 seconds
Start importing Assets/CartoonMilitaryModelPack/Textures/CustomParts/LandingGear_Back_Texture.png using Guid(d48dad0a7c47c4bc8838eb0861db0070) (TextureImporter) -> (artifact id: 'da6365269897c09b0f8ffb580867cf13') in 0.5531363 seconds
Start importing Packages/com.unity.render-pipelines.core/Runtime/Debugging/Prefabs/Textures/UIElement8px.png using Guid(d49e78756811bfa4aafb8b6535417991) (TextureImporter) -> (artifact id: 'a496c415c779f1f830d6ce9ad3f5709e') in 0.1080717 seconds
Start importing Packages/com.unity.timeline/Editor/StyleSheets/Images/Icons/TimelineClipBG.png using Guid(d44fc8b11425e0043aa7c20a301ce707) (TextureImporter) -> (artifact id: 'de087718143f363e5ca91e5f754a231e') in 0.2079171 seconds
Start importing Packages/com.unity.collab-proxy/Editor/Assets/Images/d_iconbrex.png using Guid(d44f9c7a4044e1845b5b3627ba32fb10) (TextureImporter) -> (artifact id: '2b5a6c0857ec7336abb1430d15835e2b') in 0.0198346 seconds
Start importing Assets/MarpaStudio/Textures/Railing_Height.png using Guid(d45f454816a6b954ab128ce213f0ba4f) (TextureImporter) -> (artifact id: 'd57de8b7918325b88b46aea112eba721') in 0.2123113 seconds
Start importing Packages/com.unity.splines/Editor/Editor Resources/Icons/ToolHandleParent@2x.png using Guid(d4cfecd590dd84bae905de63a1fc94ae) (TextureImporter) -> (artifact id: 'c4ad86901a51b2bf26f9f763efb85861') in 0.0170519 seconds
Start importing Packages/com.unity.render-pipelines.core/Editor/Lighting/Icons/LightUnitIcons/IntenseAreaLight.png using Guid(d4df75c76c1661847b6902f889b44bcb) (TextureImporter) -> (artifact id: '7fdd1c8b4c7354e571ac1019a1952ffa') in 0.1857792 seconds
Start importing Packages/com.unity.collab-proxy/Editor/Assets/Images/iconoutofsyncoverlay.png using Guid(e4517bb2f521d99439ec9981a44a87ec) (TextureImporter) -> (artifact id: '0b3db09bc0253c3d89f6058a631ca538') in 0.0207731 seconds
Start importing Assets/Navios-comerciais/Simple Boats and Tankers/Materials/Textures/Body.png using Guid(e4c176d412ff0d249a06118b80747140) (TextureImporter) -> (artifact id: '35af7cbe99d1531bb2a912d4e350f617') in 0.2271286 seconds
Start importing Assets/textura/Camouflage Texture Pack/2K/Base_color/Camouflage_Strichtarn_Dark_2K_Base.png using Guid(e4624968ba20cb543a1128bf35c304d4) (TextureImporter) -> (artifact id: '3e9a98da7b4a45d80b70bd8412035ae1') in 0.5081721 seconds
Start importing Packages/com.unity.collab-proxy/Editor/Assets/Images/iconbranches@2x.png using Guid(e45389a8a97044d4caf408f252370632) (TextureImporter) -> (artifact id: '789535801df20ceb378b1d60b88563b5') in 0.0167698 seconds
Start importing Packages/com.unity.terrain-tools/Editor/Icons/TerrainOverlays/Terrace_On.png using Guid(e4d31c51b5924894fbfffcd236f0fb04) (TextureImporter) -> (artifact id: '7af26de2ef97e217e925a2234ddec056') in 0.16689 seconds
Start importing Packages/com.unity.render-pipelines.core/Editor/Lighting/Icons/LightUnitIcons/d_VeryBrightSun@2x.png using Guid(e4e685bec200b3c45a29e88e2eeb8ddb) (TextureImporter) -> (artifact id: 'dd2567e5dbeb5d58d4d16df4dc01fdd9') in 0.0219719 seconds
Start importing Assets/textura/Camouflage Texture Pack/128x128 (PSX)/Desert_color/Seed_3/Camouflage_Dotty_Pattern_3_128_DS.png using Guid(e4d8dd0df7e5502448f23102313aca87) (TextureImporter) -> (artifact id: '07a9bfdd8285d0b1882c3f9af62fcfea') in 0.1650365 seconds
Start importing Packages/com.unity.ai.navigation/Gizmos/NavMeshSurface Icon.png using Guid(e4f97225bcfb64760a1c81f460837f01) (TextureImporter) -> (artifact id: 'ce3452b4ab8a72c3fe8e6aabdc2c93f6') in 0.1682897 seconds
Start importing Packages/com.unity.2d.tilemap/Editor/Icons/d_Grid.RotateCW@2x.png using Guid(e41a6ab3ac7354642a9006c03183e95e) (TextureImporter) -> (artifact id: '45001d4872330d6890a74b4c29bf5f9b') in 0.0197781 seconds
Start importing Packages/com.unity.inputsystem/InputSystem/Editor/Icons/d_ChevronUp@4x.png using Guid(e46ad23216d074f828f3437b21912c64) (TextureImporter) -> (artifact id: '2647ed04959efcf686f7a8517134eac9') in 0.1729955 seconds
Start importing Assets/ModularLowpolyStreetsFree/Materials/Other/Textures/Sewer-hatch_AlbedoGloss.png using Guid(e4ef3596f32f7344f89c3678ee85f129) (TextureImporter) -> (artifact id: '7f3c931a23055d6a286cb279bd0cb106') in 0.0316525 seconds
Start importing Assets/Art/IconesGerados/USS_Ironclad_Icon.png using Guid(f420af5cba9e52e4ab5eaaa49e6a609d) (TextureImporter) -> (artifact id: 'bcd5a483c440ff429e8fcf9c9a97d5c0') in 0.052537 seconds
Start importing Assets/ProceduralTerrainPainter/_Demo/Textures/Ground_008_Albedo.png using Guid(f4c2b7e2446a93443a8602ed52450824) (TextureImporter) -> (artifact id: 'd5720703ae916b743b9e2b071b20c6e9') in 0.0750544 seconds
Start importing Assets/textura/Camouflage Texture Pack/256x256 (PSX)/Woodlands_color/Seed_1/Camouflage_Net_Pattern_1_PSX_WL.png using Guid(f4f390d52c31e4e4dbed9221890976b2) (TextureImporter) -> (artifact id: 'bd2bcfa2afa5913c9222471881718be5') in 0.0418142 seconds
Start importing Assets/TripoModels/military_helicopter_3d_model/military_helicopter_3d_model.fbm/military_helicopter_3d_model_tripo_part_4_basecolor.jpg using Guid(f4947b3f756c8d04faac42200994e1e1) (TextureImporter) -> (artifact id: '4d02e4d73767a88913598a46ea0bc876') in 0.0569375 seconds
Start importing Assets/textura/Camouflage Texture Pack/1K/Woodlands_Color/Seed_1/Camouflage_Woodlands_Classic_Pattern_1_1K_WL.png using Guid(f4b4f28160df6fa4f9d60903ca08ed78) (TextureImporter) -> (artifact id: '2e609fab5148a652fad5739180bf7cef') in 0.1120198 seconds
Start importing Packages/com.unity.collab-proxy/Editor/Assets/Images/d_ArrowCaretRight.png using Guid(f4d4cddc7d40e49e18d2253e661465b2) (TextureImporter) -> (artifact id: '4e637226cc87d3774bc922f62f0800ff') in 0.0294779 seconds
Start importing Packages/com.unity.inputsystem/InputSystem/Editor/Icons/d_Interactive Binding@4x.png using Guid(f4e6ca70dd9734da1a812be882c6364e) (TextureImporter) -> (artifact id: '60a61c2f9ce89895aa925169588d6909') in 0.0333191 seconds
Start importing Assets/textura/Camouflage Texture Pack/2K/Urban_color/Seed_1/Camouflage_DBDU_Pattern_1_2K_UB.png using Guid(f4d736707b218ca4181b120ec40788ec) (TextureImporter) -> (artifact id: 'fb153734591de380e981015c83088486') in 0.3815188 seconds
Start importing Packages/com.unity.render-pipelines.universal/Editor/2D/Resources/LightCapTopLeft.png using Guid(f4f779c88fa8c514d970afbd68ff6b3f) (TextureImporter) -> (artifact id: '91339b5284458b5b70967b059783a190') in 0.0414734 seconds
Start importing Packages/com.unity.postprocessing/PostProcessing/Textures/BlueNoise64px/LDR_LLL1_25.png using Guid(f4b8ab78b57749d4e96d36f6d8a395d0) (TextureImporter) -> (artifact id: '4c228d98fd66b127b093667419f05dae') in 0.0286205 seconds
Start importing Packages/com.unity.collab-proxy/Editor/Assets/Images/iconhistory.png using Guid(f42a69ee6b34c4a8eb57e17686d6ab67) (TextureImporter) -> (artifact id: '8ea90179ed29a04bb228ce66e863b413') in 0.0470659 seconds
Start importing Packages/com.unity.terrain-tools/Editor/Icons/TerrainOverlays/WindErosion@2x.png using Guid(f44a3d8ea04cd41dea03dc01fb383eed) (TextureImporter) -> (artifact id: '08abf3e123e2c02503e06425f28a564a') in 0.09002 seconds
Start importing Assets/textura/Camouflage Texture Pack/128x128 (PSX)/Base_color/T_Demo_Camouflage_Pixel_Urban_128.png using Guid(f4cae8a5e8f195d4385cca4942f14321) (TextureImporter) -> (artifact id: 'ad7f16fd615773dead430fc46659f36a') in 0.0372509 seconds
Start importing Assets/Gwangju_3D asset/Scenes/17_Gwangju_Biennale_Inner/Lightmap-2_comp_dir.png using Guid(f4dad5d62353074439fdf65de6a8c1fd) (TextureImporter) -> (artifact id: '8bb130e5edbd296aad90852ef43344cd') in 1.8067729 seconds
Start importing Packages/com.unity.render-pipelines.core/Editor/Lighting/Icons/DownSnatch.png using Guid(f4efccbcc00042141b8f7f63392439b5) (TextureImporter) -> (artifact id: '40d3ffd010cc765338016fd6add2bb15') in 0.0594947 seconds
Start importing Assets/Industrial_Zone_Modular_Pack/Textures/Props/Silo_Small_1/Silo_Small_1.png using Guid(0530639682fe18a4c8353c643c525e46) (TextureImporter) -> (artifact id: '9c098874cfd83f0e029ed8f172c306b4') in 0.3134996 seconds
Start importing Assets/RPG_FPS_game_assets_industrial/Other_props/Electric_box/Electric_box_v1/Source/Electric_box_v1.tga using Guid(057064944ec7aca4dabc5785ae094d31) (TextureImporter) -> (artifact id: '9925193c967155c987aa6b94af73b582') in 0.2059138 seconds
Start importing Assets/MarpaStudio/Textures/Pillar01_Metallic.png using Guid(05c0aa33227692f42b9acb009b639b88) (TextureImporter) -> (artifact id: 'c241c4929efaaf3c96dc3c40f1fc2a17') in 0.5177193 seconds
Start importing Assets/textura/Camouflage Texture Pack/128x128 (PSX)/Woodlands_color/Seed_5/Camouflage_Tiger_Vertical_Dotty_Pattern_5_128_WL.png using Guid(05b2c36d0885c3846ab0eac662a9cece) (TextureImporter) -> (artifact id: '599f1530b47b7f9aee5865f582716c24') in 0.0368688 seconds
Start importing Packages/com.unity.2d.tilemap/Editor/Icons/d_GridSelection.png using Guid(0594f3299f18e6f41908492f9b359f6c) (TextureImporter) -> (artifact id: '45be84759e6a8226314320971c819632') in 0.024379 seconds
Start importing Assets/Prefabs/Construtor de Veiculos/Gemini_Generated_Image_hqd881hqd881hqd8.png using Guid(05c4c9a9cb8d2df4fb5d12cc92ce0cfa) (TextureImporter) -> (artifact id: '85513c17992bc896033b62d20c48246e') in 0.3458931 seconds
Start importing Assets/SUIMONO - WATER SYSTEM 2/TEXTURES/_CausticTextures/save.12.psd using Guid(05159f3702ce28842860926c7a824022) (TextureImporter) -> (artifact id: 'cf51b4f1956a6ba89acfb7862ac697c5') in 0.1818228 seconds
Start importing Packages/com.unity.collab-proxy/Editor/Assets/Images/d_iconclosebutton@2x.png using Guid(0525793900d728a42936791a8a6de63b) (TextureImporter) -> (artifact id: '7ad2449e341404ce783cc1480cd8450c') in 0.0278509 seconds
Start importing Assets/textura/Camouflage Texture Pack/256x256 (PSX)/Base_color/Camouflage_Strichtarn_Light_PSX_Base.png using Guid(05f5e4ed0f790a4478d087fbaefa04fa) (TextureImporter) -> (artifact id: '32b3dec783a6ca006dc23836075d4760') in 0.0355346 seconds
Start importing Assets/textura/Camouflage Texture Pack/256x256 (PSX)/Urban_color/Seed_1/Camouflage_Net_Pattern_1_PSX_UB.png using Guid(054663419c4363e4e8a144a637d2a219) (TextureImporter) -> (artifact id: '61d904bfcd2a42ea65876e54a8e9da20') in 0.0327821 seconds
Start importing Assets/ModularLowpolyStreetsFree/Materials/Roads/Textures/Road-1-line_Normal.png using Guid(055603b0f19c46e468d181389ad7321b) (TextureImporter) -> (artifact id: '99f8d4e6ece08ff43b5ff2bb1620d2c9') in 0.3759183 seconds
Start importing Assets/Gwangju_3D asset/Scenes/17_Gwangju_Biennale_Inner/ReflectionProbe-14.exr using Guid(05f6f96b14d6a444b95e1bce7adaf1ac) (TextureImporter)Starting cubemap convolution for '' (size 128)
...took 0.176 seconds
 -> (artifact id: '6695be594eb2cc6a464ddbb541e2cdb4') in 0.4994091 seconds
Start importing Assets/MarpaStudio/Textures/OutHouseBase_AO.png using Guid(051a09e2e40c27b4ba75fbdb2f6be2a6) (TextureImporter) -> (artifact id: '4792e8673519d32a2056881223f3b849') in 0.2408065 seconds
Start importing Assets/ModularLowpolyStreetsFree/Materials/Roads/Textures/Border_AlbedoGloss.png using Guid(058a3fcbc1b65df499fd588df334e07a) (TextureImporter) -> (artifact id: '6d77c92117cc7c018ab058878fa5a50b') in 0.0563466 seconds
Start importing Assets/Gwangju_3D asset/17_GwangjuBiennale/Textures/Outter/GbOutterRoof_BaseMap.png using Guid(05aa7b1b2cc59a34fbbc3a0acb2d8873) (TextureImporter) -> (artifact id: 'fa85889c60169386745726d9e6e01aa3') in 0.0552055 seconds
Start importing Packages/com.unity.collab-proxy/Editor/Assets/Images/d_inclusionrule.png using Guid(05ba7199286b24c6ca7441e2c454f5c3) (TextureImporter) -> (artifact id: '011761ad95f36e01e880481f338bce69') in 0.0201829 seconds
Start importing Packages/com.unity.inputsystem/InputSystem/Editor/Icons/Mouse@3x.png using Guid(05bbafd21bf3c4cca93cb8ddfbbd4070) (TextureImporter) -> (artifact id: '5bf6d467f62cbaefe15ec617e5a5a998') in 0.0185118 seconds
Start importing Assets/TripoModels/military_helicopter_3d_model/military_helicopter_3d_model.fbm/military_helicopter_3d_model_tripo_part_6_basecolor.jpg using Guid(051c07f68b4913147995746601a2844b) (TextureImporter) -> (artifact id: 'e323f4c50c7cc05b45b5db7e4755aac6') in 0.0265839 seconds
Start importing Packages/com.unity.collab-proxy/Editor/Assets/Images/d_iconconflictresolvedoverlay.png using Guid(056ee72c467a4e24d87541d42839ca72) (TextureImporter) -> (artifact id: '0992164f74e6ca9e1b6175ab3986aaca') in 0.2298567 seconds
Start importing Assets/Prefabs/Imobiliario/medieval-castle/textures/CastleGround_baseColor.jpeg using Guid(059f6f77ffe28364fadb85b57d1a58c3) (TextureImporter) -> (artifact id: 'a53f050fa4ee729d12e58d9e29b152d2') in 0.1858268 seconds
Start importing Assets/Prefabs/Imobiliario/medieval-castle/source/CastleTexture 2/CastleTexture/Front_Rampart_occlusionRoughnessMetallic.jpg using Guid(05bf23f3010567944bee00a5841cff8a) (TextureImporter) -> (artifact id: '8ffafdcb43ef974a4fed6c4b791f3d06') in 0.253428 seconds
Start importing Assets/Prefabs/Imobiliario/Fabrica/Gemini_Generated_Image_nji2k3nji2k3nji2.png using Guid(05ffbc58595f184429b2d9127e0fbd73) (TextureImporter) -> (artifact id: '0042851b82a9909de0abf79a77701085') in 0.3783985 seconds
Start importing Assets/textura/Camouflage Texture Pack/128x128 (PSX)/Woodlands_color/Seed_4/Camouflage_Polygon_Pattern_4_128_WL.png using Guid(1520338f49a45754da77eb955e20ce2a) (TextureImporter) -> (artifact id: '917f1f3869482cc0abff8f9ce9126b77') in 0.1544053 seconds
Start importing Assets/ModularLowpolyStreetsFree/Materials/Other/Textures/Pole-light_AlbedoGloss.png using Guid(1501206ad5b888744bef6bc8d058d6f3) (TextureImporter) -> (artifact id: '01ef88b6fbd5c716771079439cad734f') in 0.0215863 seconds
Start importing Assets/MarpaStudio/Textures/OldShed_Normal.png using Guid(156105f8eb2827f498a612e20a962609) (TextureImporter) -> (artifact id: 'fc45853e1863cd9581cc510ccf00c400') in 0.4046111 seconds
Start importing Assets/CartoonMilitaryModelPack/Textures/Jet_Texture/Jet_03_Texture.png using Guid(1543b99d71ce64c9e8bf432e02ad66de) (TextureImporter) -> (artifact id: 'b8f1b7e73c536e12ac9fd605601cd49c') in 0.7011592 seconds
Start importing Packages/com.unity.terrain-tools/Editor/Icons/TerrainOverlays/SetHeight_On.png using Guid(1553023c35d946249b7ad46ad2b76e00) (TextureImporter) -> (artifact id: 'd83192ed27122532325dd2248c3e96e2') in 0.0177747 seconds
Start importing Packages/com.unity.timeline/Editor/StyleSheets/Images/Icons/TimelineSignal.png using Guid(15845fb26c2846947b4dedb9fb348cc1) (TextureImporter) -> (artifact id: '2820a52f4c337c40f9b1abd1ef742c8b') in 0.020967 seconds
Start importing Packages/com.unity.postprocessing/PostProcessing/Textures/BlueNoise64px/LDR_LLL1_44.png using Guid(15e54aa23a938444389469d53765d741) (TextureImporter) -> (artifact id: '20bf356ea83070fea70f98aae288a5cc') in 0.019169 seconds
Start importing Packages/com.unity.ai.navigation/EditorResources/Overlay/NavigationOverlay On@64.png using Guid(151753cf3d5916d4fbf624668c268675) (TextureImporter) -> (artifact id: 'c7a0932b97fce1ee1d51ed82afc03265') in 0.1649718 seconds
Start importing Assets/MarpaStudio/Textures/SmallPlankCeiling_Albedo.png using Guid(15f786cffe542284aa1e0ec296ec968a) (TextureImporter) -> (artifact id: 'e387617ed8cb0a8086b70f7009f1911a') in 0.3455417 seconds
Start importing Assets/textura/Camouflage Texture Pack/1K/Base_color/Camouflage_Blue_Tiger_1K_Base.png using Guid(156a78cc7b80bca41a8c63e7099c84a3) (TextureImporter) -> (artifact id: '8468a3c48bc0b784ef5b561a31007edd') in 0.099565 seconds
Start importing Assets/textura/Camouflage Texture Pack/256x256 (PSX)/Woodlands_color/Seed_3/Camouflage_Pixel_Pattern_3_PSX_WL.png using Guid(151b3c2eea368c74d8614e29986b1270) (TextureImporter) -> (artifact id: 'c4f9a2eb756eece7b4e8c8c54980cafa') in 0.029868 seconds
Start importing Packages/com.unity.inputsystem/InputSystem/Editor/Icons/ChevronDown@2x.png using Guid(153c8e15f7f6c452ca50f6795813ed39) (TextureImporter) -> (artifact id: '9e5f856ae59f6fbadaf4a89ed8edc479') in 0.0350438 seconds
Start importing Assets/textura/Camouflage Texture Pack/128x128 (PSX)/Base_color/T_Demo_Camouflage_Woodland_Pixel_128.png using Guid(154d3422b77fa0443a495f5e52b8bf49) (TextureImporter) -> (artifact id: 'de8cb60420a7c3091d77b527efe27b20') in 0.0335261 seconds
Start importing Packages/com.unity.postprocessing/PostProcessing/Textures/BlueNoise64px/LDR_LLL1_16.png using Guid(153f7d6dfbe713d4884df0f1e243ba92) (TextureImporter) -> (artifact id: 'f721ff95f4c6b161dfdd430fb4d530d0') in 0.021149 seconds
Start importing Packages/com.unity.terrain-tools/Editor/Icons/TerrainOverlays/d_Stamp_On@2x.png using Guid(25c0de32282594a8891e8333c2de42d5) (TextureImporter) -> (artifact id: '33fb231d36d3499531b4faf109b91aab') in 0.1592119 seconds
Start importing Packages/com.unity.inputsystem/InputSystem/Editor/Icons/d_Position@2x.png using Guid(2552e303d22424da2ad62552efbd06e8) (TextureImporter) -> (artifact id: 'eb996035a2a4c892301d00079e1919a1') in 0.0212335 seconds
Start importing Assets/textura/Camouflage Texture Pack/1K/Desert_color/Seed_2/Camouflage_Net_Pattern_2_1K_DS.png using Guid(25e431c8ead09af4fb9e8b9b80be8953) (TextureImporter) -> (artifact id: 'b19a0ea3e38012c759517df974b86be3') in 0.1220858 seconds
Start importing Assets/Free Island Collection/Environment/Terrain/Textures/Mossy_Rock/Mossy_Rock_Diffuse.tif using Guid(25aa1e93d2be86643bb80bb91e46a79b) (TextureImporter) -> (artifact id: 'a67843f91681e5d398498dcabb91c13b') in 0.2687755 seconds
Start importing Assets/Prefabs/Imobiliario/medieval-castle/source/CastleTexture 2/CastleTexture/RampartStone_occlusionRoughnessMetallic.jpg using Guid(25caa41df7ac2c94fa0fe94c11c106e9) (TextureImporter) -> (artifact id: '6fc14de93dd92c62afc468f9fd6cc87e') in 0.298696 seconds
Start importing Packages/com.unity.terrain-tools/Editor/Icons/TerrainOverlays/Contrast_On.png using Guid(256f1f799854be1489a7aeda3c8b0d41) (TextureImporter) -> (artifact id: 'c719f2cbdb67a77d40e093ecbfe2be31') in 0.1637528 seconds
Start importing Packages/com.unity.collab-proxy/Editor/Assets/Images/iconclouddriveview@2x.png using Guid(259fe6e49c74eb143a9fc88f6bd3f050) (TextureImporter) -> (artifact id: '180b8c66854967939e125756236261fd') in 0.0211201 seconds
Start importing Assets/Gwangju_3D asset/17_GwangjuBiennale/Textures/Outter/GbPlateGrid_BaseMap.png using Guid(3580756be8dcfb24b948cd674745f5ae) (TextureImporter) -> (artifact id: '2a7d8585e52d1b88da52ae66d75ae640') in 0.2468726 seconds
Start importing Assets/HQ Hangar Free/Scene/ExampleScene/Lightmap-5_comp_dir.png using Guid(35907239beb435343ae26b4f27e76ce5) (TextureImporter) -> (artifact id: 'f892160c5e4d994aeb0935ad8f48e89d') in 0.8278645 seconds
Start importing Packages/com.unity.visualscripting/Graphics/Icons_32x_72dpi.psd using Guid(35a21b8c004950548af9fc81919e1aa9) (TextureImporter) -> (artifact id: 'e9725d9a5e9b57f61e7a4239b18f54f7') in 0.173292 seconds
Start importing Assets/ModularLowpolyStreetsFree/Materials/Other/Textures/Traffic-cone_AO.png using Guid(35c2ddfe368e88a49b7e6befefecf070) (TextureImporter) -> (artifact id: '1d300dd2cf035e6bddbf13350f9d3f7b') in 0.1477473 seconds
Start importing Packages/com.unity.render-pipelines.universal/Editor/2D/ShapeEditor/Resources/ShapeTool.png using Guid(357468e90e97b1f48af3e576fd164ceb) (TextureImporter) -> (artifact id: 'fd612d2eb9773140d22a2f2e5cb8ec1a') in 0.0274734 seconds
Start importing Assets/textura/Camouflage Texture Pack/256x256 (PSX)/Desert_color/Seed_1/Camouflage_Cells_Big_Pattern_1_PSX_DS.png using Guid(3555070f8d639914ca6933ee27041b91) (TextureImporter) -> (artifact id: '6285b7ca4711933c9457701df35aa870') in 0.0244618 seconds
Start importing Packages/com.unity.render-pipelines.core/Editor/Icons/RenderGraphViewer/FramebufferFetch@2x.png using Guid(35a75acf988224d4da424a5a42cdaaf9) (TextureImporter) -> (artifact id: '8712383f090b61209abe11e8c24e9a66') in 0.172447 seconds
Start importing Assets/ModularLowpolyStreetsFree/Materials/Other/Textures/Cafe-table-1_Normal.png using Guid(353a9fd282c85ce4fac3d77b24132abc) (TextureImporter) -> (artifact id: '0cf5b2ba66fcc29941036a6f31857b67') in 0.0351955 seconds
Start importing Assets/Prefabs/Imobiliario/medieval-castle/source/CastleTexture 2/CastleTexture/BridgeControl_occlusionRoughnessMetallic.jpg using Guid(350b223f0786c354bbc9d84d0363f5d4) (TextureImporter) -> (artifact id: '162611368d32d71235fa0cebade73512') in 0.2013213 seconds
Start importing Packages/com.unity.render-pipelines.core/Editor/Icons/RenderGraphViewer/Refresh@2x.png using Guid(35eb147be8b67e341a52b0c1d3b4a600) (TextureImporter) -> (artifact id: 'f433cbd1042bf64f80af35b6e04216e8') in 0.1359274 seconds
Start importing Packages/com.unity.render-pipelines.core/Editor/LookDev/Icons/Layout2@2x.png using Guid(356caeb1305bf794e94ecd5161f8e6e3) (TextureImporter) -> (artifact id: '5807b9f401288bce97ce886e0523b5de') in 0.1531126 seconds
Start importing Packages/com.unity.timeline/Editor/StyleSheets/Images/DarkSkin/TimelineActivation.png using Guid(359cf58d5969d1a4aad29b095c7fc338) (TextureImporter) -> (artifact id: 'ffcbe1de58420304ae9d78cd332933f5') in 0.0171998 seconds
Start importing Assets/textura/Camouflage Texture Pack/128x128 (PSX)/Desert_color/Seed_3/Camouflage_Woodlands_Classic_Pattern_3_128_DS.png using Guid(350d527df09209441a6ddd4efaa5af9a) (TextureImporter) -> (artifact id: 'fb28d7f58d8b0d32f0b2b569e4053534') in 0.0594195 seconds
Start importing Assets/SUIMONO - WATER SYSTEM 2/EFFECTS/tex_splash_small.psd using Guid(350d76b736f94444db0e60a74517c1dd) (TextureImporter) -> (artifact id: '1526c859dc32872d4a73f488a8fc7f9e') in 0.0839508 seconds
Start importing Packages/com.unity.render-pipelines.core/Editor/LookDev/Icons/Duplicate.png using Guid(352dd7fc77ee28c479bf6504efe94f16) (TextureImporter) -> (artifact id: 'badbaf5c4526469b0c06a8b80fed731f') in 0.1093045 seconds
Start importing Packages/com.unity.postprocessing/PostProcessing/Textures/BlueNoise64px/LDR_LLL1_36.png using Guid(351e95d0e20a54849bd4ce5f9b498934) (TextureImporter) -> (artifact id: 'e959b6ccf5f5fca337618bcaec9e0937') in 0.0272091 seconds
Start importing Packages/com.unity.ugui/Editor Resources/Textures/btn_AlignCenterGeo_Light.psd using Guid(35ff0937876540d3bd4b6a941df62a92) (TextureImporter) -> (artifact id: '952a7cfe7759b7fce6e9aeeed60f3f95') in 0.0339435 seconds
Start importing Assets/Volklight/BTR/HDRP/Textures/BTR_Base_BaseMap.png using Guid(45709e8459464614896d29c8e34af57c) (TextureImporter) -> (artifact id: 'a634ded2637fe8c4eb69d124e25c1e87') in 0.3544692 seconds
Start importing Packages/com.unity.2d.tilemap/Editor/Icons/Tilemap.BrushPicks@4x.png using Guid(45612d93bb71d8f48bb1dba4b0f5caac) (TextureImporter) -> (artifact id: '9f954a08094f6478cd9bc288ebfc67a8') in 0.0221439 seconds
Start importing Assets/CartoonMilitaryModelPack/Textures/WarShip_Texture/HelicopterAircraftCarrier_01.png using Guid(4571630cb1a734f3db809a0dac718928) (TextureImporter) -> (artifact id: 'f3474679699b2b1babb240c44214fe6d') in 0.5316267 seconds
Start importing Packages/com.unity.terrain-tools/Editor/Icons/TerrainOverlays/Smudge@2x.png using Guid(45e4ec3edf94e48448678650351cfb22) (TextureImporter) -> (artifact id: 'c5dd0bfe369c83ff088290665df7ae90') in 0.1330815 seconds
Start importing Assets/Volklight/BTR/BIRP/Textures/Parts2_Base_color.png using Guid(4515b5a206ec6eb4eb8581b7f3674fa8) (TextureImporter) -> (artifact id: '0eb2592b06442304241697fb6cafb893') in 0.3469295 seconds
Start importing Packages/com.unity.render-pipelines.core/Editor/LookDev/Icons/Link.png using Guid(45751a4124f67c443bf96ed1df7c550b) (TextureImporter) -> (artifact id: '05ad93faa62992f4d6bec193f5079b38') in 0.0248323 seconds
Start importing Packages/com.unity.2d.tilemap/Editor/Icons/d_Tilemap.ShowGrid@2x.png using Guid(4576408ff459c3a48a69ad3c7d941581) (TextureImporter) -> (artifact id: 'eb78a742c7f7dc521832f33f4ed6ae34') in 0.0172536 seconds
Start importing Assets/SUIMONO - WATER SYSTEM 2/TEXTURES/_CausticTextures/save.18.psd using Guid(454879a9e51d37c4b9e481abdbc42968) (TextureImporter) -> (artifact id: '9329108cba06760384fa884882de8d96') in 0.1595895 seconds
Start importing Assets/Resources/IconesGerados/Tanque_de_Batalha_Icon.png using Guid(450a30f688571764a8971b5216fa29c3) (TextureImporter) -> (artifact id: '35026b202fd5534c57ba5703648a8d19') in 0.1693237 seconds
Start importing Assets/textura/Camouflage Texture Pack/2K/Desert_color/Seed_2/Camouflage_Net_Pattern_2_2K_DS.png using Guid(459a035288f10504c92f333278c271be) (TextureImporter) -> (artifact id: '57e374267706c03ade9f7ebad57ae44f') in 0.3153023 seconds
Start importing Assets/Prefabs/Soldado_Rifle/50centbots-lloyd-banks/source/LloydBanks/LloydBanks/Lloyd_BanksBody_SPEC.png using Guid(45da67eba0574464a882a7f7c07a9eda) (TextureImporter) -> (artifact id: '741f3239c1a00a511fda27fb0b0f6af9') in 0.0454973 seconds
Start importing Assets/Prefabs/Marinha/Gemini_Generated_Image_wtae84wtae84wtae.png using Guid(452c7e6d68cbbab4090dd60b3218f736) (TextureImporter) -> (artifact id: '7580b55d804157e4c00da481015c5229') in 0.2442267 seconds
Start importing Assets/RPG_FPS_game_assets_industrial/Textures/Grass/Grass_v1.tga using Guid(458fc6f7dd428e748a22f2ed232be143) (TextureImporter) -> (artifact id: 'ad444970cd9e721ff53bb5aca50157e8') in 0.3767965 seconds
Start importing Assets/textura/Camouflage Texture Pack/1K/Woodlands_Color/Seed_2/Camouflage_Tiger_Vertical_Dotty_Pattern_2_1K_WL.png using Guid(458f4baf12cdf964e80eb4420eeeb2b3) (TextureImporter) -> (artifact id: '4d5e8a3ff1d9eb3ec467e767c44dfadb') in 0.1175878 seconds
Start importing Assets/ProceduralTerrainPainter/_Demo/Textures/Snow_006_Normals.png using Guid(55e05f56a6aa4804ea4a76b5b7b35fd1) (TextureImporter) -> (artifact id: '79a78387b8a0ca90d46cb229f1910f5a') in 0.0493376 seconds
Start importing Assets/Prefabs/Quartel_General/Gemini_Generated_Image_ebzsfnebzsfnebzs.png using Guid(55115dfb29e022045820841b74ee16ad) (TextureImporter) -> (artifact id: '239207d1e021e97f78fe587fd1220191') in 0.3175691 seconds
Start importing Assets/Prefabs/Veiculos/Tank_Antigravity/Gemini_Generated_Image_jutvrejutvrejutv.png using Guid(55a284f6a19338642bbfa973064bd77d) (TextureImporter) -> (artifact id: '5f240c79c63c2b97d639b5c10e1ff2c7') in 0.3017828 seconds
Start importing Assets/teste/1b6ec988-18df-402a-ac0d-a326fbaf51bd.png using Guid(55436ade50846ce4fb33cd2e27d4df6d) (TextureImporter) -> (artifact id: '94e4104df486d75a79a54098fd8e8f19') in 0.1135135 seconds
Start importing Assets/EasyRoads3D scenes/Terrain Assets/Grass ER.tga using Guid(55533b228c2ec73499a5a9fbaa38c07d) (TextureImporter) -> (artifact id: '71190efe704ed18d293d2f05db52349c') in 0.1243688 seconds
Start importing Packages/com.unity.inputsystem/InputSystem/Editor/Icons/d_Stick.png using Guid(55040e210fa9b426b861a26909ab4de7) (TextureImporter) -> (artifact id: '0107dd7371dfd237f12adbdcd8d54a4e') in 0.0155625 seconds
Start importing Packages/com.unity.collab-proxy/Editor/Assets/Images/d_iconzoomin.png using Guid(5544f39aea350784ba1dd4ecc285b777) (TextureImporter) -> (artifact id: '2f93ff7fd3eead6423bbdeee8784d279') in 0.1165751 seconds
Start importing Packages/com.unity.collab-proxy/Editor/Assets/Images/d_iconlock@2x.png using Guid(55747841a2e3b47dab36dc8d5e0dc4df) (TextureImporter) -> (artifact id: '99c5f12b46f807ebb2aa42ab5768d07b') in 0.1461506 seconds
Start importing Assets/Industrial_Zone_Modular_Pack/Textures/Factory_Old/Factory_Old_Props_AO.png using Guid(5546ec44ee541b946add57503744f037) (TextureImporter) -> (artifact id: '060ab9deaf917900fd5f398edfa80801') in 0.0696769 seconds
Start importing Assets/textura/Camouflage Texture Pack/256x256 (PSX)/Desert_color/Seed_1/Camouflage_Woodlands_Classic_Pattern_1_PSX_DS.png using Guid(55a8e68aa8fcf9345a490b7f5b07b782) (TextureImporter) -> (artifact id: 'cd94e3056fc77fbf6b925e25bb00ec3a') in 0.3063401 seconds
Start importing Packages/com.unity.collab-proxy/Editor/Assets/Images/xlink.png using Guid(556a2f3b046024d4c9621c1b4be5f0c1) (TextureImporter) -> (artifact id: '6113fb954a59cc00fc2493fdc7da333a') in 0.0241322 seconds
Start importing Assets/Simple InterceptMissile&TurretBehaviour/PolygonWar/Textures/German_Vehicle_Texture_03.png using Guid(6580ff1691d5e0541a0779409cfb35af) (TextureImporter) -> (artifact id: '059d295c7afe9bdb40107de5aa29e880') in 0.2334094 seconds
Start importing Packages/com.unity.collab-proxy/Editor/Assets/Images/d_iconconflicted@2x.png using Guid(65f0e363b74cf5845ab8c3fbc14f39ac) (TextureImporter) -> (artifact id: '1596f71282e892504629e20eab4cb3d7') in 0.0916104 seconds
Start importing Assets/HQ Hangar Free/Scene/ExampleScene/Lightmap-36_comp_dir.png using Guid(65411109a946c8a448a0191b7b277c67) (TextureImporter) -> (artifact id: '2eba7d30cac42280c38e06fa7e26063a') in 0.3094669 seconds
Start importing Assets/textura/Camouflage Texture Pack/1K/Base_color/Camouflage_Strichtarn_Light_1K_Base.png using Guid(65615acfc96f3d34fbe82b7c2fd1fca5) (TextureImporter) -> (artifact id: '6e4912415c78a4135a7988d4427486be') in 0.1207427 seconds
Start importing Assets/CartoonMilitaryModelPack/Textures/CustomParts/LandingGear_Front_Texture.png using Guid(65a199a13a4354f3296c8c684512f626) (TextureImporter) -> (artifact id: '3780e7645af0ac9755d8aaf669e1e1ba') in 0.5038359 seconds
Start importing Assets/efeitos/WarFX/Mobile/Textures/Flames/WFXM_T_DoubleFlames A8.tga using Guid(65859a535a819c54f91331fb9847bce4) (TextureImporter) -> (artifact id: 'fe9905389989aed8f85580df86c5d959') in 0.0299567 seconds
Start importing Assets/TerrainSampleAssets/Textures/Terrain/Tidal_Pools_BaseColor.tif using Guid(65c50b065f264b042a12153fb6454aa5) (TextureImporter) -> (artifact id: 'd8baeefa7c66ff53b93c44f227fee016') in 0.5875693 seconds
Start importing Assets/Mar_Feito/Models/NCGC_VAKTA/Materials/hull/hull_height.png using Guid(6508f9b2a30957b43a6b3f1e330d3001) (TextureImporter) -> (artifact id: 'dde40fc5daad6b55603c52862a8b1436') in 0.2226676 seconds
Start importing Assets/ModularLowpolyStreetsFree/Materials/Other/Textures/Sewer-grill_Metall.png using Guid(65a8af1a2079a9e4b8478e430b59605a) (TextureImporter) -> (artifact id: '5fd8106f26bffc1b32e82aed41560f51') in 0.1687195 seconds
Start importing Packages/com.unity.render-pipelines.universal/Textures/FilmGrain/Thin01.png using Guid(654c582f7f8a5a14dbd7d119cbde215d) (TextureImporter) -> (artifact id: '80e580dec984e4b0667736eb78265c8d') in 0.1658174 seconds
Start importing Assets/efeitos/WarFX/Mobile/Textures/Misc/WFXM_T_GlowPalet A8.png using Guid(65fe4d99ca5e43a4898ab165fef4a9ea) (TextureImporter) -> (artifact id: 'ebc79a8ecb4f8dfe5c195c69f17703c4') in 0.0248765 seconds
Start importing Assets/imagem/Gemini_Generated_Image_ta84pjta84pjta84.png using Guid(75303d56aefe668488dae479c3eb5d27) (TextureImporter) -> (artifact id: '307796058bd10409379bfd48b08590c7') in 0.348694 seconds
Start importing Packages/com.unity.timeline/Editor/StyleSheets/Images/Shared/Timeline-Marker-Multi-Overlay.png using Guid(75f26f1c549568c4e9950a368bd08cb8) (TextureImporter) -> (artifact id: 'a8f74d79320bc059dbb53993c5e414db') in 0.166029 seconds
Start importing Packages/com.unity.inputsystem/InputSystem/Editor/Icons/Gamepad@4x.png using Guid(7543bb6341c2140f292c8c852e7a3bbf) (TextureImporter) -> (artifact id: '099d8f43270d23c66399bd6c03414ade') in 0.1872889 seconds
Start importing Assets/Industrial_Zone_Modular_Pack/Textures/Props/Cones/Cones_Normal.png using Guid(75f4c0b2ffc6aed4e834d1f3f9aff44c) (TextureImporter) -> (artifact id: '7904ce97bf552d1d5c4612186a193f65') in 0.0480024 seconds
Start importing Packages/com.unity.2d.sprite/Editor/ObjectMenuCreation/DefaultAssets/Textures/v2/Triangle.png using Guid(75f5f34dc1b5347e0b8351032682f224) (TextureImporter) -> (artifact id: '653df57e6a9746facda91dabd914a38e') in 0.030246 seconds
Start importing Assets/textura/Camouflage Texture Pack/2K/Desert_color/Seed_2/Camouflage_Tiger_Vertical_Dotty_Pattern_2_2K_DS.png using Guid(7556df38d0296b447991c27a5330c530) (TextureImporter) -> (artifact id: '56820745b93315b1f4d088585054d783') in 0.3723715 seconds
Start importing Packages/com.unity.terrain-tools/Editor/Icons/TerrainOverlays/d_SharpenPeaks_On.png using Guid(7566d25a268cadb4c888b03014592df3) (TextureImporter) -> (artifact id: 'fb48b9d6ce3cd93609ad92208a87f04c') in 0.1539435 seconds
Start importing Assets/textura/Camouflage Texture Pack/256x256 (PSX)/Woodlands_color/Seed_1/Camouflage_Tiger_Vertical_Dotty_Pattern_1_PSX_WL.png using Guid(75277eee9cae81d4f9dd1302ec7551e8) (TextureImporter) -> (artifact id: 'a4356ffef4e07635833ce6cd857e2571') in 0.0362273 seconds
Start importing Assets/Free Island Collection/Environment/Terrain/Textures/Grass_2/Grass_2_Normal.png using Guid(75c92dfd7f5dc74438f91d1df59ac88c) (TextureImporter) -> (artifact id: '95fc133928c28dfdd006a632d3f5d536') in 0.2693168 seconds
Start importing Assets/Industrial_Zone_Modular_Pack/Textures/Hangar_Concrete/Hangar_Concrete_Walls_Metal_Smooth.png using Guid(75ca5b003717abc49ad2b889b71e798e) (TextureImporter) -> (artifact id: '2426a90a83661ec5e3d3ad41ce023ffc') in 0.2809699 seconds
Start importing Assets/Free Island Collection/Environment/Terrain/Textures/Grass_1/grama.tif using Guid(75ec9d666a8e3c8468361ddb5475adcc) (TextureImporter) -> (artifact id: 'bc99916a173468d38516a738c9d2c034') in 0.1905545 seconds
Start importing Assets/textura/Camouflage Texture Pack/128x128 (PSX)/Urban_color/Seed_1/Camouflage_Net_Pattern_1_128_UB.png using Guid(75bd25f0e4220c0408b4b7578910890d) (TextureImporter) -> (artifact id: '90d86941cf9486298699a83e4ec53cdf') in 0.0949574 seconds
Start importing Assets/MarpaStudio/Textures/InsidePillarBig_Height.png using Guid(75bea9a3e99f793419a148965f1b1f2f) (TextureImporter) -> (artifact id: '2091d20ef1b24a8e99f6e27a7327eeb9') in 0.3055398 seconds
Start importing Assets/TerrainSampleAssets/Textures/Heightmaps/Ridge02_Heightmap.tif using Guid(753f8aefff7f53945bb09d75656ba8de) (TextureImporter) -> (artifact id: 'b4c6cbd9b8df8e552c28e4d3d9abc34b') in 0.3807241 seconds
Start importing Assets/textura/Camouflage Texture Pack/256x256 (PSX)/Desert_color/Seed_2/Camouflage_DBDU_Pattern_2_PSX_DS.png using Guid(755fc348ace1e844da1a2c382218e19d) (TextureImporter) -> (artifact id: '820de55b4b695cc6a643f88d3728eda8') in 0.030521 seconds
Start importing Assets/Gwangju_3D asset/17_GwangjuBiennale/Textures/Outter/GbMidFloorTile_BaseMap.png using Guid(75bf40fcd5b6cec4391caa4a0f009f51) (TextureImporter) -> (artifact id: 'f7250e18b153b846738b203c4a5d559e') in 0.1030211 seconds
Start importing Packages/com.unity.2d.tilemap/Editor/Icons/d_EditorUI.TargetHover@2x.png using Guid(857187d2d610c234587c8a50803e4307) (TextureImporter) -> (artifact id: '6c97399628a10041db7fd92458c70eb3') in 0.0124706 seconds
Start importing Assets/ModularLowpolyStreetsFree/Materials/Roads/Textures/Crossroads-1-lines-2-walk_AlbedoGloss.png using Guid(85726c6f2d7dcc9419744e1a61daacad) (TextureImporter) -> (artifact id: '8eb99cc40fc1bdc4def155832d8077a0') in 0.396087 seconds
Start importing Assets/EasyRoads3D/textures/editor/m_so.png using Guid(8583bfb2058e94a48801d7212430d8d1) (TextureImporter) -> (artifact id: '77c1606558296e08cece1fd5b538dec1') in 0.119088 seconds
Start importing Packages/com.unity.postprocessing/PostProcessing/Textures/BlueNoise64px/LDR_LLL1_58.png using Guid(85a45a6d8b2ffb84987d2b028ecfb220) (TextureImporter) -> (artifact id: 'ea92a3d21274567bc6db9ccf06ae1316') in 0.0326567 seconds
Start importing Assets/SUIMONO - WATER SYSTEM 2/TEXTURES/_CausticTextures/save.04.psd using Guid(85553c674353bcf4382a3e999893adef) (TextureImporter) -> (artifact id: 'e397ecc8dc1c9faa460ec6d1ad82a582') in 0.0673377 seconds
Start importing Assets/Art/IconesGerados/Dados_Helicoptero_Ray_Icon.png using Guid(85360e6154d96f04ead8cf182486b3aa) (TextureImporter) -> (artifact id: '5424683306ae42ea0075bb52646ba473') in 0.1564357 seconds
Start importing Assets/textura/Camouflage Texture Pack/256x256 (PSX)/Woodlands_color/Seed_3/Camouflage_Woodlands_Classic_Pattern_3_PSX_WL.png using Guid(85e74c018844f844da0be44359a5a036) (TextureImporter) -> (artifact id: '8791c666ce9fb40e3ec090f9835eacd7') in 0.1490461 seconds
Start importing Packages/com.unity.render-pipelines.core/Editor/LookDev/Icons/LookDev.png using Guid(85099cb723efe4444a23b08281d721c2) (TextureImporter) -> (artifact id: 'f5da71937b9a0c9dd4693659e5948b68') in 0.141595 seconds
Start importing Assets/Gizmos/gui_icon_fxobj.psd using Guid(85cdda794b69b5442b2f54b496cacb89) (TextureImporter) -> (artifact id: '3c1e538ade5e372a1e4e2b20a76d568b') in 0.0433284 seconds
Start importing Assets/base militar/Military Base Pack/Ground/Sand.png using Guid(85ed2b41abc7c82499e10ac4feaa0590) (TextureImporter) -> (artifact id: '2292b0f50314a8d3a99e8abbb07c5541') in 0.3550842 seconds
Start importing Assets/Industrial_Zone_Modular_Pack/Textures/Factory_Small/Factory_Small_Factory.png using Guid(859eb9b88f3e1c24f9ab8d392687d13e) (TextureImporter) -> (artifact id: '212cff75e33961e6840e645d843a5d2e') in 0.3443912 seconds
Start importing Assets/Prefabs/Marinha/Gemini_Generated_Image_8d8gr8d8gr8d8gr8.png using Guid(95928cab599781844ae1bfe14d3d42ae) (TextureImporter) -> (artifact id: '8dd9f43c4d43b6da3d0bbda70e20e24e') in 0.188233 seconds
Start importing Packages/com.unity.2d.tilemap/Editor/Icons/d_Tilemap.ShowTilePalette.png using Guid(95b2d1ff151dd2f479bf1f6321b44179) (TextureImporter) -> (artifact id: 'b00a87a425868bb2611da463e978e6d4') in 0.016827 seconds
Start importing Assets/RPG_FPS_game_assets_industrial/Other_props/Palets/Palet_v1/Source/Palet_v1.tga using Guid(95f29d42702393e4f96e0e0c1ab5c3c3) (TextureImporter) -> (artifact id: '5fabc4f2cc374d5ba9b00d3969f67fab') in 0.201355 seconds
Start importing Assets/TripoModels/military_helicopter_3d_model/military_helicopter_3d_model.fbm/military_helicopter_3d_model_tripo_part_58_basecolor.jpg using Guid(95439a4210e6e144fa78c1ffe604fac3) (TextureImporter) -> (artifact id: '9bac8ef39cf035e4fd583ba8cfe95ae1') in 0.1612356 seconds
Start importing Assets/textura/Camouflage Texture Pack/128x128 (PSX)/Woodlands_color/Seed_1/Camouflage_Tiger_Vertical_Dotty_Pattern_1_128_WL.png using Guid(9546a16d87ee78141a5439de3283fa7e) (TextureImporter) -> (artifact id: '5682011421009ffaed138b4f88be1495') in 0.0209979 seconds
Start importing Assets/ModularLowpolyStreetsFree/Materials/Other/Textures/Cafe-table-1_Metall.png using Guid(950708c3b4491054c8083242cff0d273) (TextureImporter) -> (artifact id: '157174b374642fa47511a31558acabcf') in 0.0224387 seconds
Start importing Packages/com.unity.shadergraph/Editor/Resources/GraphView/Nodes/NodeChevronRight.png using Guid(951848ba8b6205940a9bd1b8fdd4d796) (TextureImporter) -> (artifact id: '59b675364dccb7706be1b32c40c96b9d') in 0.1772611 seconds
Start importing Packages/com.unity.timeline/Editor/StyleSheets/Images/Icons/TrackCurvesButtonEnabled.png using Guid(9589d5d9eb09dec43b2ad51af4e78b1e) (TextureImporter) -> (artifact id: '5e32af2c56450fddec13b73fabcd215d') in 0.0266496 seconds
Start importing Assets/SUIMONO - WATER SYSTEM 2/RESOURCES/textures/gui_tex_suimonodivrev.psd using Guid(95c96eb42b89194499c77cb2855a07d4) (TextureImporter) -> (artifact id: 'a8273f6f6ea9b382c4a7b3c37b9fde97') in 0.2050037 seconds
Start importing Packages/com.unity.splines/Editor/Editor Resources/Icons/KnotPlacementTool.png using Guid(954ac4bd24b73a540a2e84414caf856c) (TextureImporter) -> (artifact id: 'd86c88ce31aa150759fe563fe37b5cf2') in 0.1705563 seconds
Start importing Packages/com.unity.inputsystem/InputSystem/Editor/Icons/Add Binding.png using Guid(958a10dec4f3a4764bb345b0aa03510b) (TextureImporter) -> (artifact id: 'ef6fd4bf346131f038c9e8ea605e1cee') in 0.0198668 seconds
Start importing Assets/Volklight/BTR/BIRP/Textures/Parts1_Metallic.png using Guid(954c1d65130af2a40a5ebd8cfd8d79dc) (TextureImporter) -> (artifact id: '04635ed074a4402ff208e3b2ccb869e7') in 0.1722932 seconds
Start importing Packages/com.unity.shadergraph/Editor/Resources/Icons/blackboard.png using Guid(954de74b6fa234cfbb474898019e0acf) (TextureImporter) -> (artifact id: '841942c0297849a6be8045c2f7ab0006') in 0.0672874 seconds
Start importing Packages/com.unity.collab-proxy/Editor/Assets/Images/buttonhome@2x.png using Guid(956deaef7c041ed4abe7a5a3690c28bc) (TextureImporter) -> (artifact id: '08dbd0fb873999bded3823913694d2da') in 0.025844 seconds
Start importing Packages/com.unity.timeline/Editor/StyleSheets/Images/DarkSkin/TimelineSignalSelected.png using Guid(a5e21f4e466690645980dd0cf0b664bc) (TextureImporter) -> (artifact id: '7eef004b6e947725f90137957337d1e7') in 0.0296676 seconds
Start importing Packages/com.unity.render-pipelines.core/Editor/Lighting/Icons/LightUnitIcons/d_BrightSky.png using Guid(a543c2d2147884347a1846e862efa72f) (TextureImporter) -> (artifact id: '80905e4814f78aa2299cd68b6dcf7491') in 0.0349346 seconds
Start importing Assets/MarpaStudio/Textures/SideDoor_AO.png using Guid(a504465ea6a23a04082bf9a5e8bf903a) (TextureImporter) -> (artifact id: '10b742034508ab73743c37c10a6eb9ab') in 0.1587675 seconds
Start importing Assets/textura/Camouflage Texture Pack/1K/Desert_color/Seed_1/Camouflage_DBDU_Pattern_1_1K_DS.png using Guid(a554ba8379de31543918f31bee8a4728) (TextureImporter) -> (artifact id: '412bd7d277ac2d4e512235c6aa164618') in 0.1175886 seconds
Start importing Packages/com.unity.render-pipelines.core/Editor/LookDev/Icons/Remove.png using Guid(a5c48bfebeb031a4b8d66da4be0e27b9) (TextureImporter) -> (artifact id: '0709ed1a27edefda2c90ea606fb671c7') in 0.028976 seconds
Start importing Assets/Gwangju_3D asset/17_GwangjuBiennale/Textures/Inner/GbWhiteWall_BaseMap.png using Guid(a59764f09eda39544857682b3671682f) (TextureImporter) -> (artifact id: 'dda92376998286a1d6ba0bc910f912bb') in 0.1020954 seconds
Start importing Packages/com.unity.splines/Editor/Editor Resources/Icons/d_Tangent_Linear.png using Guid(a5a8010c3424a6241a13d7eba13aa4f2) (TextureImporter) -> (artifact id: '037529b2cf75b402143f96e4a0a50ae9') in 0.029303 seconds
Start importing Assets/CartoonMilitaryModelPack/Textures/WarShip_Texture/Submarine_01_Texture.png using Guid(a5c86facf75094414894d8aece1f5170) (TextureImporter) -> (artifact id: 'f2cfc59da5cf4576e03e5a61e5d19991') in 0.7535723 seconds
Start importing Packages/com.unity.terrain-tools/Editor/Icons/TerrainOverlays/d_Holes@2x.png using Guid(a5f97138a2ad2487c86bc8ccd6252f0c) (TextureImporter) -> (artifact id: '3cd29f88a782717cc96b24d8cb6abbd9') in 0.0458171 seconds
Start importing Assets/HQ Hangar Free/Textures/Metals_trim/Metals_trim_Metals_trim_BaseMap.png using Guid(a56baf2c4938da94184fff358d409002) (TextureImporter) -> (artifact id: '9016e8121b56da0e42a849d0c590956c') in 0.2924342 seconds
Start importing Assets/SUIMONO - WATER SYSTEM 2/EFFECTS/tex_fx_mist.psd using Guid(a5fb62a83726c5545b5e8a0e5046952f) (TextureImporter) -> (artifact id: 'e61ebd19af64202d0969f514360c85b8') in 0.0913361 seconds
Start importing Assets/Prefabs/Imobiliario/medieval-castle/source/CastleTexture 2/CastleTexture/Envoirement_02_occlusionRoughnessMetallic.jpg using Guid(a55d2564b09f6c741aa67589ec3d61d2) (TextureImporter) -> (artifact id: '3bbb4a3254f58393882597b93603dd6b') in 0.2365576 seconds
Start importing Packages/com.unity.collab-proxy/Editor/Assets/Images/iconaddedoverlay.png using Guid(a57d0bc93481bd844af3c2236db044f2) (TextureImporter) -> (artifact id: '011bd0ce0233cd33518062fcc0859333') in 0.0399593 seconds
Start importing Packages/com.unity.splines/Editor/Editor Resources/Icons/AutoSmoothKnot On.png using Guid(a52f5403392ac46e991381bec69935a7) (TextureImporter) -> (artifact id: '2db4ccf69c6b6ff79a07976b65f7e3b9') in 0.0396142 seconds
Start importing Packages/com.unity.render-pipelines.universal/Editor/2D/Resources/LightCapUp.png using Guid(a58fea03b14b2be4295b11f21a57a6f7) (TextureImporter) -> (artifact id: '5ff13f46555b526f4116edd024627c0e') in 0.064168 seconds
Start importing Packages/com.unity.render-pipelines.core/Editor/Lighting/Icons/LightUnitIcons/d_InteriorLight.png using Guid(b5a2e773c2799aa42a4e99429158896e) (TextureImporter) -> (artifact id: '10a30f51658dd984019daaf47868cf66') in 0.0499959 seconds
Start importing Assets/Houses_Pack/Textures/House_2.psd using Guid(b52374f1159b18b41b52202cdccd740c) (TextureImporter) -> (artifact id: 'a3d636da9e89769144b16a96efc06841') in 0.3496171 seconds
Start importing Assets/Prefabs/Imobiliario/medieval-castle/textures/BridgeControl_normal.jpeg using Guid(b50491eb14d04984cae8026bb09bd547) (TextureImporter) -> (artifact id: 'b1dde68abee64c89265a859fa0455cd3') in 0.2256338 seconds
Start importing Assets/textura/Camouflage Texture Pack/1K/Urban_color/Seed_1/Camouflage_Cells_Small_Pattern_1_1K_UB.png using Guid(b5361e46c6220b144aa692048e55b0fc) (TextureImporter) -> (artifact id: 'fe44eab5d8ae6e30d7958eefd90a0d0e') in 0.1356262 seconds
Start importing Packages/com.unity.collab-proxy/Editor/Assets/Images/iconlockedlocaloverlay@2x.png using Guid(b528c1b33a65cf94ea74f830b54c9acb) (TextureImporter) -> (artifact id: '236189e3603c797c6792e916a441e11a') in 0.0397025 seconds
Start importing Assets/TerrainSampleAssets/Textures/Details/Heather_A_Normal.tif using Guid(b5680c218e8592f489953c2723e3aac4) (TextureImporter) -> (artifact id: 'a46fc10ab5ad45a9d457dd663fcfc792') in 0.5409186 seconds
Start importing Assets/MarpaStudio/Textures/Gate_Normal.png using Guid(b55b4def7d43c6a4d8256a81b2ba3ed7) (TextureImporter) -> (artifact id: 'e2eaaaac7cf66559bab8887c6cf549ce') in 0.2365959 seconds
Start importing Assets/Prefabs/Imobiliario/medieval-castle/source/CastleTexture 2/CastleTexture/BaseBastions_occlusionRoughnessMetallic.jpg using Guid(b58b88b8e13698e419309c75afa6088a) (TextureImporter) -> (artifact id: '68b31ace4e4a8398051850ebcdf8f812') in 0.2212449 seconds
Start importing Packages/com.unity.postprocessing/PostProcessing/Textures/BlueNoise256px/LDR_LLL1_4.png using Guid(b52d5033b68309943a2386c270a90f44) (TextureImporter) -> (artifact id: '26c0fb708bc720caef3fa04d4e20085d') in 0.0448083 seconds
Start importing Assets/TerrainSampleAssets/Textures/Terrain/Grass_Soil_Normal.tif using Guid(b5fff5575723f4a40bfa0f147cb9c27f) (TextureImporter) -> (artifact id: '31e199719975488e6be00dd662f3cfa5') in 2.2765568 seconds
Start importing Assets/HQ Hangar Free/Scene/ExampleScene/Lightmap-7_comp_dir.png using Guid(c5103396b1f839042b52c3c47bb1d598) (TextureImporter) -> (artifact id: '2dc3e79ba8979267c0cfa08e643294aa') in 0.1487548 seconds
Start importing Packages/com.unity.postprocessing/PostProcessing/Textures/BlueNoise64px/LDR_LLL1_8.png using Guid(c55042318a938344ab23cd7f09dd0076) (TextureImporter) -> (artifact id: 'a98ff728a64b0f5a423df92c7bc432cd') in 0.0217637 seconds
Start importing Packages/com.unity.timeline/Editor/StyleSheets/Images/Icons/TimelineEditModeRippleON.png using Guid(c5c1f094d9a9b3f4c9cc6c3a87af871c) (TextureImporter) -> (artifact id: 'f6ae1877ec3ebafa1a1b7d7eb0b8d75d') in 0.0204914 seconds
Start importing Assets/MarpaStudio/Textures/WindMill_AO.png using Guid(c5c1c43a042f05d4da01857b6ac32e3b) (TextureImporter) -> (artifact id: '55ff7a911308ce67b0852479f0de8692') in 0.3522249 seconds
Start importing Assets/textura/Camouflage Texture Pack/256x256 (PSX)/Desert_color/Seed_2/Camouflage_Dotty_Pattern_2_PSX_DS.png using Guid(c5032f66267d6544bade0c5219e60ca9) (TextureImporter) -> (artifact id: '15c78faf4f08cd0ef3285653764e5f39') in 0.1864768 seconds
Start importing Packages/com.unity.searcher/Editor/Resources/FlatSkin/SearchSmallDownOn@2x.png using Guid(c5b36095078d8694ba9e3ae3fd867b2e) (TextureImporter) -> (artifact id: '58080b5112f16b32de65cb0e61b19f43') in 2.0362425 seconds
Start importing Packages/com.unity.2d.tilemap/Editor/Icons/Tilemap.GridPaint@4x.png using Guid(c54623997d885f6499655af6031a3bf9) (TextureImporter) -> (artifact id: '2a1711f8c8204f1f379cb33fde9ab4c2') in 1.9001531 seconds
Start importing Assets/textura/Camouflage Texture Pack/128x128 (PSX)/Woodlands_color/Seed_2/Camouflage_Noodles_Pattern_2_128_WL.png using Guid(c5782c017aaeddb4387ef03055b41e7e) (TextureImporter) -> (artifact id: 'a4bd8ead33b71c32183124aafc8618b1') in 3.1599185 seconds
Start importing Packages/com.unity.visualscripting/Editor/VisualScripting.Core/IconMap/GlobalMessageListener@32x.png using Guid(c588f7acb736b6940bac7b559c8f59dd) (TextureImporter) -> (artifact id: '950ef4ac8c9861797faaa289c106b223') in 0.4021174 seconds
Start importing Assets/HQ Hangar Free/Scene/ExampleScene/Lightmap-12_comp_light.exr using Guid(c5d812724c4fa154eb4f4771358d460c) (TextureImporter) -> (artifact id: '8ae93f85083995a841f71ed18c4f3d62') in 0.595984 seconds
Start importing Packages/com.unity.collab-proxy/Editor/Assets/Images/iconchangesets.png using Guid(c5d82e0b4fbcf42539ceffc642e631ce) (TextureImporter) -> (artifact id: '11c119a1b6fe473bd77cfe7347cebecf') in 0.3287761 seconds
Start importing Assets/textura/Camouflage Texture Pack/1K/Desert_color/Seed_3/Camouflage_Cells_Big_Pattern_3_1K_DS.png using Guid(c58933a4832f1694e8c99137af2665b3) (TextureImporter) -> (artifact id: '67fb639266a8b2eafd37642d2bf05b80') in 0.5368409 seconds
Start importing Packages/com.unity.collab-proxy/Editor/Assets/Images/d_iconplasticnotifyincoming@2x.png using Guid(c5fc116b3271b5947808130b2212cd60) (TextureImporter) -> (artifact id: 'ff4c6554e9e8b62eb6e05c1dfdd9faa8') in 0.3705377 seconds
Start importing Packages/com.unity.render-pipelines.core/Editor/Lighting/Icons/HorizontalGradient.png using Guid(c56daa0c35d8542449aea902efda87ce) (TextureImporter) -> (artifact id: '8dd659582b1fc1f8a64375f6812f112d') in 0.2048696 seconds
Start importing Assets/textura/Camouflage Texture Pack/2K/Woodlands_Color/Seed_4/Camouflage_Cells_Big_Pattern_4_2K_WL.png using Guid(c5adf200fc2ecfd4ca648b3b9f73dd01) (TextureImporter) -> (artifact id: '83769f20ba965898cebc92de70c332b7') in 0.4613653 seconds
Start importing Assets/textura/Camouflage Texture Pack/256x256 (PSX)/Woodlands_color/Seed_2/Camouflage_Tiger_Pattern_2_PSX_WL.png using Guid(c5bd07b7c1a7103429c80955eab902e4) (TextureImporter) -> (artifact id: '529d9e777cc12f8da36d6ffcac9959e9') in 0.3576551 seconds
Start importing Packages/com.unity.inputsystem/InputSystem/Editor/Icons/d_Position.png using Guid(c5bdeae4dabac4bf19f7a1afcf5ca678) (TextureImporter) -> (artifact id: 'd54ed064d64b35b4940031078f1b8ede') in 0.2240406 seconds
Start importing Assets/textura/Camouflage Texture Pack/2K/Woodlands_Color/Seed_1/Camouflage_Woodlands_Classic_Pattern_1_2K_WL.png using Guid(d5507d33def86484c8ae3dcbc9b1b743) (TextureImporter) -> (artifact id: '0f066dcfa7e2deae252ce92fd3b26521') in 0.7671505 seconds
Start importing Assets/Gwangju_3D asset/Scenes/17_Gwangju_Biennale_Inner/ReflectionProbe-5.exr using Guid(d5c0518bf9fabb64bb1fe61e135b229e) (TextureImporter)Starting cubemap convolution for '' (size 128)
...took 0.167 seconds
 -> (artifact id: '08f1c00f97b5d85b7969c2092dcb36ba') in 0.4857639 seconds
Start importing Assets/Prefabs/Navios_Guerra/Frag_F200/Captura de tela 2026-04-24 205232.png using Guid(d5e141f0c5f671847acfbc349b87b8c1) (TextureImporter) -> (artifact id: 'f9586875543cffd62709a2eab51d5887') in 0.067632 seconds
Start importing Packages/com.unity.render-pipelines.universal/Textures/BlueNoise16/L/LDR_LLL1_13.png using Guid(d512512f4af60a442ab3458489412954) (TextureImporter) -> (artifact id: '467c73fbebeadf60b093be6d1e8e978a') in 0.1803209 seconds
Start importing Assets/TerrainSampleAssets/Textures/Heightmaps/Mountain08_Heightmap.tif using Guid(d5428cdc2df49fc4a9aa5bbbcfcfe0e0) (TextureImporter) -> (artifact id: '1e75c9308d46eeb04ee2ee4787e18bf6') in 0.4395218 seconds
Start importing Packages/com.unity.collab-proxy/Editor/Assets/Images/icondeletedremoteoverlay@2x.png using Guid(d5c3277b1dbad9448b46c2ec87a2cef8) (TextureImporter) -> (artifact id: 'b96a56c44e9ee4573fb6f6bb26c19eed') in 0.1916055 seconds
Start importing Assets/TerrainSampleAssets/Textures/Heightmaps/Ridge05_Heightmap.tif using Guid(d5746b47e7c4501479a9aaa297c095e3) (TextureImporter) -> (artifact id: '184c559cfcf18e2dd3e0df80201826a4') in 0.570639 seconds
Start importing Packages/com.unity.postprocessing/PostProcessing/Textures/BlueNoise64px/LDR_LLL1_51.png using Guid(d5a51525b27e3ee4aadbeb39cbcf0750) (TextureImporter) -> (artifact id: '7a8276a7f3438cddde2096f49427a419') in 0.1885338 seconds
Start importing Assets/textura/Camouflage Texture Pack/256x256 (PSX)/Woodlands_color/Seed_3/Camouflage_Net_Pattern_3_PSX_WL.png using Guid(d5f537f511ea2574e9f0e90d09172967) (TextureImporter) -> (artifact id: '75edfa521b2d370b5a9235efbafde630') in 0.0311857 seconds
Start importing Assets/ModularLowpolyStreetsFree/Materials/Other/Textures/Hydrant_Normal.png using Guid(d596410fab1394742a048eeeed80a915) (TextureImporter) -> (artifact id: '5b4a249a05d65f566a3056750199da49') in 0.190726 seconds
Start importing Assets/TerrainSampleAssets/Textures/Details/Fern_MaskMap.tif using Guid(d5a7b708862dd0a449b4bccbefdd2335) (TextureImporter) -> (artifact id: 'ca4d1e93c9d40aec9a60390a8c73a8f1') in 0.3488953 seconds
Start importing Packages/com.unity.2d.tilemap/Editor/Icons/Tilemap.BrushPicks.png using Guid(d5e72ab52355f594fb3b3ba0deba9b4a) (TextureImporter) -> (artifact id: '4f39599c34d54166c81105432d3b9875') in 0.3650881 seconds
Start importing Assets/Gwangju_3D asset/17_GwangjuBiennale/Textures/Outter/GbOutterRoof_MaskMap.png using Guid(d568a090f6aa82146abbac5f00947a85) (TextureImporter) -> (artifact id: '85c3a54d88777f09638e57a0a578fb2f') in 0.0445977 seconds
Start importing Packages/com.unity.render-pipelines.universal/Textures/BlueNoise16/L/LDR_LLL1_21.png using Guid(d5c9b274310e5524ebe32a4e4da3df1f) (TextureImporter) -> (artifact id: 'c14048aef8b31d1feb12b065228b0a41') in 0.0161255 seconds
Start importing Assets/textura/Camouflage Texture Pack/2K/Woodlands_Color/Seed_5/Camouflage_Woodlands_Classic_Pattern_5_2K_WL.png using Guid(d5d9be41f4b872f47950d96cee8b8c3f) (TextureImporter) -> (artifact id: '9509ecff28c0c3b004e7fac32a2efa3d') in 0.3775395 seconds
Start importing Packages/com.unity.timeline/Editor/StyleSheets/Images/Icons/d_TrackCurvesButtonDisabled.png using Guid(d55a54a15106e3f418a43134888f2211) (TextureImporter) -> (artifact id: 'addc179eed6ba9866f11a3ec00d2bc2a') in 0.0196682 seconds
Start importing Packages/com.unity.render-pipelines.core/Editor/Lighting/Icons/LightUnitIcons/d_MoonlessNight@2x.png using Guid(d56ac7ee03f65c7408f8f3d5aeecdb86) (TextureImporter) -> (artifact id: 'f7009d7a8a6ecd203947c6127e85aea1') in 0.1826429 seconds
Start importing Packages/com.unity.render-pipelines.universal/Textures/BlueNoise16/L/LDR_LLL1_1.png using Guid(d50c5e07c9911a74982bddf7f3075e7b) (TextureImporter) -> (artifact id: 'd90f91cbd7e5d2265f286c3bb4e79df6') in 0.2073206 seconds
Start importing Assets/Prefabs/Imobiliario/medieval-castle/source/CastleTexture 2/CastleTexture/WoodDoor_baseColor.jpg using Guid(d56d241fb51ccf04db7047b5c69f87a7) (TextureImporter) -> (artifact id: '941f6d0b9de2cab750a895192acacd04') in 0.3186539 seconds
Start importing Packages/com.unity.collab-proxy/Editor/Assets/Images/d_loading.png using Guid(d58e94bfb1bac774dbb8ca9c2597ef2e) (TextureImporter) -> (artifact id: '9bf4953101582a6f287d9a3c49a3abf4') in 0.1872545 seconds
Start importing Assets/Industrial_Zone_Modular_Pack/Textures/Props/Container_01/Container_01_Normal.png using Guid(d52f30d10840300409f1688ad8cb3311) (TextureImporter) -> (artifact id: '7c2a9b79e7f73bfeb002741cd8ffb07f') in 0.7165078 seconds
Start importing Packages/com.unity.timeline/Editor/StyleSheets/Images/Shared/TimelineSwatch.png using Guid(e50018fd67fc156459e4014bdad3f5f6) (TextureImporter) -> (artifact id: '6400fd3279a6ec2a40eb87bf27b7ec50') in 0.0224069 seconds
Start importing Assets/CityVoxelPack/Assets/roads/Textures/roadsBis.png using Guid(e521f4c46d1d0534f903a5d290410379) (TextureImporter) -> (artifact id: 'b165d9c7fdf59b6035a075dbca47ff54') in 0.0166533 seconds
Start importing Assets/textura/Camouflage Texture Pack/128x128 (PSX)/Base_color/T_Demo_Camouflage_Lines_128.png using Guid(e5d1ce2ac5792e14987b7f4e373d4c5f) (TextureImporter) -> (artifact id: 'bff30b1765388e6f9b5b62eef458d813') in 0.1933664 seconds
Start importing Assets/textura/Camouflage Texture Pack/2K/Desert_color/Seed_1/Camouflage_Tiger_Pattern_1_2K_DS.png using Guid(e583be424ab351241b69f696fdb445fc) (TextureImporter) -> (artifact id: '087de8df5466905e12e0bd326da528fc') in 0.4413609 seconds
Start importing Assets/imagem/Captura de tela 2025-12-19 225811.png using Guid(e5d3bb408ef7b8843acd1d98dc7f89a4) (TextureImporter) -> (artifact id: 'c1b60be09163419a153b157d9deeee2a') in 0.0188599 seconds
Start importing Assets/ModularLowpolyStreetsFree/Materials/Other/Textures/Cafe-chair-1_Normal.png using Guid(e514198592647944b846793cd075ec9b) (TextureImporter) -> (artifact id: 'b106a4fe9ac1bf98cd0fa15388c5d8c9') in 0.0227829 seconds
Start importing Assets/RPG_FPS_game_assets_industrial/Buildings/Industrial/Hangars/Hangar_v1/Source/Hangar_v1.tga using Guid(e5e41360ae94ba445a2e6f7a2bcca35d) (TextureImporter) -> (artifact id: 'eefcbe140fb0ec1a0420ab19bdc04c81') in 0.1968334 seconds
Start importing Packages/com.unity.splines/Editor/Editor Resources/Icons/d_SplineContext.png using Guid(e566554616ca9a13a89d5af56bb7a8e6) (TextureImporter) -> (artifact id: '21d8f77254cfcf0658a3fbec63b8f8eb') in 0.0319881 seconds
Start importing Assets/Free Island Collection/Environment/Terrain/Textures/Cliff_1/Cliff_1_Normal.png using Guid(e5783c8549ee2f544a9ca3f56e404a85) (TextureImporter) -> (artifact id: '9019839dab750c5903a55e8dfed26aa6') in 0.2353669 seconds
Start importing Assets/textura/Camouflage Texture Pack/256x256 (PSX)/Desert_color/Seed_3/Camouflage_Pixel_Pattern_3_PSX_DS.png using Guid(e52b11a8d1034a546bffe589ec8d58cb) (TextureImporter) -> (artifact id: 'be02ba409dc60d0cb02ee9e9d2552181') in 0.0214662 seconds
Start importing Assets/efeitos/WarFX/Mobile/Textures/MuzzleFlashes/WFXM_T_MF Sparks RIFLE2 A8.tga using Guid(e5bdef96f2433ec48bd681d41f37d62c) (TextureImporter) -> (artifact id: '661ae8c66ee64caba56647b0273eb474') in 0.0286638 seconds
Start importing Packages/com.unity.timeline/Editor/StyleSheets/Images/Icons/d_TrackMuteButtonEnabled@2x.png using Guid(e54e20c7a9730fe4c822d63228527ae4) (TextureImporter) -> (artifact id: 'e787de42f7ed6918d97af417c2f533dd') in 0.152665 seconds
Start importing Assets/SUIMONO - WATER SYSTEM 2/TEXTURES/_CausticTextures/save.08.psd using Guid(e58e185ad6564a8419b5a0f2f8270364) (TextureImporter) -> (artifact id: '8ec66876b62cdd4bbfe1445147d29d15') in 0.0425049 seconds
Start importing Assets/Industrial building/Garage/Materials/Textures/LP_DefaultMaterial_AlbedoTransparency.png using Guid(e57fe705801f09d4387dda8e0a627ffd) (TextureImporter) -> (artifact id: '4d2158a236ada78b93731aa2280cbcb2') in 0.3190438 seconds
Start importing Packages/com.unity.render-pipelines.core/Editor/Lighting/Icons/d_LightPlacement_Icon On@2x.png using Guid(e59f66416f4ecf3429053a0274b589a0) (TextureImporter) -> (artifact id: '00fd85346c2614aa68b1da99897388a1') in 0.177136 seconds
Start importing Packages/com.unity.render-pipelines.core/Editor/Lighting/Icons/LightUnitIcons/d_Moonlight@2x.png using Guid(f520337c0c5dde34fa2d4207d953a31f) (TextureImporter) -> (artifact id: '849bc540d7087958ce0ba45116adbe7d') in 0.0265588 seconds
Start importing Packages/com.unity.render-pipelines.core/Editor/Lighting/Icons/d_LightPlacement_Icon On@32.png using Guid(f5d08e5c109deb84a9fcf7b2365cb537) (TextureImporter) -> (artifact id: '0472776104c526ff0d0698587fdac14f') in 0.0267478 seconds
Start importing Packages/com.unity.terrain-tools/Editor/Icons/TerrainOverlays/BrushSettingIcons/Size_On.png using Guid(f551739a87f734fe2a7af2712f854aeb) (TextureImporter) -> (artifact id: 'e511a4f733338fbe7a3ae1ef3ac381b3') in 0.0300382 seconds
Start importing Assets/Industrial_Zone_Modular_Pack/Textures/Hangar_Rounded/Hangar_Rounded_Tile_Normal.png using Guid(f5746df1b3023544aa831251652de983) (TextureImporter) -> (artifact id: '8afdfc22a3bf41cea9881fbd2d037104') in 0.190146 seconds
Start importing Assets/Industrial_Zone_Modular_Pack/Textures/Props/Road_Blockers/Road_Blockers_AO.png using Guid(f5e4736fccc65ad419ecc77a3de041cb) (TextureImporter) -> (artifact id: 'b2e82004660b1937291438deb0eb3b79') in 0.1595532 seconds
Start importing Assets/TripoModels/military_helicopter_3d_model/military_helicopter_3d_model.fbm/military_helicopter_3d_model_tripo_part_39_basecolor.jpg using Guid(f5a86b3dee5d72a49a45b9d8d2f0421b) (TextureImporter) -> (artifact id: '591cae006cdc40b714428f50788eed34') in 0.1536531 seconds
Start importing Packages/com.unity.render-pipelines.core/Editor/Lighting/Icons/LightUnitIcons/MoonlessNight.png using Guid(f50a266376427a041b4e1b629d07611d) (TextureImporter) -> (artifact id: 'd33c186404ecc606fc534f769eb815e7') in 0.0283744 seconds
Start importing Packages/com.unity.inputsystem/InputSystem/Editor/Icons/Joystick@4x.png using Guid(f58c918f135bd4b8abe5fdb06bda7f4d) (TextureImporter) -> (artifact id: '7823d989c89eb0030acec34c39ceb8d4') in 0.0285892 seconds
Start importing Packages/com.unity.inputsystem/InputSystem/Editor/Icons/Stick@4x.png using Guid(f5ace3d653812436a812bebfe7f9a242) (TextureImporter) -> (artifact id: '4743d5b0197aad1c44e4a44b291882d4') in 0.0246521 seconds
Start importing Packages/com.unity.ai.navigation/EditorResources/Overlay/d_NavigationOverlay@256.png using Guid(f5dd88efd8622424998bf5326c5421eb) (TextureImporter) -> (artifact id: 'f022d91d2219011d11768cc6ed8500b2') in 0.0239335 seconds
Start importing Assets/textura/Camouflage Texture Pack/1K/Desert_color/Seed_2/Camouflage_Woodlands_Classic_Pattern_2_1K_DS.png using Guid(064046355f406d7428510c8352aa82d6) (TextureImporter) -> (artifact id: '7511ab59c9d48b7a95fa9e9986ea2bd3') in 0.1257628 seconds
Start importing Assets/Pixel Map Terrain/Heightmaps/Radial.png using Guid(06503719887684df2885f31c85195464) (TextureImporter) -> (artifact id: 'd6734b89f5450cee669b1cd5576ac378') in 0.0379247 seconds
Start importing Assets/Industrial_Zone_Modular_Pack/Textures/Hangar_Wooden/Hangar_Wooden_Small_Room_Normal.png using Guid(06609d1ac9cc0d447ac2981866809b62) (TextureImporter) -> (artifact id: 'ad6bdbb185eb8e4f98c0bd7b332af428') in 0.0450054 seconds
Start importing Assets/CartoonMilitaryModelPack/Textures/WarShip_Texture/AircraftCarrier_02_Texture.png using Guid(0642f1160263e491faaab5577c7af320) (TextureImporter) -> (artifact id: '0ebaeaf2918877f0160bf6576a43c0f0') in 0.5835645 seconds
Start importing Assets/CartoonMilitaryModelPack/Textures/Bomber_Texture/Bomber_03_Texture.png using Guid(0682574a191dc47bf9c539ee10b01685) (TextureImporter) -> (artifact id: '78ea703e08f1e5ddf72cf98e7f968d54') in 0.5217459 seconds
Start importing Packages/com.unity.render-pipelines.core/Editor/LookDev/Icons/d_LookDev.png using Guid(0615fe8910911be4299d5604a54db99a) (TextureImporter) -> (artifact id: '31e3de1d8e22db609cbea1c024db2943') in 0.0328281 seconds
Start importing Packages/com.unity.ugui/Editor Resources/Textures/btn_AlignMiddle_Light.psd using Guid(066619c9c9c84f89acb1b48c11a7efe2) (TextureImporter) -> (artifact id: '9c449c603ba48f6fd4beb5e264ceb9d6') in 0.0454631 seconds
Start importing Assets/textura/Camouflage Texture Pack/256x256 (PSX)/Woodlands_color/Seed_4/Camouflage_Cells_Small_Pattern_4_PSX_WL.png using Guid(060ac24d59799ef458f81388933ea566) (TextureImporter) -> (artifact id: 'be60f7f69cceb3a93585a5742a3b5bb7') in 0.0434353 seconds
Start importing Assets/CartoonMilitaryModelPack/Textures/Chopper_Texture/Chopper_01_Texture.png using Guid(06daf8ceb666b4a2792e55111932f0ce) (TextureImporter) -> (artifact id: 'be327f5790b19ed498fbb27d8ad4eb31') in 0.5855573 seconds
Start importing Assets/Prefabs/Navios_Guerra/COV_Fortaleza/Gemini_Generated_Image_1h7d7y1h7d7y1h7d.png using Guid(06cb0be9b0c67ad409f1174e8a3f5d19) (TextureImporter) -> (artifact id: '96490bd71bfbefd4baece7db01da4d31') in 0.7574759 seconds
Start importing Packages/com.unity.inputsystem/InputSystem/Editor/Icons/d_ChevronDown.png using Guid(06ad495fb07444736b59782982d96250) (TextureImporter) -> (artifact id: '3fc7b058a5c87ef9640328742afeb502') in 0.0215339 seconds
Start importing Assets/textura/Camouflage Texture Pack/128x128 (PSX)/Desert_color/Seed_2/Camouflage_DBDU_Pattern_2_128_DS.png using Guid(062f5fc8cb21e9c4087d287c3f3db334) (TextureImporter) -> (artifact id: 'a6473394126916a4868f0e034feca18f') in 0.1334841 seconds
Start importing Assets/textura/Camouflage Texture Pack/1K/Woodlands_Color/Seed_3/Camouflage_Cells_Big_Pattern_3_1K_WL.png using Guid(063f9f2f2c8a7d74b914097aaa3ec18c) (TextureImporter) -> (artifact id: 'f24c56c2cf8e7e6e445299c0975eea8b') in 0.1657 seconds
Start importing Packages/com.unity.timeline/Editor/StyleSheets/Images/Icons/d_TimelineSelector.png using Guid(06bf6150656339941aa98e175a995445) (TextureImporter) -> (artifact id: 'c9675c639448ba49747130eceaf828ea') in 0.1648611 seconds
Start importing Assets/textura/Camouflage Texture Pack/2K/Woodlands_Color/Seed_2/Camouflage_Polygon_Pattern_2_2K_WL.png using Guid(06dfa182af402a445b37c3dbd848b673) (TextureImporter) -> (artifact id: '933c73a3b93cbbadf253faf540b0f7b4') in 0.3377914 seconds
Start importing Assets/ZIL130_MilitaryTruck/Textures/Truck_MR.png using Guid(16104596f4205f647a09fa3d7a533753) (TextureImporter) -> (artifact id: '0a4e96933d60cadc5beb9f4efe2415b4') in 1.2037048 seconds
Start importing Assets/Prefabs/Imobiliario/medieval-castle/source/CastleTexture 2/CastleTexture/BaseCastleUp_baseColor.jpg using Guid(1630479143c7c194db0ece92533d4f8a) (TextureImporter) -> (artifact id: 'a474e4995c88a3be611d63fa177c2e63') in 0.2347881 seconds
Start importing Packages/com.unity.collab-proxy/Editor/Assets/Images/d_iconpendingchangesview@2x.png using Guid(16e2437bc79d04055b65b968f4eba9c0) (TextureImporter) -> (artifact id: '26a0cd5b044f31dd6119a3eee160ef66') in 0.1445357 seconds
Start importing Packages/com.unity.2d.sprite/Editor/ObjectMenuCreation/DefaultAssets/Textures/HexagonFlatTop.png using Guid(16037dbd798344f57a526d53d48f5ead) (TextureImporter) -> (artifact id: '393ba62125915c1f8c41310e89e95528') in 0.0276912 seconds
Start importing Assets/Gwangju_3D asset/Scenes/17_Gwangju_Biennale_Inner/Lightmap-6_comp_light.exr using Guid(16539c4cbc6e2b6409cd039df77feb17) (TextureImporter) -> (artifact id: '2ec0e0240b5e7874cc14f86ccce5d253') in 4.5345469 seconds
Start importing Assets/textura/Camouflage Texture Pack/128x128 (PSX)/Desert_color/Seed_3/Camouflage_Tiger_Pattern_3_128_DS.png using Guid(1614003437668d448a175ff3ece1cbda) (TextureImporter) -> (artifact id: 'dee7dcba121580260ae7b2a0e7b62872') in 0.1809687 seconds
Start importing Assets/Pixel Map Terrain/Heightmaps/Tiny.png using Guid(16e43a9f5ded4431e94495817f40ea4c) (TextureImporter) -> (artifact id: '74425ee05e07c1720c4f97d5f318aa4d') in 0.1424065 seconds
Start importing Assets/LowPolyMiliteryVehicles/Textures/Grid_00_BaseMap.png using Guid(1695f871c40f1c7449348893539e938e) (TextureImporter) -> (artifact id: '179744179ce4dc5822c7cb25823f6bea') in 0.0754377 seconds
Start importing Assets/Prefabs/Imobiliario/medieval-castle/textures/SideBastions_baseColor.jpeg using Guid(167687c89e4cae648a238c512bfb41c1) (TextureImporter) -> (artifact id: '1f7ee0facfecf7f4d2f88c7a7aaffd2a') in 0.3456937 seconds
Start importing Assets/textura/Camouflage Texture Pack/128x128 (PSX)/Woodlands_color/Seed_5/Camouflage_DBDU_Pattern_5_128_WL.png using Guid(16f6f387925518c4fb3ef2f49e3e8f8b) (TextureImporter) -> (artifact id: '6cae56c69881840888f53af7ad57392c') in 0.1237674 seconds
Start importing Assets/RPG_FPS_game_assets_industrial/Textures/Skyboxes/Source/Skybox_v9.tga using Guid(16480a11af794d84e952d0f15c3302c3) (TextureImporter) -> (artifact id: 'b8f9c3b357bbcb3f8d55ab870f094f50') in 1.3022278 seconds
Start importing Assets/MarpaStudio/Textures/Well_Normal.png using Guid(1609522c9c793064d96e99728f69395c) (TextureImporter) -> (artifact id: 'd66522088407a89e00d307df99be2ab9') in 0.3845651 seconds
Start importing Assets/textura/Camouflage Texture Pack/128x128 (PSX)/Base_color/T_Demo_Camouflage_Woodlands_Pattern_Noodles_128.png using Guid(169ab26fb066c134580593d8c6ce9548) (TextureImporter) -> (artifact id: '9a6e660ea1f524ac7d66c34aee2783da') in 0.1464274 seconds
Start importing Assets/efeitos/WarFX/Desktop/Textures/Misc/WFX_T_StretchPalet A8.png using Guid(16aa7f45fd438dd41a1e882bd67f5701) (TextureImporter) -> (artifact id: '63c3120dfa46ba1390260440c4491f55') in 0.0226547 seconds
Start importing Assets/textura/Camouflage Texture Pack/2K/Woodlands_Color/Seed_2/Camouflage_Woodlands_Classic_Pattern_2_2K_WL.png using Guid(16eaf76bf032d304d90ce7c1cb197937) (TextureImporter) -> (artifact id: 'd3b05cf5629054fa5e640e28ef9fe393') in 0.4596458 seconds
Start importing Packages/com.unity.render-pipelines.core/Editor/LookDev/Icons/d_Add.png using Guid(160b197aba549514286b94426ceae589) (TextureImporter) -> (artifact id: '5465e050dcd844b5cb03ed11e5d10899') in 0.0215062 seconds
Start importing Packages/com.unity.terrain-tools/Editor/Icons/TerrainOverlays/PaintHeight_On@2x.png using Guid(164be19035fed4e37a31869683a2fe42) (TextureImporter) -> (artifact id: 'a8c4a3e57c08b798787894b3def148ff') in 0.1507855 seconds
Start importing Assets/Polyeler/Simple Aircraft Pack/Materials/Apron/Textures/apronTex.png using Guid(16ef61fc1f392c04bb3a50409c6fecc7) (TextureImporter) -> (artifact id: '4dbbe8381c7b30eca43fc7cd435e5594') in 0.1525823 seconds
Start importing Assets/EasyRoads3D/textures/editor/m_header.png using Guid(16ef664a0f7023c4a94fa58f50bf2899) (TextureImporter) -> (artifact id: 'f540a04048b08ee6b7d362599d042ca2') in 0.1440254 seconds
Start importing Packages/com.unity.terrain-tools/Editor/Icons/TerrainOverlays/d_Terrace_On.png using Guid(26406d324cc6ab44d82a9b8552514efb) (TextureImporter) -> (artifact id: '91d70b0c975df3f08aecb651618854cb') in 0.0174391 seconds
Start importing Packages/com.unity.2d.tilemap/Editor/Icons/d_Tilemap.GridPaint.png using Guid(26f3d342b8e95b24da7ec4638d7f2322) (TextureImporter) -> (artifact id: 'be1e8ffbd305c9048497a7e7b4ebef6e') in 0.1438517 seconds
Start importing Assets/ModularLowpolyStreetsFree/Materials/Other/Textures/Pole-base_AlbedoGloss.png using Guid(2694b5728156e104eb9e32e42740bb55) (TextureImporter) -> (artifact id: '11eeeaec20b16b9e050dcc0992700c6a') in 0.0237519 seconds
Start importing Packages/com.unity.render-pipelines.universal/Textures/DebugFont.tga using Guid(26a413214480ef144b2915d6ff4d0beb) (TextureImporter) -> (artifact id: 'e152bc10263caa02756b8665184d789b') in 0.1523525 seconds
Start importing Assets/SolarPanel/Assets/Textures/StructureMetal/StructureMetalRoughness.png using Guid(26c45e4a0c1d95a49be9cc05a2a66c84) (TextureImporter) -> (artifact id: '711d0992e80a9c7a9fb0b6b984a54371') in 0.2195554 seconds
Start importing Assets/escadas/LN3D_Modular_CatWalk/Free_Part/Textures_Materials/LN3D_Modular_CatWalk_Normal.png using Guid(2646cf95f7143824bb1b25ab259a43d7) (TextureImporter) -> (artifact id: '3f5bc120e8b003e61b1c5b78734e04ed') in 0.9951078 seconds
Start importing Packages/com.unity.cinemachine/Editor/EditorResources/Icons/Light/CmComponent@256.png using Guid(26663a5ec9987421996161615506b6c5) (TextureImporter) -> (artifact id: '52fb9484cccb67b9d264bc7a46c986ed') in 0.1534297 seconds
Start importing Assets/ZIL130_MilitaryTruck/Textures/Truck_AO.png using Guid(264af09941d5b8446ac2adbaf7b4895a) (TextureImporter) -> (artifact id: '2a1d33ab37ad6e0d940053c41e58fd08') in 0.8200085 seconds
Start importing Packages/com.unity.collab-proxy/Editor/Assets/Images/d_iconbranch@2x.png using Guid(267a89f787a621e4290fbff7a5442750) (TextureImporter) -> (artifact id: '9db5ef34e78c267af0f63d93eea27e03') in 0.0634918 seconds
Start importing Assets/textura/Camouflage Texture Pack/256x256 (PSX)/Woodlands_color/Seed_1/Camouflage_Cells_Small_Pattern_1_PSX_WL.png using Guid(269d45fe404bfab40ab147f7081b38aa) (TextureImporter) -> (artifact id: '3e0b90fb2839cf1de2eb78b24c83d6d3') in 0.1531892 seconds
Start importing Assets/textura/Camouflage Texture Pack/256x256 (PSX)/Woodlands_color/Seed_1/Camouflage_Tiger_Pattern_1_PSX_WL.png using Guid(260fdcdf29cac3944811019308de6f32) (TextureImporter) -> (artifact id: '3c06d0bd5f1e484fc69283af515203a9') in 0.0251777 seconds
Start importing Packages/com.unity.inputsystem/InputSystem/Editor/Icons/d_Mouse.png using Guid(264ffc05d7d2841d5a6065854b6282ca) (TextureImporter) -> (artifact id: '8029de03dba5161724b19b7299245fed') in 0.0172296 seconds
Start importing Packages/com.unity.terrain-tools/Editor/Icons/TerrainOverlays/PaintMaterials_On.png using Guid(26df4fc3a4b47457699e8afe47fe49b2) (TextureImporter) -> (artifact id: 'b01df250ffee0f7babf2de19d520c2a2') in 0.0216548 seconds
Start importing Assets/network of paths/Textures/Grass 5_Norm.png using Guid(36c0334b7fd11044ca6c506afe1a9709) (TextureImporter) -> (artifact id: '765e74d78ad5205b1d94d5e2c412adb9') in 0.0820152 seconds
Start importing Assets/MarpaStudio/Textures/Fence_Metallic.png using Guid(36715f7c6f05a5a46ace1f84ba7c2bd6) (TextureImporter) -> (artifact id: '483a843cc32ecbb682589f679409870b') in 0.3100679 seconds
Start importing Packages/com.unity.render-pipelines.universal/Textures/BlueNoise256/LDR_LLL1_0.png using Guid(36f118343fc974119bee3d09e2111500) (TextureImporter) -> (artifact id: '9cfcd275d25496413ecbb218fec0e0f4') in 0.027823 seconds
Start importing Assets/Gwangju_3D asset/Scenes/17_Gwangju_Biennale_Inner/ReflectionProbe-13.exr using Guid(36d24e9f2f0241141abaecc50c9ecac9) (TextureImporter)Starting cubemap convolution for '' (size 128)
...took 0.216 seconds
 -> (artifact id: 'd37122a257db279c5fd82617b83cea9e') in 0.695153 seconds
Start importing Assets/SUIMONO - WATER SYSTEM 2/TEXTURES/_CausticTextures/save.10.psd using Guid(36d26f67823faba4598414bd78669c7d) (TextureImporter) -> (artifact id: '4fcb6ada513f827ce768468119630c9b') in 0.0600735 seconds
Start importing Assets/TerrainSampleAssets/Textures/Heightmaps/Volcano01_Heightmap.tif using Guid(363319f155d126f42babcdde1483c92d) (TextureImporter) -> (artifact id: '64fd992af82116dfe6754cbf09d030da') in 0.262147 seconds
Start importing Assets/textura/Camouflage Texture Pack/2K/Desert_color/Seed_1/Camouflage_Polygon_Pattern_1_2K_DS.png using Guid(36366970af5c05347bb5b52cc98d60ed) (TextureImporter) -> (artifact id: 'cfedcf482fac71f503ea769cd6aeecd8') in 0.3677955 seconds
Start importing Packages/com.unity.collab-proxy/Editor/Assets/Images/d_iconrepository@2x.png using Guid(36564eb85f1bdf2409df96325231cb6c) (TextureImporter) -> (artifact id: '804319d13a419da0e91e18376dd75104') in 0.0365148 seconds
Start importing Packages/com.unity.terrain-tools/Editor/Icons/TerrainOverlays/Stamp_On@2x.png using Guid(367671ea832984bc185394d2c7c65ca5) (TextureImporter) -> (artifact id: '441aa2fe43797406a7ab7a0dbfbfd904') in 0.0240641 seconds
Start importing Packages/com.unity.collab-proxy/Editor/Assets/Images/step3@2x.png using Guid(36e6970b84831434a9eac79abd03700b) (TextureImporter) -> (artifact id: 'c10fa9d27468d75a8bb420ebbd44496c') in 0.0337195 seconds
Start importing Assets/efeitos/WarFX/Desktop/Textures/Flames/WFX_T_DoubleFlames A8.tga using Guid(36e77c9c3b4c7af45acccb2a04cbbb1c) (TextureImporter) -> (artifact id: '96c8cd6ec1c1759ad56418d60d88da15') in 0.0459091 seconds
Start importing Packages/com.unity.2d.tilemap/Editor/Icons/Grid.FlipX@2x.png using Guid(367a9e3649215be42869f99bdeecbab6) (TextureImporter) -> (artifact id: '546b6158ca892435e76913ab2ffb64b3') in 0.0428193 seconds
Start importing Assets/Prefabs/Imobiliario/medieval-castle/source/CastleTexture 2/CastleTexture/BaseCastle_occlusionRoughnessMetallic.jpg using Guid(367b4ae06a2493645aef4c2522dd29a6) (TextureImporter) -> (artifact id: '1fa8b8c4525d39482a4a6d2c65edc085') in 0.214193 seconds
Start importing Assets/Mar_Feito/Models/NCGC_VAKTA/Materials/props/props_diffuse.jpg using Guid(36cc709c2e3612f419cb6b39af0c9785) (TextureImporter) -> (artifact id: 'd34c2cb788e487e05b0b8e29835d3aee') in 0.2785311 seconds
Start importing Assets/textura/Camouflage Texture Pack/1K/Woodlands_Color/Seed_1/Camouflage_Tiger_Vertical_Dotty_Pattern_1_1K_WL.png using Guid(36dcccf2637891d4983d9da5cdc61df0) (TextureImporter) -> (artifact id: 'c370f7f80c191a239e41efb5fa1ea1e4') in 0.2203717 seconds
Start importing Packages/com.unity.timeline/Editor/StyleSheets/Images/DarkSkin/TimelineLoop.png using Guid(360dded8761e81d4d98c10f469d55492) (TextureImporter) -> (artifact id: '63348d3a6d8986b5fadaad7812f437ec') in 0.1615394 seconds
Start importing Packages/com.unity.terrain-tools/Editor/Icons/TerrainOverlays/Bridge.png using Guid(363fcd90686394aef95995816aed5f4b) (TextureImporter) -> (artifact id: 'a684650786726a402f3883960d01afc7') in 0.172576 seconds
Start importing Assets/SolarPanel/Assets/Textures/StructureMetal/StructureMetalHeightMap.png using Guid(369f1a5e190826b41acba5bbd39926bd) (TextureImporter) -> (artifact id: 'e3972e72c27f1b1a45fc44870958c636') in 0.0934997 seconds
Start importing Assets/Resources/IconesGerados/Construcao_Tenda_Icon.png using Guid(463108d3c20e613409d649e14dd967d9) (TextureImporter) -> (artifact id: '4d3ca4c26efa83e7b552f41c2d2b9d08') in 0.2549043 seconds
Start importing Packages/com.unity.terrain-tools/Editor/Icons/TerrainOverlays/BrushSettingIcons/BrushAttributes.png using Guid(4672fbe754dae4a57811ad3cb6daa487) (TextureImporter) -> (artifact id: '516c7697b2215e2b8b31d17a6563e146') in 0.0240051 seconds
Start importing Assets/textura/Camouflage Texture Pack/1K/Urban_color/Seed_1/Camouflage_Polygon_Pattern_1_1K_UB.png using Guid(4693b521e09bb544280a4e30e4d17a0b) (TextureImporter) -> (artifact id: '0bf4eddf5925ff6dd1852a6080d15354') in 0.2230366 seconds
Start importing Packages/com.unity.collab-proxy/Editor/Assets/Images/d_step3.png using Guid(46930b20180b59e46b73494adf53abbb) (TextureImporter) -> (artifact id: 'd169cfd9dd052762f7399f57f89323df') in 0.0200764 seconds
Start importing Assets/Prefabs/Aeroporto/VAP drone/Gemini_Generated_Image_skbfrcskbfrcskbf.png using Guid(4674f08757ebfd44db894efb2d8658e8) (TextureImporter) -> (artifact id: 'c3a2b044de6ffcf07c79dcdf2c9e7d98') in 0.6537504 seconds
Start importing Assets/textura/Camouflage Texture Pack/256x256 (PSX)/Urban_color/Seed_1/Camouflage_Dotty_Pattern_1_PSX_UB.png using Guid(46a4bceb9d55e314fbe3e81dfa487399) (TextureImporter) -> (artifact id: '0fdc079fcfba35f2682bc5ca473e31d7') in 0.0491438 seconds
Start importing Assets/Mar_Feito/Shaders/foam2bc.jpg using Guid(4655220673b9a4b4185513be7163ed66) (TextureImporter) -> (artifact id: 'e062ab4b8164133f92aaf0f77f4da8be') in 0.0814912 seconds
Start importing Packages/com.unity.terrain-tools/Editor/Icons/TerrainOverlays/BrushSettingIcons/d_Spacing@2x.png using Guid(46a6411a4037d4a3a971244c9e459d8d) (TextureImporter) -> (artifact id: '83f425bd7d3dbf0609c85348ced42e01') in 0.1196759 seconds
Start importing Assets/textura/Camouflage Texture Pack/256x256 (PSX)/Woodlands_color/Seed_5/Camouflage_Tiger_Vertical_Dotty_Pattern_5_PSX_WL.png using Guid(46b70c687ec34ae4e972663f168e342b) (TextureImporter) -> (artifact id: '829bb3313d5679f5cb4041c8ed7d5625') in 0.2006588 seconds
Start importing Packages/com.unity.splines/Editor/Editor Resources/Icons/d_Tangent_Linear On@2x.png using Guid(46d8205276dc66f46ba61fb807f9dc62) (TextureImporter) -> (artifact id: 'c49c8e12bea854e5ff90cd5a7788b3f6') in 0.0207371 seconds
Start importing Assets/EasyRoads3D/textures/editor/m_road.png using Guid(46e81e5d2c8b2144582558b65e45db86) (TextureImporter) -> (artifact id: 'd48da217af9310605a3f7a749f18e5dd') in 0.1824506 seconds
Start importing Assets/textura/Camouflage Texture Pack/128x128 (PSX)/Woodlands_color/Seed_4/Camouflage_Net_Pattern_4_128_WL.png using Guid(46f95fbccd4ab4d49bf457b9a84b2f97) (TextureImporter) -> (artifact id: 'f65d27740da22c6e326d0ec81bc2552c') in 0.0263332 seconds
Start importing Assets/Industrial_Zone_Modular_Pack/Textures/Props/Concrete_Pipes/Concrete_Pipes.png using Guid(469aba71837f41c48aa9858faf416d76) (TextureImporter) -> (artifact id: '117d04255717fcc0c0f2cdd3028b4b5e') in 0.3030957 seconds
Start importing Assets/Gwangju_3D asset/Scenes/17_Gwangju_Biennale_Inner/Lightmap-5_comp_light.exr using Guid(46dec19fbdfe70c4b85c9ffc2366f441) (TextureImporter) -> (artifact id: '0f64a9d8de4025ca10e64704b892d3bd') in 4.187781 seconds
Start importing Assets/MarpaStudio/Textures/Rake_AO.png using Guid(461faa0ec2a0c444cb8be9b584de4327) (TextureImporter) -> (artifact id: 'c85ccfcad6b9552f133ccc2418a82c39') in 0.1683218 seconds
Start importing Packages/com.unity.shadergraph/Editor/Resources/GraphView/Nodes/BlackboardFieldPillBackground.png using Guid(56603bbe7a2b54640bbd90104bea4981) (TextureImporter) -> (artifact id: 'f39d58840b254e72b47f3dae35a3c55a') in 0.0357502 seconds
Start importing Assets/Prefabs/Soldado_Rifle/50centbots-lloyd-banks/textures/Lloyd_BanksBody_DIFF.png using Guid(56b08bec95632714f871f803ec69471c) (TextureImporter) -> (artifact id: '5a353543163b795e00a7f5169c396b03') in 0.1012462 seconds
Start importing Packages/com.unity.render-pipelines.core/Editor/LookDev/Icons/d_Camera1.png using Guid(56c35c86bb44b0e4e84a22db56968157) (TextureImporter) -> (artifact id: '4d9a59731e206574b35a9d0e6715d4f7') in 0.0300694 seconds
Start importing Packages/com.unity.inputsystem/InputSystem/Editor/Icons/Position.png using Guid(5684eb521fa99491e9061de682d1622e) (TextureImporter) -> (artifact id: '9d65ad9bf168f960b29dca9ef501cddd') in 0.0326519 seconds
Start importing Packages/com.unity.terrain-tools/Editor/Icons/TerrainOverlays/Smudge.png using Guid(56e50ad7373184f4f9e51bab9fb1db8c) (TextureImporter) -> (artifact id: 'ed04a07d74a8e91766085a886913df36') in 0.0271418 seconds
Start importing Packages/com.unity.render-pipelines.universal/Textures/BlueNoise256/LDR_LLL1_6.png using Guid(56a77a3e8d64f47b6afe9e3c95cb57d5) (TextureImporter) -> (artifact id: '41459ef5b0405d2d04f8fdce03c86ddc') in 0.0142455 seconds
Start importing Packages/com.unity.render-pipelines.universal/Runtime/2D/Data/Textures/FalloffLookupTexture.png using Guid(5688ab254e4c0634f8d6c8e0792331ca) (TextureImporter) -> (artifact id: 'd7dabf462f5cd74ac9e29b3f0b156da3') in 0.0382495 seconds
Start importing Packages/com.unity.collab-proxy/Editor/Assets/Images/iconconflictedoverlay@2x.png using Guid(5679a74364f6b4440ab7e7aed55cd95e) (TextureImporter) -> (artifact id: '4537bc9b5b2ca52632d43f2b71bfc6e3') in 0.0359864 seconds
Start importing Packages/com.unity.collab-proxy/Editor/Assets/Images/iconmergeview.png using Guid(569cb7c654ca242978cdc7428c2881a3) (TextureImporter) -> (artifact id: '2bfc65f018f07f892be3ebb8b442a2d3') in 0.0237645 seconds
Start importing Packages/com.unity.visualscripting/Editor/VisualScripting.Core/IconMap/VariablesAsset@32.png using Guid(562f2dd7647d95e499d958215476bbde) (TextureImporter) -> (artifact id: 'cde9c79b92e12ba8cf935462e98f9274') in 0.0338051 seconds
Start importing Packages/com.unity.shadergraph/Editor/Resources/Icons/SettingsIcons@2x.png using Guid(66e0f20149bec7a4eaee2f2d8aec158a) (TextureImporter) -> (artifact id: 'a74fea4452dd7163fe606cebbfbf3206') in 0.0206194 seconds
Start importing Assets/SUIMONO - WATER SYSTEM 2/RESOURCES/textures/gui_bgpreset_i.psd using Guid(66335b1ce266e4740883911b1dfae59f) (TextureImporter) -> (artifact id: '338267409353a7459edf73c2abef08bc') in 0.0504352 seconds
Start importing Assets/SUIMONO - WATER SYSTEM 2/TEXTURES/_CausticTextures/save.24.psd using Guid(66c378d365aec8b4093ebe4b27ba1f6e) (TextureImporter) -> (artifact id: 'bce9a8434559112396b963fd0bd41c2c') in 0.0497331 seconds
Start importing Assets/textura/Camouflage Texture Pack/2K/Woodlands_Color/Seed_4/Camouflage_Noodles_Pattern_4_2K_WL.png using Guid(6675b5af2e05b6c4494ca4ee25c40739) (TextureImporter) -> (artifact id: 'c29eb53840c10b8a09fd5102efae3e21') in 0.3839392 seconds
Start importing Assets/AllSkyFree/Deep Dusk/Deep Dusk Equirect.png using Guid(66e51860485ae4048a30f7e029e65af7) (TextureImporter)