[Licensing::Module] Trying to connect to existing licensing client channel...
Built from '6000.2/staging' branch; Version is '6000.2.15f1 (0707b6d1e918) revision 460726'; Using compiler version '194234433'; Build Type 'Release'
OS: 'Windows 11  (10.0.26200) 64bit Professional' Language: 'pt' Physical Memory: 16315 MB
[Licensing::IpcConnector] Successfully connected to: "LicenseClient-Mathe" at "2026-07-15T23:53:05.5577596Z"
BatchMode: 1, IsHumanControllingUs: 0, StartBugReporterOnCrash: 0, Is64bit: 1
Date: 2026-07-15T23:53:05Z

COMMAND LINE ARGUMENTS:
C:\Program Files\Unity\Hub\Editor\6000.2.15f1\Editor\Unity.exe
-batchmode
-nographics
-projectPath
C:\Users\Mathe\Desktop\Hegemonia-Mundial-main\Hegemonia-Mundial-main
-logFile
C:\Users\Mathe\Desktop\Hegemonia-Mundial-main\Hegemonia-Mundial-main\Unity_PlayMode_exec11.log
-executeMethod
Hegemonia.EditorTools.IA01PlayModeTestRunner.Run
Successfully changed project path to: C:\Users\Mathe\Desktop\Hegemonia-Mundial-main\Hegemonia-Mundial-main
C:/Users/Mathe/Desktop/Hegemonia-Mundial-main/Hegemonia-Mundial-main
[UnityMemory] Configuration Parameters - Can be set up in boot.config
    "memorysetup-allocator-temp-initial-block-size-main=262144"
    "memorysetup-allocator-temp-initial-block-size-worker=262144"
    "memorysetup-bucket-allocator-granularity=16"
    "memorysetup-bucket-allocator-bucket-count=8"
    "memorysetup-bucket-allocator-block-size=33554432"
    "memorysetup-bucket-allocator-block-count=8"
    "memorysetup-main-allocator-block-size=16777216"
    "memorysetup-thread-allocator-block-size=16777216"
    "memorysetup-gfx-main-allocator-block-size=16777216"
    "memorysetup-gfx-thread-allocator-block-size=16777216"
    "memorysetup-cache-allocator-block-size=4194304"
    "memorysetup-typetree-allocator-block-size=2097152"
    "memorysetup-profiler-bucket-allocator-granularity=16"
    "memorysetup-profiler-bucket-allocator-bucket-count=8"
    "memorysetup-profiler-bucket-allocator-block-size=33554432"
    "memorysetup-profiler-bucket-allocator-block-count=8"
    "memorysetup-profiler-allocator-block-size=16777216"
    "memorysetup-profiler-editor-allocator-block-size=1048576"
    "memorysetup-temp-allocator-size-main=16777216"
    "memorysetup-job-temp-allocator-block-size=2097152"
    "memorysetup-job-temp-allocator-block-size-background=1048576"
    "memorysetup-job-temp-allocator-reduction-small-platforms=262144"
    "memorysetup-temp-allocator-size-background-worker=32768"
    "memorysetup-temp-allocator-size-job-worker=262144"
    "memorysetup-temp-allocator-size-preload-manager=33554432"
    "memorysetup-temp-allocator-size-nav-mesh-worker=65536"
    "memorysetup-temp-allocator-size-audio-worker=65536"
    "memorysetup-temp-allocator-size-cloud-worker=32768"
    "memorysetup-temp-allocator-size-gi-baking-worker=262144"
    "memorysetup-temp-allocator-size-gi-baking-worker=262144"
    "memorysetup-temp-allocator-size-gi-baking-worker=262144"
    "memorysetup-temp-allocator-size-gi-baking-worker=262144"
    "memorysetup-temp-allocator-size-gi-baking-worker=262144"
    "memorysetup-temp-allocator-size-gfx=262144"
Player connection [11916]  Target information:

Player connection [11916]  * "[IP] 10.0.10.239 [Port] 55504 [Flags] 2 [Guid] 108313029 [EditorId] 108313029 [Version] 1048832 [Id] WindowsEditor(7,erickpc) [Debug] 1 [PackageName] WindowsEditor [ProjectName] Editor" 

Player connection [11916] Host joined multi-casting on [225.0.0.222:54997]...
Player connection [11916] Host joined alternative multi-casting on [225.0.0.222:34997]...
Input System module state changed to: Initialized.
[Physics::Module] Initialized fallback backend.
[Physics::Module] Id: 0xdecafbad
[Package Manager] Connected to IPC stream "Upm-15404" after 0.6 seconds.
Library Redirect Path: Library/
[Physics::Module] Selected backend.
[Physics::Module] Name: PhysX
[Physics::Module] Id: 0xf2b8ea05
[Physics::Module] SDK Version: 4.1.2
[Physics::Module] Integration Version: 1.0.0
[Physics::Module] Threading Mode: Multi-Threaded
Refreshing native plugins compatible for Editor in 0.93 ms, found 0 plugins.
Preloading 0 native plugins for Editor in 0.00 ms.
Initialize engine version: 6000.2.15f1 (0707b6d1e918)
[Subsystems] Discovering subsystems at path C:/Program Files/Unity/Hub/Editor/6000.2.15f1/Editor/Data/Resources/UnitySubsystems
[Subsystems] Discovering subsystems at path C:/Users/Mathe/Desktop/Hegemonia-Mundial-main/Hegemonia-Mundial-main/Assets
Forcing GfxDevice: Null
GfxDevice: creating device client; kGfxThreadingModeNonThreaded
NullGfxDevice:
    Version:  NULL 1.0 [1.0]
    Renderer: Null Device
    Vendor:   Unity Technologies
Shader Hidden/ProbeVolume/VoxelizeScene is not supported: GPU does not support conservative rasterization
Shader 'WFX/Transparent Diffuse': fallback shader 'Particles/Alpha Blended' not found
Shader 'WFX/Transparent Specular': fallback shader 'Particles/Alpha Blended' not found
Initialize mono
Mono path[0] = 'C:/Program Files/Unity/Hub/Editor/6000.2.15f1/Editor/Data/Managed'
Mono path[1] = 'C:/Program Files/Unity/Hub/Editor/6000.2.15f1/Editor/Data/MonoBleedingEdge/lib/mono/unityjit-win32'
Mono config path = 'C:/Program Files/Unity/Hub/Editor/6000.2.15f1/Editor/Data/MonoBleedingEdge/etc'
Using monoOptions --debugger-agent=transport=dt_socket,embedding=1,server=y,suspend=n,address=127.0.0.1:56404
Using cacheserver namespaces - metadata:defaultmetadata, artifacts:defaultartifacts
Using cacheserver namespaces - metadata:defaultmetadata, artifacts:defaultartifacts
ImportWorker Server TCP listen port: 0
AcceleratorClientConnectionCallback - disconnected - :0
Begin MonoManager ReloadAssembly
Registering precompiled unity dll's ...
Register platform support module: C:/Program Files/Unity/Hub/Editor/6000.2.15f1/Editor/Data/PlaybackEngines/WindowsStandaloneSupport/UnityEditor.WindowsStandalone.Extensions.dll
Registered in 0.003806 seconds.
[Licensing::Client] Handshaking with LicensingClient:
  Version:                 1.17.4+4293ba1
  Session Id:              6b356f7dba8b439bb2fca233fb657fe4
  Correlation Id:          9ceb905573055c0187f42c21a3f5c115
  External correlation Id: 7793100337360915440
  Machine Id:              CIG9bbgXtP+YsacqL8JoCFrF9kk=
[Licensing::Module] Successfully connected to LicensingClient on channel: "LicenseClient-Mathe" (connect: 0.00s, validation: 0.00s, handshake: 2.11s)
[Licensing::IpcConnector] Successfully connected to: "LicenseClient-Mathe-notifications" at "2026-07-15T23:53:07.669786Z"
[Licensing::Module] Error: Access token is unavailable; failed to update
[Licensing::Client] Successfully resolved entitlement details
[Licensing::Module] License group:
  Id: 4673433101100-UnityPersXXXX
  Product: Unity Personal
  Type: Assigned
  Expiration: Unlimited
[Licensing::Client] Successfully updated license, isAsync: True, time: 0.00
[Licensing::Client] Successfully resolved entitlement details
[Licensing::Module] Licensing Background thread has ended after 2.12s
- Loaded All Assemblies, in  0.775 seconds
Native extension for WindowsStandalone target not found
Mono: successfully reloaded assembly
- Finished resetting the current domain, in  0.585 seconds
Domain Reload Profiling: 1352ms
	BeginReloadAssembly (279ms)
		ExecutionOrderSort (0ms)
		DisableScriptedObjects (0ms)
		BackupInstance (0ms)
		ReleaseScriptingObjects (0ms)
		CreateAndSetChildDomain (2ms)
	RebuildCommonClasses (80ms)
	RebuildNativeTypeToScriptingClass (24ms)
	initialDomainReloadingComplete (102ms)
	LoadAllAssembliesAndSetupDomain (281ms)
		LoadAssemblies (268ms)
		RebuildTransferFunctionScriptingTraits (0ms)
		AnalyzeDomain (276ms)
			TypeCache.Refresh (273ms)
				TypeCache.ScanAssembly (253ms)
			BuildScriptInfoCaches (0ms)
			ResolveRequiredComponents (1ms)
	FinalizeReload (586ms)
		ReleaseScriptCaches (0ms)
		RebuildScriptCaches (0ms)
		SetupLoadedEditorAssemblies (517ms)
			LogAssemblyErrors (0ms)
			InitializePlatformSupportModulesInManaged (90ms)
			SetLoadedEditorAssemblies (6ms)
			BeforeProcessingInitializeOnLoad (101ms)
			ProcessInitializeOnLoadAttributes (217ms)
			ProcessInitializeOnLoadMethodAttributes (103ms)
			AfterProcessingInitializeOnLoad (0ms)
			EditorAssembliesLoaded (0ms)
		ExecutionOrderSort2 (0ms)
		AwakeInstancesAfterBackupRestoration (0ms)
[Licensing::Client] Successfully resolved entitlement details
Application.AssetDatabase Initial Refresh Start
Package Manager log level set to [2]
[Package Manager] Restoring resolved packages state from cache
[Licensing::Client] Successfully resolved entitlement details
[Package Manager] Registered 66 packages:
  Packages from [https://packages.unity.com]:
    com.unity.ai.navigation@2.0.12 (location: C:\Users\Mathe\Desktop\Hegemonia-Mundial-main\Hegemonia-Mundial-main\Library\PackageCache\com.unity.ai.navigation@734c2c4c5591)
    com.unity.cinemachine@3.1.5 (location: C:\Users\Mathe\Desktop\Hegemonia-Mundial-main\Hegemonia-Mundial-main\Library\PackageCache\com.unity.cinemachine@5342685532bb)
    com.unity.collab-proxy@2.12.4 (location: C:\Users\Mathe\Desktop\Hegemonia-Mundial-main\Hegemonia-Mundial-main\Library\PackageCache\com.unity.collab-proxy@0b1559bcd34e)
    com.unity.editorcoroutines@1.0.1 (location: C:\Users\Mathe\Desktop\Hegemonia-Mundial-main\Hegemonia-Mundial-main\Library\PackageCache\com.unity.editorcoroutines@54394ed3283c)
    com.unity.ide.rider@3.0.39 (location: C:\Users\Mathe\Desktop\Hegemonia-Mundial-main\Hegemonia-Mundial-main\Library\PackageCache\com.unity.ide.rider@4504839d03f7)
    com.unity.ide.visualstudio@2.0.27 (location: C:\Users\Mathe\Desktop\Hegemonia-Mundial-main\Hegemonia-Mundial-main\Library\PackageCache\com.unity.ide.visualstudio@dc1ddd4f09b6)
    com.unity.inputsystem@1.19.0 (location: C:\Users\Mathe\Desktop\Hegemonia-Mundial-main\Hegemonia-Mundial-main\Library\PackageCache\com.unity.inputsystem@21a28c3a6c83)
    com.unity.performance.profile-analyzer@1.3.3 (location: C:\Users\Mathe\Desktop\Hegemonia-Mundial-main\Hegemonia-Mundial-main\Library\PackageCache\com.unity.performance.profile-analyzer@10347e9ce886)
    com.unity.postprocessing@3.5.4 (location: C:\Users\Mathe\Desktop\Hegemonia-Mundial-main\Hegemonia-Mundial-main\Library\PackageCache\com.unity.postprocessing@141166b789e3)
    com.unity.settings-manager@2.1.1 (location: C:\Users\Mathe\Desktop\Hegemonia-Mundial-main\Hegemonia-Mundial-main\Library\PackageCache\com.unity.settings-manager@0b8638c5ce86)
    com.unity.terrain-tools@5.3.2 (location: C:\Users\Mathe\Desktop\Hegemonia-Mundial-main\Hegemonia-Mundial-main\Library\PackageCache\com.unity.terrain-tools@bcd5ab3144b8)
    com.unity.testtools.codecoverage@1.3.0 (location: C:\Users\Mathe\Desktop\Hegemonia-Mundial-main\Hegemonia-Mundial-main\Library\PackageCache\com.unity.testtools.codecoverage@19a841221620)
    com.unity.timeline@1.8.10 (location: C:\Users\Mathe\Desktop\Hegemonia-Mundial-main\Hegemonia-Mundial-main\Library\PackageCache\com.unity.timeline@7f8b2fb101b6)
    com.unity.visualscripting@1.9.11 (location: C:\Users\Mathe\Desktop\Hegemonia-Mundial-main\Hegemonia-Mundial-main\Library\PackageCache\com.unity.visualscripting@8bed5ad90189)
    com.unity.splines@2.8.2 (location: C:\Users\Mathe\Desktop\Hegemonia-Mundial-main\Hegemonia-Mundial-main\Library\PackageCache\com.unity.splines@1cb7d86fc7ff)
    com.unity.searcher@4.9.3 (location: C:\Users\Mathe\Desktop\Hegemonia-Mundial-main\Hegemonia-Mundial-main\Library\PackageCache\com.unity.searcher@1e17ce91558d)
    com.unity.burst@1.8.25 (location: C:\Users\Mathe\Desktop\Hegemonia-Mundial-main\Hegemonia-Mundial-main\Library\PackageCache\com.unity.burst@1df634d836b8)
    com.unity.mathematics@1.3.2 (location: C:\Users\Mathe\Desktop\Hegemonia-Mundial-main\Hegemonia-Mundial-main\Library\PackageCache\com.unity.mathematics@8017b507cc74)
    com.unity.collections@2.6.2 (location: C:\Users\Mathe\Desktop\Hegemonia-Mundial-main\Hegemonia-Mundial-main\Library\PackageCache\com.unity.collections@aea9d3bd5e19)
    com.unity.nuget.mono-cecil@1.11.5 (location: C:\Users\Mathe\Desktop\Hegemonia-Mundial-main\Hegemonia-Mundial-main\Library\PackageCache\com.unity.nuget.mono-cecil@d78732e851eb)
    com.unity.test-framework.performance@3.2.0 (location: C:\Users\Mathe\Desktop\Hegemonia-Mundial-main\Hegemonia-Mundial-main\Library\PackageCache\com.unity.test-framework.performance@0840f58e4562)
  Built-in packages:
    com.unity.2d.sprite@1.0.0 (location: C:\Users\Mathe\Desktop\Hegemonia-Mundial-main\Hegemonia-Mundial-main\Library\PackageCache\com.unity.2d.sprite@331abd9a1e2f)
    com.unity.2d.tilemap@1.0.0 (location: C:\Users\Mathe\Desktop\Hegemonia-Mundial-main\Hegemonia-Mundial-main\Library\PackageCache\com.unity.2d.tilemap@0b99f08c0204)
    com.unity.ext.nunit@2.0.5 (location: C:\Users\Mathe\Desktop\Hegemonia-Mundial-main\Hegemonia-Mundial-main\Library\PackageCache\com.unity.ext.nunit@031a54704bff)
    com.unity.feature.development@1.0.2 (location: C:\Users\Mathe\Desktop\Hegemonia-Mundial-main\Hegemonia-Mundial-main\Library\PackageCache\com.unity.feature.development@767aadbc6eb7)
    com.unity.render-pipelines.universal@17.2.0 (location: C:\Users\Mathe\Desktop\Hegemonia-Mundial-main\Hegemonia-Mundial-main\Library\PackageCache\com.unity.render-pipelines.universal@65a6875fdfbc)
    com.unity.test-framework@1.6.0 (location: C:\Users\Mathe\Desktop\Hegemonia-Mundial-main\Hegemonia-Mundial-main\Library\PackageCache\com.unity.test-framework@40e262928427)
    com.unity.ugui@2.0.0 (location: C:\Users\Mathe\Desktop\Hegemonia-Mundial-main\Hegemonia-Mundial-main\Library\PackageCache\com.unity.ugui@3ed76cad4655)
    com.unity.modules.accessibility@1.0.0 (location: C:\Program Files\Unity\Hub\Editor\6000.2.15f1\Editor\Data\Resources\PackageManager\BuiltInPackages\com.unity.modules.accessibility)
    com.unity.modules.ai@1.0.0 (location: C:\Program Files\Unity\Hub\Editor\6000.2.15f1\Editor\Data\Resources\PackageManager\BuiltInPackages\com.unity.modules.ai)
    com.unity.modules.androidjni@1.0.0 (location: C:\Program Files\Unity\Hub\Editor\6000.2.15f1\Editor\Data\Resources\PackageManager\BuiltInPackages\com.unity.modules.androidjni)
    com.unity.modules.animation@1.0.0 (location: C:\Program Files\Unity\Hub\Editor\6000.2.15f1\Editor\Data\Resources\PackageManager\BuiltInPackages\com.unity.modules.animation)
    com.unity.modules.assetbundle@1.0.0 (location: C:\Program Files\Unity\Hub\Editor\6000.2.15f1\Editor\Data\Resources\PackageManager\BuiltInPackages\com.unity.modules.assetbundle)
    com.unity.modules.audio@1.0.0 (location: C:\Program Files\Unity\Hub\Editor\6000.2.15f1\Editor\Data\Resources\PackageManager\BuiltInPackages\com.unity.modules.audio)
    com.unity.modules.cloth@1.0.0 (location: C:\Program Files\Unity\Hub\Editor\6000.2.15f1\Editor\Data\Resources\PackageManager\BuiltInPackages\com.unity.modules.cloth)
    com.unity.modules.director@1.0.0 (location: C:\Program Files\Unity\Hub\Editor\6000.2.15f1\Editor\Data\Resources\PackageManager\BuiltInPackages\com.unity.modules.director)
    com.unity.modules.hierarchycore@1.0.0 (location: C:\Program Files\Unity\Hub\Editor\6000.2.15f1\Editor\Data\Resources\PackageManager\BuiltInPackages\com.unity.modules.hierarchycore)
    com.unity.modules.imageconversion@1.0.0 (location: C:\Program Files\Unity\Hub\Editor\6000.2.15f1\Editor\Data\Resources\PackageManager\BuiltInPackages\com.unity.modules.imageconversion)
    com.unity.modules.imgui@1.0.0 (location: C:\Program Files\Unity\Hub\Editor\6000.2.15f1\Editor\Data\Resources\PackageManager\BuiltInPackages\com.unity.modules.imgui)
    com.unity.modules.jsonserialize@1.0.0 (location: C:\Program Files\Unity\Hub\Editor\6000.2.15f1\Editor\Data\Resources\PackageManager\BuiltInPackages\com.unity.modules.jsonserialize)
    com.unity.modules.particlesystem@1.0.0 (location: C:\Program Files\Unity\Hub\Editor\6000.2.15f1\Editor\Data\Resources\PackageManager\BuiltInPackages\com.unity.modules.particlesystem)
    com.unity.modules.physics@1.0.0 (location: C:\Program Files\Unity\Hub\Editor\6000.2.15f1\Editor\Data\Resources\PackageManager\BuiltInPackages\com.unity.modules.physics)
    com.unity.modules.physics2d@1.0.0 (location: C:\Program Files\Unity\Hub\Editor\6000.2.15f1\Editor\Data\Resources\PackageManager\BuiltInPackages\com.unity.modules.physics2d)
    com.unity.modules.screencapture@1.0.0 (location: C:\Program Files\Unity\Hub\Editor\6000.2.15f1\Editor\Data\Resources\PackageManager\BuiltInPackages\com.unity.modules.screencapture)
    com.unity.modules.subsystems@1.0.0 (location: C:\Program Files\Unity\Hub\Editor\6000.2.15f1\Editor\Data\Resources\PackageManager\BuiltInPackages\com.unity.modules.subsystems)
    com.unity.modules.terrain@1.0.0 (location: C:\Program Files\Unity\Hub\Editor\6000.2.15f1\Editor\Data\Resources\PackageManager\BuiltInPackages\com.unity.modules.terrain)
    com.unity.modules.terrainphysics@1.0.0 (location: C:\Program Files\Unity\Hub\Editor\6000.2.15f1\Editor\Data\Resources\PackageManager\BuiltInPackages\com.unity.modules.terrainphysics)
    com.unity.modules.tilemap@1.0.0 (location: C:\Program Files\Unity\Hub\Editor\6000.2.15f1\Editor\Data\Resources\PackageManager\BuiltInPackages\com.unity.modules.tilemap)
    com.unity.modules.ui@1.0.0 (location: C:\Program Files\Unity\Hub\Editor\6000.2.15f1\Editor\Data\Resources\PackageManager\BuiltInPackages\com.unity.modules.ui)
    com.unity.modules.uielements@1.0.0 (location: C:\Program Files\Unity\Hub\Editor\6000.2.15f1\Editor\Data\Resources\PackageManager\BuiltInPackages\com.unity.modules.uielements)
    com.unity.modules.umbra@1.0.0 (location: C:\Program Files\Unity\Hub\Editor\6000.2.15f1\Editor\Data\Resources\PackageManager\BuiltInPackages\com.unity.modules.umbra)
    com.unity.modules.unityanalytics@1.0.0 (location: C:\Program Files\Unity\Hub\Editor\6000.2.15f1\Editor\Data\Resources\PackageManager\BuiltInPackages\com.unity.modules.unityanalytics)
    com.unity.modules.unitywebrequest@1.0.0 (location: C:\Program Files\Unity\Hub\Editor\6000.2.15f1\Editor\Data\Resources\PackageManager\BuiltInPackages\com.unity.modules.unitywebrequest)
    com.unity.modules.unitywebrequestassetbundle@1.0.0 (location: C:\Program Files\Unity\Hub\Editor\6000.2.15f1\Editor\Data\Resources\PackageManager\BuiltInPackages\com.unity.modules.unitywebrequestassetbundle)
    com.unity.modules.unitywebrequestaudio@1.0.0 (location: C:\Program Files\Unity\Hub\Editor\6000.2.15f1\Editor\Data\Resources\PackageManager\BuiltInPackages\com.unity.modules.unitywebrequestaudio)
    com.unity.modules.unitywebrequesttexture@1.0.0 (location: C:\Program Files\Unity\Hub\Editor\6000.2.15f1\Editor\Data\Resources\PackageManager\BuiltInPackages\com.unity.modules.unitywebrequesttexture)
    com.unity.modules.unitywebrequestwww@1.0.0 (location: C:\Program Files\Unity\Hub\Editor\6000.2.15f1\Editor\Data\Resources\PackageManager\BuiltInPackages\com.unity.modules.unitywebrequestwww)
    com.unity.modules.vehicles@1.0.0 (location: C:\Program Files\Unity\Hub\Editor\6000.2.15f1\Editor\Data\Resources\PackageManager\BuiltInPackages\com.unity.modules.vehicles)
    com.unity.modules.video@1.0.0 (location: C:\Program Files\Unity\Hub\Editor\6000.2.15f1\Editor\Data\Resources\PackageManager\BuiltInPackages\com.unity.modules.video)
    com.unity.modules.vr@1.0.0 (location: C:\Program Files\Unity\Hub\Editor\6000.2.15f1\Editor\Data\Resources\PackageManager\BuiltInPackages\com.unity.modules.vr)
    com.unity.modules.wind@1.0.0 (location: C:\Program Files\Unity\Hub\Editor\6000.2.15f1\Editor\Data\Resources\PackageManager\BuiltInPackages\com.unity.modules.wind)
    com.unity.modules.xr@1.0.0 (location: C:\Program Files\Unity\Hub\Editor\6000.2.15f1\Editor\Data\Resources\PackageManager\BuiltInPackages\com.unity.modules.xr)
    com.unity.render-pipelines.core@17.2.0 (location: C:\Users\Mathe\Desktop\Hegemonia-Mundial-main\Hegemonia-Mundial-main\Library\PackageCache\com.unity.render-pipelines.core@205f2b8ecf0f)
    com.unity.shadergraph@17.2.0 (location: C:\Users\Mathe\Desktop\Hegemonia-Mundial-main\Hegemonia-Mundial-main\Library\PackageCache\com.unity.shadergraph@bb4ad9d6ddac)
    com.unity.render-pipelines.universal-config@17.0.3 (location: C:\Users\Mathe\Desktop\Hegemonia-Mundial-main\Hegemonia-Mundial-main\Library\PackageCache\com.unity.render-pipelines.universal-config@8dc1aab4af1d)
    com.unity.rendering.light-transport@1.0.1 (location: C:\Users\Mathe\Desktop\Hegemonia-Mundial-main\Hegemonia-Mundial-main\Library\PackageCache\com.unity.rendering.light-transport@2c9279f90d7c)
[Subsystems] No new subsystems found in resolved package list.
[Package Manager] Done registering packages in 0.04 seconds
Assembly reference Packages/com.unity.cinemachine/Editor/Samples/ExposeHDRPInternals/HDRP-Editor-ref.asmref has no target assembly definition
Assembly reference Packages/com.unity.cinemachine/Editor/Samples/ExposeHDRPInternals/HDRP-Editor-ref.asmref has no target assembly definition
[ScriptCompilation] Requested script compilation because: Assetdatabase observed changes in script compilation related files
Starting: C:\Program Files\Unity\Hub\Editor\6000.2.15f1\Editor\Data\bee_backend.exe --ipc --defer-dag-verification --dagfile="Library/Bee/1900b0aE.dag" --continue-on-failure --profile="Library/Bee/backend1.traceevents" ScriptAssemblies
WorkingDir: C:/Users/Mathe/Desktop/Hegemonia-Mundial-main/Hegemonia-Mundial-main
DisplayProgressbar: Compiling Scripts
ExitCode: 0 Duration: 8s251ms
[ 779/1007  0s] ILPP-Configuration Library/ilpp-configuration.nevergeneratedoutput
[ 999/1007  5s] Csc Library/Bee/artifacts/1900b0aE.dag/Assembly-CSharp.dll (+2 others)
Assets\scripts\IA01\IA01Scheduler.cs(30,21): warning CS0414: The field 'IA01Scheduler.roundRobinCursor' is assigned but its value is never used
[1001/1007  1s] ILPostProcess Library/Bee/artifacts/1900b0aE.dag/post-processed/Assembly-CSharp-Editor.dll (+pdb)
Processing assembly Library/Bee/artifacts/1900b0aE.dag/Assembly-CSharp-Editor.dll, with 134 defines and 343 references

processors: Unity.Jobs.CodeGen.JobsILPostProcessor, zzzUnity.Burst.CodeGen.BurstILPostProcessor

running Unity.Jobs.CodeGen.JobsILPostProcessor

running zzzUnity.Burst.CodeGen.BurstILPostProcessor
[1004/1007  2s] ILPostProcess Library/Bee/artifacts/1900b0aE.dag/post-processed/Assembly-CSharp.dll (+pdb)
Processing assembly Library/Bee/artifacts/1900b0aE.dag/Assembly-CSharp.dll, with 136 defines and 317 references

processors: Unity.Jobs.CodeGen.JobsILPostProcessor, zzzUnity.Burst.CodeGen.BurstILPostProcessor

running Unity.Jobs.CodeGen.JobsILPostProcessor

running zzzUnity.Burst.CodeGen.BurstILPostProcessor
[1005/1007  0s] CopyFiles Library/ScriptAssemblies/Assembly-CSharp.pdb
[1006/1007  0s] CopyFiles Library/ScriptAssemblies/Assembly-CSharp.dll
*** Tundra build success (8.16 seconds), 6 items updated, 1007 evaluated
Assets\scripts\IA01\IA01Scheduler.cs(30,21): warning CS0414: The field 'IA01Scheduler.roundRobinCursor' is assigned but its value is never used
AssetDatabase: script compilation time: 9.449451s
Begin MonoManager ReloadAssembly
- Loaded All Assemblies, in  2.442 seconds
'Packages/com.unity.cinemachine/Editor/Editors/CinemachineVirtualCameraBaseEditor.cs' contains partial class of Unity.Object, exactly 1 of the partial classes needs to be in a file with the same filename. This is to know the one that can be referenced from ie. GameObjects
'Packages/com.unity.cinemachine/Editor/Obsolete/CinemachineVirtualCameraBaseEditor.cs' contains partial class of Unity.Object, exactly 1 of the partial classes needs to be in a file with the same filename. This is to know the one that can be referenced from ie. GameObjects
Refreshing native plugins compatible for Editor in 5.48 ms, found 4 plugins.
Native extension for WindowsStandalone target not found
Assembly reference Packages/com.unity.cinemachine/Editor/Samples/ExposeHDRPInternals/HDRP-Editor-ref.asmref has no target assembly definition
Refreshing native plugins compatible for Editor in 3.75 ms, found 4 plugins.
Mono: successfully reloaded assembly
- Finished resetting the current domain, in  7.244 seconds
Domain Reload Profiling: 9672ms
	BeginReloadAssembly (568ms)
		ExecutionOrderSort (0ms)
		DisableScriptedObjects (33ms)
		BackupInstance (0ms)
		ReleaseScriptingObjects (0ms)
		CreateAndSetChildDomain (192ms)
	RebuildCommonClasses (133ms)
	RebuildNativeTypeToScriptingClass (39ms)
	initialDomainReloadingComplete (96ms)
	LoadAllAssembliesAndSetupDomain (1590ms)
		LoadAssemblies (948ms)
		RebuildTransferFunctionScriptingTraits (0ms)
		AnalyzeDomain (865ms)
			TypeCache.Refresh (626ms)
				TypeCache.ScanAssembly (596ms)
			BuildScriptInfoCaches (189ms)
			ResolveRequiredComponents (39ms)
	FinalizeReload (7245ms)
		ReleaseScriptCaches (0ms)
		RebuildScriptCaches (0ms)
		SetupLoadedEditorAssemblies (6687ms)
			LogAssemblyErrors (0ms)
			InitializePlatformSupportModulesInManaged (41ms)
			SetLoadedEditorAssemblies (8ms)
			BeforeProcessingInitializeOnLoad (305ms)
			ProcessInitializeOnLoadAttributes (6185ms)
			ProcessInitializeOnLoadMethodAttributes (132ms)
			AfterProcessingInitializeOnLoad (15ms)
			EditorAssembliesLoaded (1ms)
		ExecutionOrderSort2 (0ms)
		AwakeInstancesAfterBackupRestoration (21ms)
Refreshing native plugins compatible for Editor in 6.01 ms, found 4 plugins.
Preloading 0 native plugins for Editor in 0.00 ms.
Asset Pipeline Refresh (id=076e0254c8ed81b49bd0f056cb843a1f): Total: 21.308 seconds - Initiated by InitialRefreshV2(ForceSynchronousImport)
	Summary:
		Imports: total=0 (actual=0, local cache=0, cache server=0)
		Asset DB Process Time: managed=0 ms, native=8534 ms
		Asset DB Callback time: managed=671 ms, native=61 ms
		Scripting: domain reloads=1, domain reload time=2443 ms, compile time=9453 ms, other=144 ms
		Project Asset Count: scripts=2420, non-scripts=7835
		Asset File Changes: new=0, changed=1, moved=0, deleted=0
		Scan Filter Count: 0
	InvokeCustomDependenciesCallbacks: 0.002ms
	InvokePackagesCallback: 50.229ms
	ApplyChangesToAssetFolders: 1.396ms
	Scan: 335.303ms
	OnSourceAssetsModified: 1.638ms
	CategorizeAssetsWithTransientArtifact: 131.511ms
	ProcessAssetsWithTransientArtifactChanges: 277.183ms
	CategorizeAssets: 200.346ms
	ImportOutOfDateAssets: 7271.758ms (-2186.674ms without children)
		CompileScripts: 9452.808ms
		ReloadNativeAssets: 0.045ms
		UnloadImportedAssets: 2.042ms
		EnsureUptoDateAssetsAreRegisteredWithGuidPM: 2.536ms
		InitializingProgressBar: 0.001ms
		PostProcessAllAssetNotificationsAddChangedAssets: 0.001ms
		OnDemandSchedulerStart: 1.000ms
	PostProcessAllAssets: 673.799ms
	Hotreload: 10.822ms
	GatherAllCurrentPrimaryArtifactRevisions: 0.004ms
	UnloadStreamsBegin: 4.742ms
	PersistCurrentRevisions: 0.358ms
	UnloadStreamsEnd: 0.002ms
	GenerateScriptTypeHashes: 11.360ms
	Untracked: 12348.988ms

Application.AssetDatabase Initial Refresh End
Scanning for USB devices : 5.557ms
Initializing Unity extensions:
[MODES] ModeService[none].Initialize
[MODES] ModeService[none].LoadModes
[MODES] Loading mode Default (0) for mode-current-id-Hegemonia Global
Unloading 42 Unused Serialized files (Serialized files now loaded: 0)
Unloading 7723 unused Assets / (4.6 MB). Loaded Objects now: 8555.
Memory consumption went from 240.9 MB to 236.3 MB.
Total: 20.817700 ms (FindLiveObjects: 1.500400 ms CreateObjectMapping: 1.176000 ms MarkObjects: 12.848800 ms  DeleteObjects: 5.290200 ms)

[20:53:31] IA01 validation requested.
UnityEngine.Debug:ExtractStackTraceNoAlloc (byte*,int,string)
UnityEngine.StackTraceUtility:ExtractStackTrace ()
UnityEngine.DebugLogHandler:Internal_Log (UnityEngine.LogType,UnityEngine.LogOption,string,UnityEngine.Object)
UnityEngine.DebugLogHandler:LogFormat (UnityEngine.LogType,UnityEngine.Object,string,object[])
UnityEngine.Logger:Log (UnityEngine.LogType,object)
UnityEngine.Debug:Log (object)
Hegemonia.EditorTools.IA01PlayModeTestRunner:TraceLine (string) (at Assets/scripts/Editor/IA01PlayModeTestRunner.cs:769)
Hegemonia.EditorTools.IA01PlayModeTestRunner:Run () (at Assets/scripts/Editor/IA01PlayModeTestRunner.cs:112)

(Filename: Assets/scripts/Editor/IA01PlayModeTestRunner.cs Line: 769)

Microsoft Media Foundation video decoding to texture disabled: graphics device is Null, only Direct3D 11 and Direct3D 12 (only on desktop) are supported for hardware-accelerated video decoding.
[Project] Loading completed in 25.726 seconds
	Project init time: 				24.626 seconds
		Template init time: 		0.000 seconds
		Package Manager init time: 		0.617 seconds
		Asset Database init time: 		0.347 seconds
		Global illumination init time: 	0.003 seconds
		Assemblies load time: 			1.404 seconds
		Unity extensions init time: 	0.022 seconds
		Asset Database refresh time: 	21.308 seconds
	Scene opening time: 			1.037 seconds
##utp:{"type":"ProjectInfo","version":2,"phase":"Immediate","time":1784159611260,"processId":15404,"projectLoad":25.725693800000003,"projectInit":24.6258943,"templateInit":0.0,"packageManagerInit":0.6173357,"assetDatabaseInit":0.3470764,"globalIlluminationInit":0.0034649,"assembliesLoad":1.4038392,"unityExtensionsInit":0.0215659,"assetDatabaseRefresh":21.3083283,"sceneOpening":1.0371068}
##utp:{"type":"EditorInfo","version":2,"phase":"Immediate","time":1784159611260,"processId":15404,"editorVersion":"6000.2.15f1 (0707b6d1e918)","branch":"6000.2/staging","buildType":"Release","platform":"Windows"}
Reloading assemblies for play mode.
Reloading assemblies after forced synchronous recompile.
Begin MonoManager ReloadAssembly
- Loaded All Assemblies, in  1.673 seconds
Refreshing native plugins compatible for Editor in 3.67 ms, found 4 plugins.
Native extension for WindowsStandalone target not found
Assembly reference Packages/com.unity.cinemachine/Editor/Samples/ExposeHDRPInternals/HDRP-Editor-ref.asmref has no target assembly definition
Mono: successfully reloaded assembly
- Finished resetting the current domain, in  2.422 seconds
Domain Reload Profiling: 4085ms
	BeginReloadAssembly (951ms)
		ExecutionOrderSort (0ms)
		DisableScriptedObjects (44ms)
		BackupInstance (0ms)
		ReleaseScriptingObjects (0ms)
		CreateAndSetChildDomain (548ms)
	RebuildCommonClasses (82ms)
	RebuildNativeTypeToScriptingClass (29ms)
	initialDomainReloadingComplete (59ms)
	LoadAllAssembliesAndSetupDomain (541ms)
		LoadAssemblies (358ms)
		RebuildTransferFunctionScriptingTraits (0ms)
		AnalyzeDomain (423ms)
			TypeCache.Refresh (13ms)
				TypeCache.ScanAssembly (0ms)
			BuildScriptInfoCaches (378ms)
			ResolveRequiredComponents (24ms)
	FinalizeReload (2423ms)
		ReleaseScriptCaches (0ms)
		RebuildScriptCaches (0ms)
		SetupLoadedEditorAssemblies (1871ms)
			LogAssemblyErrors (0ms)
			InitializePlatformSupportModulesInManaged (42ms)
			SetLoadedEditorAssemblies (6ms)
			BeforeProcessingInitializeOnLoad (311ms)
			ProcessInitializeOnLoadAttributes (1397ms)
			ProcessInitializeOnLoadMethodAttributes (101ms)
			AfterProcessingInitializeOnLoad (13ms)
			EditorAssembliesLoaded (1ms)
		ExecutionOrderSort2 (0ms)
		AwakeInstancesAfterBackupRestoration (54ms)
Asset Pipeline Refresh (id=d32c40fe5bf13c54bbfdc9e23678f251): Total: 4.472 seconds - Initiated by StopAssetImportingV2(ForceSynchronousImport | ForceDomainReload)
	Summary:
		Imports: total=0 (actual=0, local cache=0, cache server=0)
		Asset DB Process Time: managed=0 ms, native=2708 ms
		Asset DB Callback time: managed=46 ms, native=1 ms
		Scripting: domain reloads=1, domain reload time=1714 ms, compile time=2 ms, other=0 ms
		Project Asset Count: scripts=2420, non-scripts=7835
		Asset File Changes: new=0, changed=0, moved=0, deleted=0
		Scan Filter Count: 0
	InvokeCustomDependenciesCallbacks: 0.002ms
	InvokePackagesCallback: 4.197ms
	ApplyChangesToAssetFolders: 0.654ms
	Scan: 0.003ms
	OnSourceAssetsModified: 0.003ms
	CategorizeAssetsWithTransientArtifact: 0.012ms
	ProcessAssetsWithTransientArtifactChanges: 7.327ms
	CategorizeAssets: 182.184ms
	ImportOutOfDateAssets: 2444.643ms (2431.967ms without children)
		CompileScripts: 2.158ms
		CollectScriptTypesHashes: 4.640ms
		ReloadNativeAssets: 1.983ms
		UnloadImportedAssets: 0.181ms
		EnsureUptoDateAssetsAreRegisteredWithGuidPM: 2.722ms
		InitializingProgressBar: 0.001ms
		PostProcessAllAssetNotificationsAddChangedAssets: 0.002ms
		OnDemandSchedulerStart: 0.987ms
	PostProcessAllAssets: 46.487ms
	GatherAllCurrentPrimaryArtifactRevisions: 0.860ms
	UnloadStreamsBegin: 2.714ms
	PersistCurrentRevisions: 0.450ms
	UnloadStreamsEnd: 0.004ms
	GenerateScriptTypeHashes: 14.544ms
	Untracked: 1782.896ms

[MenuConstrucao] Instancia ausente na cena. Criado bootstrap automatico.
UnityEngine.Debug:ExtractStackTraceNoAlloc (byte*,int,string)
UnityEngine.StackTraceUtility:ExtractStackTrace ()
UnityEngine.DebugLogHandler:Internal_Log (UnityEngine.LogType,UnityEngine.LogOption,string,UnityEngine.Object)
UnityEngine.DebugLogHandler:LogFormat (UnityEngine.LogType,UnityEngine.Object,string,object[])
UnityEngine.Logger:Log (UnityEngine.LogType,object)
UnityEngine.Debug:Log (object)
MenuConstrucao:GarantirInstanciaRuntime () (at Assets/scripts/Menus/MenuConstrucao.cs:98)

(Filename: Assets/scripts/Menus/MenuConstrucao.cs Line: 98)

Loaded scene 'Temp/__Backupscenes/0.backup'
	Deserialize:            0.497 ms
	Integration:            844.102 ms
	Integration of assets:  0.002 ms
	Thread Wait Time:       0.009 ms
	Total Operation Time:   844.611 ms
[MenuConstrucao] Catálogo preenchido via AssetDatabase com 87 fichas.
UnityEngine.Debug:ExtractStackTraceNoAlloc (byte*,int,string)
UnityEngine.StackTraceUtility:ExtractStackTrace ()
UnityEngine.DebugLogHandler:Internal_Log (UnityEngine.LogType,UnityEngine.LogOption,string,UnityEngine.Object)
UnityEngine.DebugLogHandler:LogFormat (UnityEngine.LogType,UnityEngine.Object,string,object[])
UnityEngine.Logger:Log (UnityEngine.LogType,object)
UnityEngine.Debug:Log (object)
MenuConstrucao:GarantirCatalogoValido () (at Assets/scripts/Menus/MenuConstrucao.cs:298)
MenuConstrucao:Start () (at Assets/scripts/Menus/MenuConstrucao.cs:116)

(Filename: Assets/scripts/Menus/MenuConstrucao.cs Line: 298)

The referenced script (Unknown) on this Behaviour is missing!
UnityEngine.Debug:ExtractStackTraceNoAlloc (byte*,int,string)
UnityEngine.StackTraceUtility:ExtractStackTrace ()
UnityEditor.AssetPreview:GetMiniThumbnailInternal (UnityEngine.Object)
UnityEditor.AssetPreview:GetMiniThumbnail (UnityEngine.Object)
MenuConstrucao:ObterIconeItem (DadosConstrucao) (at Assets/scripts/Menus/MenuConstrucao.cs:2185)
MenuConstrucao:CriarCardItemModerno (DadosConstrucao) (at Assets/scripts/Menus/MenuConstrucao.cs:1855)
MenuConstrucao:FiltrarPorCategoria (DadosConstrucao/CategoriaItem) (at Assets/scripts/Menus/MenuConstrucao.cs:1765)
MenuConstrucao:Start () (at Assets/scripts/Menus/MenuConstrucao.cs:132)

[Assets/scripts/Menus/MenuConstrucao.cs line 2185]

Starting new worker id: 0 with log in C:/Users/Mathe/Desktop/Hegemonia-Mundial-main/Hegemonia-Mundial-main/Logs/AssetImportWorker0.log
[SistemaIndustrial] Perfil geológico gerado para team 1: Ferro=Abundante Cobre=Alto Bauxita=Baixo Titânio=Medio Urânio=MuitoEscasso Mod=1,25
UnityEngine.Debug:ExtractStackTraceNoAlloc (byte*,int,string)
UnityEngine.StackTraceUtility:ExtractStackTrace ()
UnityEngine.DebugLogHandler:Internal_Log (UnityEngine.LogType,UnityEngine.LogOption,string,UnityEngine.Object)
UnityEngine.DebugLogHandler:LogFormat (UnityEngine.LogType,UnityEngine.Object,string,object[])
UnityEngine.Logger:Log (UnityEngine.LogType,object)
UnityEngine.Debug:Log (object)
PerfilMineralPais:GerarPerfil (int) (at Assets/scripts/Governo/PerfilMineralPais.cs:170)
SistemaIndustrialNacional:GarantirPerfil (int) (at Assets/scripts/Governo/SistemaIndustrialNacional.cs:188)
SistemaIndustrialNacional:GarantirPaisExistentes () (at Assets/scripts/Governo/SistemaIndustrialNacional.cs:177)
SistemaIndustrialNacional:Awake () (at Assets/scripts/Governo/SistemaIndustrialNacional.cs:91)
UnityEngine.GameObject:Internal_AddComponentWithType (System.Type)
UnityEngine.GameObject:AddComponent (System.Type)
UnityEngine.GameObject:AddComponent<SistemaIndustrialNacional> ()
SistemaGovernoMundial:GarantirSistemaIndustrial () (at Assets/scripts/Governo/SistemaGovernoMundial.cs:1935)
SistemaGovernoMundial:Awake () (at Assets/scripts/Governo/SistemaGovernoMundial.cs:65)
UnityEngine.GameObject:Internal_AddComponentWithType (System.Type)
UnityEngine.GameObject:AddComponent (System.Type)
UnityEngine.GameObject:AddComponent<SistemaGovernoMundial> ()
SistemaGovernoMundial:GarantirInstancia () (at Assets/scripts/Governo/SistemaGovernoMundial.cs:48)
Hegemonia.AI.Sovereign.AISovereignBootstrapper:Update () (at Assets/scripts/IA/Sovereign/AISovereignBootstrapper.cs:33)

(Filename: Assets/scripts/Governo/PerfilMineralPais.cs Line: 170)

[SistemaIndustrial] Perfil geológico gerado para team 2: Ferro=Medio Cobre=Escasso Bauxita=Alto Titânio=Alto Urânio=MuitoEscasso Mod=1,16
UnityEngine.Debug:ExtractStackTraceNoAlloc (byte*,int,string)
UnityEngine.StackTraceUtility:ExtractStackTrace ()
UnityEngine.DebugLogHandler:Internal_Log (UnityEngine.LogType,UnityEngine.LogOption,string,UnityEngine.Object)
UnityEngine.DebugLogHandler:LogFormat (UnityEngine.LogType,UnityEngine.Object,string,object[])
UnityEngine.Logger:Log (UnityEngine.LogType,object)
UnityEngine.Debug:Log (object)
PerfilMineralPais:GerarPerfil (int) (at Assets/scripts/Governo/PerfilMineralPais.cs:170)
SistemaIndustrialNacional:GarantirPerfil (int) (at Assets/scripts/Governo/SistemaIndustrialNacional.cs:188)
SistemaIndustrialNacional:GarantirPaisExistentes () (at Assets/scripts/Governo/SistemaIndustrialNacional.cs:177)
SistemaIndustrialNacional:Awake () (at Assets/scripts/Governo/SistemaIndustrialNacional.cs:91)
UnityEngine.GameObject:Internal_AddComponentWithType (System.Type)
UnityEngine.GameObject:AddComponent (System.Type)
UnityEngine.GameObject:AddComponent<SistemaIndustrialNacional> ()
SistemaGovernoMundial:GarantirSistemaIndustrial () (at Assets/scripts/Governo/SistemaGovernoMundial.cs:1935)
SistemaGovernoMundial:Awake () (at Assets/scripts/Governo/SistemaGovernoMundial.cs:65)
UnityEngine.GameObject:Internal_AddComponentWithType (System.Type)
UnityEngine.GameObject:AddComponent (System.Type)
UnityEngine.GameObject:AddComponent<SistemaGovernoMundial> ()
SistemaGovernoMundial:GarantirInstancia () (at Assets/scripts/Governo/SistemaGovernoMundial.cs:48)
Hegemonia.AI.Sovereign.AISovereignBootstrapper:Update () (at Assets/scripts/IA/Sovereign/AISovereignBootstrapper.cs:33)

(Filename: Assets/scripts/Governo/PerfilMineralPais.cs Line: 170)

[SistemaIndustrial] Perfil geológico gerado para team 3: Ferro=Medio Cobre=Baixo Bauxita=Alto Titânio=Alto Urânio=MuitoEscasso Mod=1,25
UnityEngine.Debug:ExtractStackTraceNoAlloc (byte*,int,string)
UnityEngine.StackTraceUtility:ExtractStackTrace ()
UnityEngine.DebugLogHandler:Internal_Log (UnityEngine.LogType,UnityEngine.LogOption,string,UnityEngine.Object)
UnityEngine.DebugLogHandler:LogFormat (UnityEngine.LogType,UnityEngine.Object,string,object[])
UnityEngine.Logger:Log (UnityEngine.LogType,object)
UnityEngine.Debug:Log (object)
PerfilMineralPais:GerarPerfil (int) (at Assets/scripts/Governo/PerfilMineralPais.cs:170)
SistemaIndustrialNacional:GarantirPerfil (int) (at Assets/scripts/Governo/SistemaIndustrialNacional.cs:188)
SistemaIndustrialNacional:GarantirPaisExistentes () (at Assets/scripts/Governo/SistemaIndustrialNacional.cs:177)
SistemaIndustrialNacional:Awake () (at Assets/scripts/Governo/SistemaIndustrialNacional.cs:91)
UnityEngine.GameObject:Internal_AddComponentWithType (System.Type)
UnityEngine.GameObject:AddComponent (System.Type)
UnityEngine.GameObject:AddComponent<SistemaIndustrialNacional> ()
SistemaGovernoMundial:GarantirSistemaIndustrial () (at Assets/scripts/Governo/SistemaGovernoMundial.cs:1935)
SistemaGovernoMundial:Awake () (at Assets/scripts/Governo/SistemaGovernoMundial.cs:65)
UnityEngine.GameObject:Internal_AddComponentWithType (System.Type)
UnityEngine.GameObject:AddComponent (System.Type)
UnityEngine.GameObject:AddComponent<SistemaGovernoMundial> ()
SistemaGovernoMundial:GarantirInstancia () (at Assets/scripts/Governo/SistemaGovernoMundial.cs:48)
Hegemonia.AI.Sovereign.AISovereignBootstrapper:Update () (at Assets/scripts/IA/Sovereign/AISovereignBootstrapper.cs:33)

(Filename: Assets/scripts/Governo/PerfilMineralPais.cs Line: 170)

[SistemaIndustrial] Perfil geológico gerado para team 4: Ferro=Escasso Cobre=Abundante Bauxita=Abundante Titânio=Medio Urânio=Escasso Mod=1,25
UnityEngine.Debug:ExtractStackTraceNoAlloc (byte*,int,string)
UnityEngine.StackTraceUtility:ExtractStackTrace ()
UnityEngine.DebugLogHandler:Internal_Log (UnityEngine.LogType,UnityEngine.LogOption,string,UnityEngine.Object)
UnityEngine.DebugLogHandler:LogFormat (UnityEngine.LogType,UnityEngine.Object,string,object[])
UnityEngine.Logger:Log (UnityEngine.LogType,object)
UnityEngine.Debug:Log (object)
PerfilMineralPais:GerarPerfil (int) (at Assets/scripts/Governo/PerfilMineralPais.cs:170)
SistemaIndustrialNacional:GarantirPerfil (int) (at Assets/scripts/Governo/SistemaIndustrialNacional.cs:188)
SistemaIndustrialNacional:GarantirPaisExistentes () (at Assets/scripts/Governo/SistemaIndustrialNacional.cs:177)
SistemaIndustrialNacional:Awake () (at Assets/scripts/Governo/SistemaIndustrialNacional.cs:91)
UnityEngine.GameObject:Internal_AddComponentWithType (System.Type)
UnityEngine.GameObject:AddComponent (System.Type)
UnityEngine.GameObject:AddComponent<SistemaIndustrialNacional> ()
SistemaGovernoMundial:GarantirSistemaIndustrial () (at Assets/scripts/Governo/SistemaGovernoMundial.cs:1935)
SistemaGovernoMundial:Awake () (at Assets/scripts/Governo/SistemaGovernoMundial.cs:65)
UnityEngine.GameObject:Internal_AddComponentWithType (System.Type)
UnityEngine.GameObject:AddComponent (System.Type)
UnityEngine.GameObject:AddComponent<SistemaGovernoMundial> ()
SistemaGovernoMundial:GarantirInstancia () (at Assets/scripts/Governo/SistemaGovernoMundial.cs:48)
Hegemonia.AI.Sovereign.AISovereignBootstrapper:Update () (at Assets/scripts/IA/Sovereign/AISovereignBootstrapper.cs:33)

(Filename: Assets/scripts/Governo/PerfilMineralPais.cs Line: 170)

[SistemaIndustrial] Perfil geológico gerado para team 5: Ferro=Escasso Cobre=Medio Bauxita=Abundante Titânio=Abundante Urânio=Baixo Mod=1,15
UnityEngine.Debug:ExtractStackTraceNoAlloc (byte*,int,string)
UnityEngine.StackTraceUtility:ExtractStackTrace ()
UnityEngine.DebugLogHandler:Internal_Log (UnityEngine.LogType,UnityEngine.LogOption,string,UnityEngine.Object)
UnityEngine.DebugLogHandler:LogFormat (UnityEngine.LogType,UnityEngine.Object,string,object[])
UnityEngine.Logger:Log (UnityEngine.LogType,object)
UnityEngine.Debug:Log (object)
PerfilMineralPais:GerarPerfil (int) (at Assets/scripts/Governo/PerfilMineralPais.cs:170)
SistemaIndustrialNacional:GarantirPerfil (int) (at Assets/scripts/Governo/SistemaIndustrialNacional.cs:188)
SistemaIndustrialNacional:GarantirPaisExistentes () (at Assets/scripts/Governo/SistemaIndustrialNacional.cs:177)
SistemaIndustrialNacional:Awake () (at Assets/scripts/Governo/SistemaIndustrialNacional.cs:91)
UnityEngine.GameObject:Internal_AddComponentWithType (System.Type)
UnityEngine.GameObject:AddComponent (System.Type)
UnityEngine.GameObject:AddComponent<SistemaIndustrialNacional> ()
SistemaGovernoMundial:GarantirSistemaIndustrial () (at Assets/scripts/Governo/SistemaGovernoMundial.cs:1935)
SistemaGovernoMundial:Awake () (at Assets/scripts/Governo/SistemaGovernoMundial.cs:65)
UnityEngine.GameObject:Internal_AddComponentWithType (System.Type)
UnityEngine.GameObject:AddComponent (System.Type)
UnityEngine.GameObject:AddComponent<SistemaGovernoMundial> ()
SistemaGovernoMundial:GarantirInstancia () (at Assets/scripts/Governo/SistemaGovernoMundial.cs:48)
Hegemonia.AI.Sovereign.AISovereignBootstrapper:Update () (at Assets/scripts/IA/Sovereign/AISovereignBootstrapper.cs:33)

(Filename: Assets/scripts/Governo/PerfilMineralPais.cs Line: 170)

[AuditoriaConteudo] Anti aerea militar: prefab sem SaveableEntity para save completo
UnityEngine.Debug:ExtractStackTraceNoAlloc (byte*,int,string)
UnityEngine.StackTraceUtility:ExtractStackTrace ()
UnityEngine.DebugLogHandler:Internal_Log (UnityEngine.LogType,UnityEngine.LogOption,string,UnityEngine.Object)
UnityEngine.DebugLogHandler:LogFormat (UnityEngine.LogType,UnityEngine.Object,string,object[])
UnityEngine.Logger:Log (UnityEngine.LogType,object,UnityEngine.Object)
UnityEngine.Debug:LogWarning (object,UnityEngine.Object)
AuditoriaConteudoJogo:Emitir (string,string,int&,int) (at Assets/scripts/AuditoriaConteudoJogo.cs:492)
AuditoriaConteudoJogo:AuditarFicha (DadosConstrucao,int&,int&,int&,int) (at Assets/scripts/AuditoriaConteudoJogo.cs:331)
AuditoriaConteudoJogo:RodarAuditoria () (at Assets/scripts/AuditoriaConteudoJogo.cs:173)
AuditoriaConteudoJogo/<RodarAuditoriaAtrasada>d__22:MoveNext () (at Assets/scripts/AuditoriaConteudoJogo.cs:148)
UnityEngine.SetupCoroutine:InvokeMoveNext (System.Collections.IEnumerator,intptr)

(Filename: Assets/scripts/AuditoriaConteudoJogo.cs Line: 492)

[AuditoriaConteudo] Anti aerea militar: unidade militar sem IdentidadeUnidade
UnityEngine.Debug:ExtractStackTraceNoAlloc (byte*,int,string)
UnityEngine.StackTraceUtility:ExtractStackTrace ()
UnityEngine.DebugLogHandler:Internal_Log (UnityEngine.LogType,UnityEngine.LogOption,string,UnityEngine.Object)
UnityEngine.DebugLogHandler:LogFormat (UnityEngine.LogType,UnityEngine.Object,string,object[])
UnityEngine.Logger:Log (UnityEngine.LogType,object,UnityEngine.Object)
UnityEngine.Debug:LogError (object,UnityEngine.Object)
AuditoriaConteudoJogo:Emitir (string,string,int&,int) (at Assets/scripts/AuditoriaConteudoJogo.cs:488)
AuditoriaConteudoJogo:AuditarFicha (DadosConstrucao,int&,int&,int&,int) (at Assets/scripts/AuditoriaConteudoJogo.cs:344)
AuditoriaConteudoJogo:RodarAuditoria () (at Assets/scripts/AuditoriaConteudoJogo.cs:173)
AuditoriaConteudoJogo/<RodarAuditoriaAtrasada>d__22:MoveNext () (at Assets/scripts/AuditoriaConteudoJogo.cs:148)
UnityEngine.SetupCoroutine:InvokeMoveNext (System.Collections.IEnumerator,intptr)

(Filename: Assets/scripts/AuditoriaConteudoJogo.cs Line: 488)

[AuditoriaConteudo] Anti aerea militar: unidade militar sem SistemaDeDanos
UnityEngine.Debug:ExtractStackTraceNoAlloc (byte*,int,string)
UnityEngine.StackTraceUtility:ExtractStackTrace ()
UnityEngine.DebugLogHandler:Internal_Log (UnityEngine.LogType,UnityEngine.LogOption,string,UnityEngine.Object)
UnityEngine.DebugLogHandler:LogFormat (UnityEngine.LogType,UnityEngine.Object,string,object[])
UnityEngine.Logger:Log (UnityEngine.LogType,object,UnityEngine.Object)
UnityEngine.Debug:LogError (object,UnityEngine.Object)
AuditoriaConteudoJogo:Emitir (string,string,int&,int) (at Assets/scripts/AuditoriaConteudoJogo.cs:488)
AuditoriaConteudoJogo:AuditarFicha (DadosConstrucao,int&,int&,int&,int) (at Assets/scripts/AuditoriaConteudoJogo.cs:360)
AuditoriaConteudoJogo:RodarAuditoria () (at Assets/scripts/AuditoriaConteudoJogo.cs:173)
AuditoriaConteudoJogo/<RodarAuditoriaAtrasada>d__22:MoveNext () (at Assets/scripts/AuditoriaConteudoJogo.cs:148)
UnityEngine.SetupCoroutine:InvokeMoveNext (System.Collections.IEnumerator,intptr)

(Filename: Assets/scripts/AuditoriaConteudoJogo.cs Line: 488)

[AuditoriaConteudo] Artilharia: unidade militar sem Collider (Ignorado)
UnityEngine.Debug:ExtractStackTraceNoAlloc (byte*,int,string)
UnityEngine.StackTraceUtility:ExtractStackTrace ()
UnityEngine.DebugLogHandler:Internal_Log (UnityEngine.LogType,UnityEngine.LogOption,string,UnityEngine.Object)
UnityEngine.DebugLogHandler:LogFormat (UnityEngine.LogType,UnityEngine.Object,string,object[])
UnityEngine.Logger:Log (UnityEngine.LogType,object,UnityEngine.Object)
UnityEngine.Debug:LogWarning (object,UnityEngine.Object)
AuditoriaConteudoJogo:Emitir (string,string,int&,int) (at Assets/scripts/AuditoriaConteudoJogo.cs:492)
AuditoriaConteudoJogo:AuditarFicha (DadosConstrucao,int&,int&,int&,int) (at Assets/scripts/AuditoriaConteudoJogo.cs:313)
AuditoriaConteudoJogo:RodarAuditoria () (at Assets/scripts/AuditoriaConteudoJogo.cs:173)
AuditoriaConteudoJogo/<RodarAuditoriaAtrasada>d__22:MoveNext () (at Assets/scripts/AuditoriaConteudoJogo.cs:148)
UnityEngine.SetupCoroutine:InvokeMoveNext (System.Collections.IEnumerator,intptr)

(Filename: Assets/scripts/AuditoriaConteudoJogo.cs Line: 492)

[AuditoriaConteudo] Artilharia: prefab sem SaveableEntity para save completo
UnityEngine.Debug:ExtractStackTraceNoAlloc (byte*,int,string)
UnityEngine.StackTraceUtility:ExtractStackTrace ()
UnityEngine.DebugLogHandler:Internal_Log (UnityEngine.LogType,UnityEngine.LogOption,string,UnityEngine.Object)
UnityEngine.DebugLogHandler:LogFormat (UnityEngine.LogType,UnityEngine.Object,string,object[])
UnityEngine.Logger:Log (UnityEngine.LogType,object,UnityEngine.Object)
UnityEngine.Debug:LogWarning (object,UnityEngine.Object)
AuditoriaConteudoJogo:Emitir (string,string,int&,int) (at Assets/scripts/AuditoriaConteudoJogo.cs:492)
AuditoriaConteudoJogo:AuditarFicha (DadosConstrucao,int&,int&,int&,int) (at Assets/scripts/AuditoriaConteudoJogo.cs:331)
AuditoriaConteudoJogo:RodarAuditoria () (at Assets/scripts/AuditoriaConteudoJogo.cs:173)
AuditoriaConteudoJogo/<RodarAuditoriaAtrasada>d__22:MoveNext () (at Assets/scripts/AuditoriaConteudoJogo.cs:148)
UnityEngine.SetupCoroutine:InvokeMoveNext (System.Collections.IEnumerator,intptr)

(Filename: Assets/scripts/AuditoriaConteudoJogo.cs Line: 492)

[AuditoriaConteudo] Artilharia: unidade militar sem IdentidadeUnidade (Ignorado)
UnityEngine.Debug:ExtractStackTraceNoAlloc (byte*,int,string)
UnityEngine.StackTraceUtility:ExtractStackTrace ()
UnityEngine.DebugLogHandler:Internal_Log (UnityEngine.LogType,UnityEngine.LogOption,string,UnityEngine.Object)
UnityEngine.DebugLogHandler:LogFormat (UnityEngine.LogType,UnityEngine.Object,string,object[])
UnityEngine.Logger:Log (UnityEngine.LogType,object,UnityEngine.Object)
UnityEngine.Debug:LogWarning (object,UnityEngine.Object)
AuditoriaConteudoJogo:Emitir (string,string,int&,int) (at Assets/scripts/AuditoriaConteudoJogo.cs:492)
AuditoriaConteudoJogo:AuditarFicha (DadosConstrucao,int&,int&,int&,int) (at Assets/scripts/AuditoriaConteudoJogo.cs:339)
AuditoriaConteudoJogo:RodarAuditoria () (at Assets/scripts/AuditoriaConteudoJogo.cs:173)
AuditoriaConteudoJogo/<RodarAuditoriaAtrasada>d__22:MoveNext () (at Assets/scripts/AuditoriaConteudoJogo.cs:148)
UnityEngine.SetupCoroutine:InvokeMoveNext (System.Collections.IEnumerator,intptr)

(Filename: Assets/scripts/AuditoriaConteudoJogo.cs Line: 492)

[AuditoriaConteudo] Artilharia: unidade militar sem SistemaDeDanos (Ignorado)
UnityEngine.Debug:ExtractStackTraceNoAlloc (byte*,int,string)
UnityEngine.StackTraceUtility:ExtractStackTrace ()
UnityEngine.DebugLogHandler:Internal_Log (UnityEngine.LogType,UnityEngine.LogOption,string,UnityEngine.Object)
UnityEngine.DebugLogHandler:LogFormat (UnityEngine.LogType,UnityEngine.Object,string,object[])
UnityEngine.Logger:Log (UnityEngine.LogType,object,UnityEngine.Object)
UnityEngine.Debug:LogWarning (object,UnityEngine.Object)
AuditoriaConteudoJogo:Emitir (string,string,int&,int) (at Assets/scripts/AuditoriaConteudoJogo.cs:492)
AuditoriaConteudoJogo:AuditarFicha (DadosConstrucao,int&,int&,int&,int) (at Assets/scripts/AuditoriaConteudoJogo.cs:355)
AuditoriaConteudoJogo:RodarAuditoria () (at Assets/scripts/AuditoriaConteudoJogo.cs:173)
AuditoriaConteudoJogo/<RodarAuditoriaAtrasada>d__22:MoveNext () (at Assets/scripts/AuditoriaConteudoJogo.cs:148)
UnityEngine.SetupCoroutine:InvokeMoveNext (System.Collections.IEnumerator,intptr)

(Filename: Assets/scripts/AuditoriaConteudoJogo.cs Line: 492)

[AuditoriaConteudo] Artilharia: unidade de combate sem arma/sistema de tiro detectado
UnityEngine.Debug:ExtractStackTraceNoAlloc (byte*,int,string)
UnityEngine.StackTraceUtility:ExtractStackTrace ()
UnityEngine.DebugLogHandler:Internal_Log (UnityEngine.LogType,UnityEngine.LogOption,string,UnityEngine.Object)
UnityEngine.DebugLogHandler:LogFormat (UnityEngine.LogType,UnityEngine.Object,string,object[])
UnityEngine.Logger:Log (UnityEngine.LogType,object,UnityEngine.Object)
UnityEngine.Debug:LogWarning (object,UnityEngine.Object)
AuditoriaConteudoJogo:Emitir (string,string,int&,int) (at Assets/scripts/AuditoriaConteudoJogo.cs:492)
AuditoriaConteudoJogo:AuditarFicha (DadosConstrucao,int&,int&,int&,int) (at Assets/scripts/AuditoriaConteudoJogo.cs:373)
AuditoriaConteudoJogo:RodarAuditoria () (at Assets/scripts/AuditoriaConteudoJogo.cs:173)
AuditoriaConteudoJogo/<RodarAuditoriaAtrasada>d__22:MoveNext () (at Assets/scripts/AuditoriaConteudoJogo.cs:148)
UnityEngine.SetupCoroutine:InvokeMoveNext (System.Collections.IEnumerator,intptr)

(Filename: Assets/scripts/AuditoriaConteudoJogo.cs Line: 492)

[AuditoriaConteudo] Artilharia: unidade militar sem Collider (Ignorado)
UnityEngine.Debug:ExtractStackTraceNoAlloc (byte*,int,string)
UnityEngine.StackTraceUtility:ExtractStackTrace ()
UnityEngine.DebugLogHandler:Internal_Log (UnityEngine.LogType,UnityEngine.LogOption,string,UnityEngine.Object)
UnityEngine.DebugLogHandler:LogFormat (UnityEngine.LogType,UnityEngine.Object,string,object[])
UnityEngine.Logger:Log (UnityEngine.LogType,object,UnityEngine.Object)
UnityEngine.Debug:LogWarning (object,UnityEngine.Object)
AuditoriaConteudoJogo:Emitir (string,string,int&,int) (at Assets/scripts/AuditoriaConteudoJogo.cs:492)
AuditoriaConteudoJogo:AuditarFicha (DadosConstrucao,int&,int&,int&,int) (at Assets/scripts/AuditoriaConteudoJogo.cs:313)
AuditoriaConteudoJogo:RodarAuditoria () (at Assets/scripts/AuditoriaConteudoJogo.cs:173)
AuditoriaConteudoJogo/<RodarAuditoriaAtrasada>d__22:MoveNext () (at Assets/scripts/AuditoriaConteudoJogo.cs:148)
UnityEngine.SetupCoroutine:InvokeMoveNext (System.Collections.IEnumerator,intptr)

(Filename: Assets/scripts/AuditoriaConteudoJogo.cs Line: 492)

[AuditoriaConteudo] Construtor de Veiculos: unidade de combate sem arma/sistema de tiro detectado
UnityEngine.Debug:ExtractStackTraceNoAlloc (byte*,int,string)
UnityEngine.StackTraceUtility:ExtractStackTrace ()
UnityEngine.DebugLogHandler:Internal_Log (UnityEngine.LogType,UnityEngine.LogOption,string,UnityEngine.Object)
UnityEngine.DebugLogHandler:LogFormat (UnityEngine.LogType,UnityEngine.Object,string,object[])
UnityEngine.Logger:Log (UnityEngine.LogType,object,UnityEngine.Object)
UnityEngine.Debug:LogWarning (object,UnityEngine.Object)
AuditoriaConteudoJogo:Emitir (string,string,int&,int) (at Assets/scripts/AuditoriaConteudoJogo.cs:492)
AuditoriaConteudoJogo:AuditarFicha (DadosConstrucao,int&,int&,int&,int) (at Assets/scripts/AuditoriaConteudoJogo.cs:373)
AuditoriaConteudoJogo:RodarAuditoria () (at Assets/scripts/AuditoriaConteudoJogo.cs:173)
AuditoriaConteudoJogo/<RodarAuditoriaAtrasada>d__22:MoveNext () (at Assets/scripts/AuditoriaConteudoJogo.cs:148)
UnityEngine.SetupCoroutine:InvokeMoveNext (System.Collections.IEnumerator,intptr)

(Filename: Assets/scripts/AuditoriaConteudoJogo.cs Line: 492)

[AuditoriaConteudo] Hamer carro: unidade de combate sem arma/sistema de tiro detectado
UnityEngine.Debug:ExtractStackTraceNoAlloc (byte*,int,string)
UnityEngine.StackTraceUtility:ExtractStackTrace ()
UnityEngine.DebugLogHandler:Internal_Log (UnityEngine.LogType,UnityEngine.LogOption,string,UnityEngine.Object)
UnityEngine.DebugLogHandler:LogFormat (UnityEngine.LogType,UnityEngine.Object,string,object[])
UnityEngine.Logger:Log (UnityEngine.LogType,object,UnityEngine.Object)
UnityEngine.Debug:LogWarning (object,UnityEngine.Object)
AuditoriaConteudoJogo:Emitir (string,string,int&,int) (at Assets/scripts/AuditoriaConteudoJogo.cs:492)
AuditoriaConteudoJogo:AuditarFicha (DadosConstrucao,int&,int&,int&,int) (at Assets/scripts/AuditoriaConteudoJogo.cs:373)
AuditoriaConteudoJogo:RodarAuditoria () (at Assets/scripts/AuditoriaConteudoJogo.cs:173)
AuditoriaConteudoJogo/<RodarAuditoriaAtrasada>d__22:MoveNext () (at Assets/scripts/AuditoriaConteudoJogo.cs:148)
UnityEngine.SetupCoroutine:InvokeMoveNext (System.Collections.IEnumerator,intptr)

(Filename: Assets/scripts/AuditoriaConteudoJogo.cs Line: 492)

[AuditoriaConteudo] Tenda Militar: unidade de combate sem arma/sistema de tiro detectado
UnityEngine.Debug:ExtractStackTraceNoAlloc (byte*,int,string)
UnityEngine.StackTraceUtility:ExtractStackTrace ()
UnityEngine.DebugLogHandler:Internal_Log (UnityEngine.LogType,UnityEngine.LogOption,string,UnityEngine.Object)
UnityEngine.DebugLogHandler:LogFormat (UnityEngine.LogType,UnityEngine.Object,string,object[])
UnityEngine.Logger:Log (UnityEngine.LogType,object,UnityEngine.Object)
UnityEngine.Debug:LogWarning (object,UnityEngine.Object)
AuditoriaConteudoJogo:Emitir (string,string,int&,int) (at Assets/scripts/AuditoriaConteudoJogo.cs:492)
AuditoriaConteudoJogo:AuditarFicha (DadosConstrucao,int&,int&,int&,int) (at Assets/scripts/AuditoriaConteudoJogo.cs:373)
AuditoriaConteudoJogo:RodarAuditoria () (at Assets/scripts/AuditoriaConteudoJogo.cs:173)
AuditoriaConteudoJogo/<RodarAuditoriaAtrasada>d__22:MoveNext () (at Assets/scripts/AuditoriaConteudoJogo.cs:148)
UnityEngine.SetupCoroutine:InvokeMoveNext (System.Collections.IEnumerator,intptr)

(Filename: Assets/scripts/AuditoriaConteudoJogo.cs Line: 492)

[AuditoriaConteudo] Track Combustivel: unidade militar sem IdentidadeUnidade (Ignorado)
UnityEngine.Debug:ExtractStackTraceNoAlloc (byte*,int,string)
UnityEngine.StackTraceUtility:ExtractStackTrace ()
UnityEngine.DebugLogHandler:Internal_Log (UnityEngine.LogType,UnityEngine.LogOption,string,UnityEngine.Object)
UnityEngine.DebugLogHandler:LogFormat (UnityEngine.LogType,UnityEngine.Object,string,object[])
UnityEngine.Logger:Log (UnityEngine.LogType,object,UnityEngine.Object)
UnityEngine.Debug:LogWarning (object,UnityEngine.Object)
AuditoriaConteudoJogo:Emitir (string,string,int&,int) (at Assets/scripts/AuditoriaConteudoJogo.cs:492)
AuditoriaConteudoJogo:AuditarFicha (DadosConstrucao,int&,int&,int&,int) (at Assets/scripts/AuditoriaConteudoJogo.cs:339)
AuditoriaConteudoJogo:RodarAuditoria () (at Assets/scripts/AuditoriaConteudoJogo.cs:173)
AuditoriaConteudoJogo/<RodarAuditoriaAtrasada>d__22:MoveNext () (at Assets/scripts/AuditoriaConteudoJogo.cs:148)
UnityEngine.SetupCoroutine:InvokeMoveNext (System.Collections.IEnumerator,intptr)

(Filename: Assets/scripts/AuditoriaConteudoJogo.cs Line: 492)

[AuditoriaConteudo] Track Combustivel: unidade militar sem SistemaDeDanos (Ignorado)
UnityEngine.Debug:ExtractStackTraceNoAlloc (byte*,int,string)
UnityEngine.StackTraceUtility:ExtractStackTrace ()
UnityEngine.DebugLogHandler:Internal_Log (UnityEngine.LogType,UnityEngine.LogOption,string,UnityEngine.Object)
UnityEngine.DebugLogHandler:LogFormat (UnityEngine.LogType,UnityEngine.Object,string,object[])
UnityEngine.Logger:Log (UnityEngine.LogType,object,UnityEngine.Object)
UnityEngine.Debug:LogWarning (object,UnityEngine.Object)
AuditoriaConteudoJogo:Emitir (string,string,int&,int) (at Assets/scripts/AuditoriaConteudoJogo.cs:492)
AuditoriaConteudoJogo:AuditarFicha (DadosConstrucao,int&,int&,int&,int) (at Assets/scripts/AuditoriaConteudoJogo.cs:355)
AuditoriaConteudoJogo:RodarAuditoria () (at Assets/scripts/AuditoriaConteudoJogo.cs:173)
AuditoriaConteudoJogo/<RodarAuditoriaAtrasada>d__22:MoveNext () (at Assets/scripts/AuditoriaConteudoJogo.cs:148)
UnityEngine.SetupCoroutine:InvokeMoveNext (System.Collections.IEnumerator,intptr)

(Filename: Assets/scripts/AuditoriaConteudoJogo.cs Line: 492)

[AuditoriaConteudo] Track Combustivel: unidade de combate sem arma/sistema de tiro detectado
UnityEngine.Debug:ExtractStackTraceNoAlloc (byte*,int,string)
UnityEngine.StackTraceUtility:ExtractStackTrace ()
UnityEngine.DebugLogHandler:Internal_Log (UnityEngine.LogType,UnityEngine.LogOption,string,UnityEngine.Object)
UnityEngine.DebugLogHandler:LogFormat (UnityEngine.LogType,UnityEngine.Object,string,object[])
UnityEngine.Logger:Log (UnityEngine.LogType,object,UnityEngine.Object)
UnityEngine.Debug:LogWarning (object,UnityEngine.Object)
AuditoriaConteudoJogo:Emitir (string,string,int&,int) (at Assets/scripts/AuditoriaConteudoJogo.cs:492)
AuditoriaConteudoJogo:AuditarFicha (DadosConstrucao,int&,int&,int&,int) (at Assets/scripts/AuditoriaConteudoJogo.cs:373)
AuditoriaConteudoJogo:RodarAuditoria () (at Assets/scripts/AuditoriaConteudoJogo.cs:173)
AuditoriaConteudoJogo/<RodarAuditoriaAtrasada>d__22:MoveNext () (at Assets/scripts/AuditoriaConteudoJogo.cs:148)
UnityEngine.SetupCoroutine:InvokeMoveNext (System.Collections.IEnumerator,intptr)

(Filename: Assets/scripts/AuditoriaConteudoJogo.cs Line: 492)

[AuditoriaConteudo] Barco WW Transporte: unidade militar sem IdentidadeUnidade (Ignorado)
UnityEngine.Debug:ExtractStackTraceNoAlloc (byte*,int,string)
UnityEngine.StackTraceUtility:ExtractStackTrace ()
UnityEngine.DebugLogHandler:Internal_Log (UnityEngine.LogType,UnityEngine.LogOption,string,UnityEngine.Object)
UnityEngine.DebugLogHandler:LogFormat (UnityEngine.LogType,UnityEngine.Object,string,object[])
UnityEngine.Logger:Log (UnityEngine.LogType,object,UnityEngine.Object)
UnityEngine.Debug:LogWarning (object,UnityEngine.Object)
AuditoriaConteudoJogo:Emitir (string,string,int&,int) (at Assets/scripts/AuditoriaConteudoJogo.cs:492)
AuditoriaConteudoJogo:AuditarFicha (DadosConstrucao,int&,int&,int&,int) (at Assets/scripts/AuditoriaConteudoJogo.cs:339)
AuditoriaConteudoJogo:RodarAuditoria () (at Assets/scripts/AuditoriaConteudoJogo.cs:173)
AuditoriaConteudoJogo/<RodarAuditoriaAtrasada>d__22:MoveNext () (at Assets/scripts/AuditoriaConteudoJogo.cs:148)
UnityEngine.SetupCoroutine:InvokeMoveNext (System.Collections.IEnumerator,intptr)

(Filename: Assets/scripts/AuditoriaConteudoJogo.cs Line: 492)

[AuditoriaConteudo] Estaleiro Naval: unidade militar sem SistemaDeDanos (Ignorado)
UnityEngine.Debug:ExtractStackTraceNoAlloc (byte*,int,string)
UnityEngine.StackTraceUtility:ExtractStackTrace ()
UnityEngine.DebugLogHandler:Internal_Log (UnityEngine.LogType,UnityEngine.LogOption,string,UnityEngine.Object)
UnityEngine.DebugLogHandler:LogFormat (UnityEngine.LogType,UnityEngine.Object,string,object[])
UnityEngine.Logger:Log (UnityEngine.LogType,object,UnityEngine.Object)
UnityEngine.Debug:LogWarning (object,UnityEngine.Object)
AuditoriaConteudoJogo:Emitir (string,string,int&,int) (at Assets/scripts/AuditoriaConteudoJogo.cs:492)
AuditoriaConteudoJogo:AuditarFicha (DadosConstrucao,int&,int&,int&,int) (at Assets/scripts/AuditoriaConteudoJogo.cs:355)
AuditoriaConteudoJogo:RodarAuditoria () (at Assets/scripts/AuditoriaConteudoJogo.cs:173)
AuditoriaConteudoJogo/<RodarAuditoriaAtrasada>d__22:MoveNext () (at Assets/scripts/AuditoriaConteudoJogo.cs:148)
UnityEngine.SetupCoroutine:InvokeMoveNext (System.Collections.IEnumerator,intptr)

(Filename: Assets/scripts/AuditoriaConteudoJogo.cs Line: 492)

[AuditoriaConteudo] Houver: unidade de combate sem arma/sistema de tiro detectado
UnityEngine.Debug:ExtractStackTraceNoAlloc (byte*,int,string)
UnityEngine.StackTraceUtility:ExtractStackTrace ()
UnityEngine.DebugLogHandler:Internal_Log (UnityEngine.LogType,UnityEngine.LogOption,string,UnityEngine.Object)
UnityEngine.DebugLogHandler:LogFormat (UnityEngine.LogType,UnityEngine.Object,string,object[])
UnityEngine.Logger:Log (UnityEngine.LogType,object,UnityEngine.Object)
UnityEngine.Debug:LogWarning (object,UnityEngine.Object)
AuditoriaConteudoJogo:Emitir (string,string,int&,int) (at Assets/scripts/AuditoriaConteudoJogo.cs:492)
AuditoriaConteudoJogo:AuditarFicha (DadosConstrucao,int&,int&,int&,int) (at Assets/scripts/AuditoriaConteudoJogo.cs:373)
AuditoriaConteudoJogo:RodarAuditoria () (at Assets/scripts/AuditoriaConteudoJogo.cs:173)
AuditoriaConteudoJogo/<RodarAuditoriaAtrasada>d__22:MoveNext () (at Assets/scripts/AuditoriaConteudoJogo.cs:148)
UnityEngine.SetupCoroutine:InvokeMoveNext (System.Collections.IEnumerator,intptr)

(Filename: Assets/scripts/AuditoriaConteudoJogo.cs Line: 492)

[AuditoriaConteudo] Nav Abastecimento: unidade de combate sem arma/sistema de tiro detectado
UnityEngine.Debug:ExtractStackTraceNoAlloc (byte*,int,string)
UnityEngine.StackTraceUtility:ExtractStackTrace ()
UnityEngine.DebugLogHandler:Internal_Log (UnityEngine.LogType,UnityEngine.LogOption,string,UnityEngine.Object)
UnityEngine.DebugLogHandler:LogFormat (UnityEngine.LogType,UnityEngine.Object,string,object[])
UnityEngine.Logger:Log (UnityEngine.LogType,object,UnityEngine.Object)
UnityEngine.Debug:LogWarning (object,UnityEngine.Object)
AuditoriaConteudoJogo:Emitir (string,string,int&,int) (at Assets/scripts/AuditoriaConteudoJogo.cs:492)
AuditoriaConteudoJogo:AuditarFicha (DadosConstrucao,int&,int&,int&,int) (at Assets/scripts/AuditoriaConteudoJogo.cs:373)
AuditoriaConteudoJogo:RodarAuditoria () (at Assets/scripts/AuditoriaConteudoJogo.cs:173)
AuditoriaConteudoJogo/<RodarAuditoriaAtrasada>d__22:MoveNext () (at Assets/scripts/AuditoriaConteudoJogo.cs:148)
UnityEngine.SetupCoroutine:InvokeMoveNext (System.Collections.IEnumerator,intptr)

(Filename: Assets/scripts/AuditoriaConteudoJogo.cs Line: 492)

[AuditoriaConteudo] Nav Global: prefab sem SaveableEntity para save completo
UnityEngine.Debug:ExtractStackTraceNoAlloc (byte*,int,string)
UnityEngine.StackTraceUtility:ExtractStackTrace ()
UnityEngine.DebugLogHandler:Internal_Log (UnityEngine.LogType,UnityEngine.LogOption,string,UnityEngine.Object)
UnityEngine.DebugLogHandler:LogFormat (UnityEngine.LogType,UnityEngine.Object,string,object[])
UnityEngine.Logger:Log (UnityEngine.LogType,object,UnityEngine.Object)
UnityEngine.Debug:LogWarning (object,UnityEngine.Object)
AuditoriaConteudoJogo:Emitir (string,string,int&,int) (at Assets/scripts/AuditoriaConteudoJogo.cs:492)
AuditoriaConteudoJogo:AuditarFicha (DadosConstrucao,int&,int&,int&,int) (at Assets/scripts/AuditoriaConteudoJogo.cs:331)
AuditoriaConteudoJogo:RodarAuditoria () (at Assets/scripts/AuditoriaConteudoJogo.cs:173)
AuditoriaConteudoJogo/<RodarAuditoriaAtrasada>d__22:MoveNext () (at Assets/scripts/AuditoriaConteudoJogo.cs:148)
UnityEngine.SetupCoroutine:InvokeMoveNext (System.Collections.IEnumerator,intptr)

(Filename: Assets/scripts/AuditoriaConteudoJogo.cs Line: 492)

[AuditoriaConteudo] USS Arrowhead: unidade militar sem Collider
UnityEngine.Debug:ExtractStackTraceNoAlloc (byte*,int,string)
UnityEngine.StackTraceUtility:ExtractStackTrace ()
UnityEngine.DebugLogHandler:Internal_Log (UnityEngine.LogType,UnityEngine.LogOption,string,UnityEngine.Object)
UnityEngine.DebugLogHandler:LogFormat (UnityEngine.LogType,UnityEngine.Object,string,object[])
UnityEngine.Logger:Log (UnityEngine.LogType,object,UnityEngine.Object)
UnityEngine.Debug:LogError (object,UnityEngine.Object)
AuditoriaConteudoJogo:Emitir (string,string,int&,int) (at Assets/scripts/AuditoriaConteudoJogo.cs:488)
AuditoriaConteudoJogo:AuditarFicha (DadosConstrucao,int&,int&,int&,int) (at Assets/scripts/AuditoriaConteudoJogo.cs:318)
AuditoriaConteudoJogo:RodarAuditoria () (at Assets/scripts/AuditoriaConteudoJogo.cs:173)
AuditoriaConteudoJogo/<RodarAuditoriaAtrasada>d__22:MoveNext () (at Assets/scripts/AuditoriaConteudoJogo.cs:148)
UnityEngine.SetupCoroutine:InvokeMoveNext (System.Collections.IEnumerator,intptr)

(Filename: Assets/scripts/AuditoriaConteudoJogo.cs Line: 488)

[AuditoriaConteudo] USS Arrowhead: prefab sem SaveableEntity para save completo
UnityEngine.Debug:ExtractStackTraceNoAlloc (byte*,int,string)
UnityEngine.StackTraceUtility:ExtractStackTrace ()
UnityEngine.DebugLogHandler:Internal_Log (UnityEngine.LogType,UnityEngine.LogOption,string,UnityEngine.Object)
UnityEngine.DebugLogHandler:LogFormat (UnityEngine.LogType,UnityEngine.Object,string,object[])
UnityEngine.Logger:Log (UnityEngine.LogType,object,UnityEngine.Object)
UnityEngine.Debug:LogWarning (object,UnityEngine.Object)
AuditoriaConteudoJogo:Emitir (string,string,int&,int) (at Assets/scripts/AuditoriaConteudoJogo.cs:492)
AuditoriaConteudoJogo:AuditarFicha (DadosConstrucao,int&,int&,int&,int) (at Assets/scripts/AuditoriaConteudoJogo.cs:331)
AuditoriaConteudoJogo:RodarAuditoria () (at Assets/scripts/AuditoriaConteudoJogo.cs:173)
AuditoriaConteudoJogo/<RodarAuditoriaAtrasada>d__22:MoveNext () (at Assets/scripts/AuditoriaConteudoJogo.cs:148)
UnityEngine.SetupCoroutine:InvokeMoveNext (System.Collections.IEnumerator,intptr)

(Filename: Assets/scripts/AuditoriaConteudoJogo.cs Line: 492)

[AuditoriaConteudo] USS Arrowhead: unidade militar sem IdentidadeUnidade
UnityEngine.Debug:ExtractStackTraceNoAlloc (byte*,int,string)
UnityEngine.StackTraceUtility:ExtractStackTrace ()
UnityEngine.DebugLogHandler:Internal_Log (UnityEngine.LogType,UnityEngine.LogOption,string,UnityEngine.Object)
UnityEngine.DebugLogHandler:LogFormat (UnityEngine.LogType,UnityEngine.Object,string,object[])
UnityEngine.Logger:Log (UnityEngine.LogType,object,UnityEngine.Object)
UnityEngine.Debug:LogError (object,UnityEngine.Object)
AuditoriaConteudoJogo:Emitir (string,string,int&,int) (at Assets/scripts/AuditoriaConteudoJogo.cs:488)
AuditoriaConteudoJogo:AuditarFicha (DadosConstrucao,int&,int&,int&,int) (at Assets/scripts/AuditoriaConteudoJogo.cs:344)
AuditoriaConteudoJogo:RodarAuditoria () (at Assets/scripts/AuditoriaConteudoJogo.cs:173)
AuditoriaConteudoJogo/<RodarAuditoriaAtrasada>d__22:MoveNext () (at Assets/scripts/AuditoriaConteudoJogo.cs:148)
UnityEngine.SetupCoroutine:InvokeMoveNext (System.Collections.IEnumerator,intptr)

(Filename: Assets/scripts/AuditoriaConteudoJogo.cs Line: 488)

[AuditoriaConteudo] USS Arrowhead: unidade militar sem SistemaDeDanos
UnityEngine.Debug:ExtractStackTraceNoAlloc (byte*,int,string)
UnityEngine.StackTraceUtility:ExtractStackTrace ()
UnityEngine.DebugLogHandler:Internal_Log (UnityEngine.LogType,UnityEngine.LogOption,string,UnityEngine.Object)
UnityEngine.DebugLogHandler:LogFormat (UnityEngine.LogType,UnityEngine.Object,string,object[])
UnityEngine.Logger:Log (UnityEngine.LogType,object,UnityEngine.Object)
UnityEngine.Debug:LogError (object,UnityEngine.Object)
AuditoriaConteudoJogo:Emitir (string,string,int&,int) (at Assets/scripts/AuditoriaConteudoJogo.cs:488)
AuditoriaConteudoJogo:AuditarFicha (DadosConstrucao,int&,int&,int&,int) (at Assets/scripts/AuditoriaConteudoJogo.cs:360)
AuditoriaConteudoJogo:RodarAuditoria () (at Assets/scripts/AuditoriaConteudoJogo.cs:173)
AuditoriaConteudoJogo/<RodarAuditoriaAtrasada>d__22:MoveNext () (at Assets/scripts/AuditoriaConteudoJogo.cs:148)
UnityEngine.SetupCoroutine:InvokeMoveNext (System.Collections.IEnumerator,intptr)

(Filename: Assets/scripts/AuditoriaConteudoJogo.cs Line: 488)

[AuditoriaConteudo] USS Arrowhead: unidade de combate sem arma/sistema de tiro detectado
UnityEngine.Debug:ExtractStackTraceNoAlloc (byte*,int,string)
UnityEngine.StackTraceUtility:ExtractStackTrace ()
UnityEngine.DebugLogHandler:Internal_Log (UnityEngine.LogType,UnityEngine.LogOption,string,UnityEngine.Object)
UnityEngine.DebugLogHandler:LogFormat (UnityEngine.LogType,UnityEngine.Object,string,object[])
UnityEngine.Logger:Log (UnityEngine.LogType,object,UnityEngine.Object)
UnityEngine.Debug:LogWarning (object,UnityEngine.Object)
AuditoriaConteudoJogo:Emitir (string,string,int&,int) (at Assets/scripts/AuditoriaConteudoJogo.cs:492)
AuditoriaConteudoJogo:AuditarFicha (DadosConstrucao,int&,int&,int&,int) (at Assets/scripts/AuditoriaConteudoJogo.cs:373)
AuditoriaConteudoJogo:RodarAuditoria () (at Assets/scripts/AuditoriaConteudoJogo.cs:173)
AuditoriaConteudoJogo/<RodarAuditoriaAtrasada>d__22:MoveNext () (at Assets/scripts/AuditoriaConteudoJogo.cs:148)
UnityEngine.SetupCoroutine:InvokeMoveNext (System.Collections.IEnumerator,intptr)

(Filename: Assets/scripts/AuditoriaConteudoJogo.cs Line: 492)

[AuditoriaConteudo] USS Dominion: unidade militar sem Collider
UnityEngine.Debug:ExtractStackTraceNoAlloc (byte*,int,string)
UnityEngine.StackTraceUtility:ExtractStackTrace ()
UnityEngine.DebugLogHandler:Internal_Log (UnityEngine.LogType,UnityEngine.LogOption,string,UnityEngine.Object)
UnityEngine.DebugLogHandler:LogFormat (UnityEngine.LogType,UnityEngine.Object,string,object[])
UnityEngine.Logger:Log (UnityEngine.LogType,object,UnityEngine.Object)
UnityEngine.Debug:LogError (object,UnityEngine.Object)
AuditoriaConteudoJogo:Emitir (string,string,int&,int) (at Assets/scripts/AuditoriaConteudoJogo.cs:488)
AuditoriaConteudoJogo:AuditarFicha (DadosConstrucao,int&,int&,int&,int) (at Assets/scripts/AuditoriaConteudoJogo.cs:318)
AuditoriaConteudoJogo:RodarAuditoria () (at Assets/scripts/AuditoriaConteudoJogo.cs:173)
AuditoriaConteudoJogo/<RodarAuditoriaAtrasada>d__22:MoveNext () (at Assets/scripts/AuditoriaConteudoJogo.cs:148)
UnityEngine.SetupCoroutine:InvokeMoveNext (System.Collections.IEnumerator,intptr)

(Filename: Assets/scripts/AuditoriaConteudoJogo.cs Line: 488)

[AuditoriaConteudo] USS Dominion: prefab sem SaveableEntity para save completo
UnityEngine.Debug:ExtractStackTraceNoAlloc (byte*,int,string)
UnityEngine.StackTraceUtility:ExtractStackTrace ()
UnityEngine.DebugLogHandler:Internal_Log (UnityEngine.LogType,UnityEngine.LogOption,string,UnityEngine.Object)
UnityEngine.DebugLogHandler:LogFormat (UnityEngine.LogType,UnityEngine.Object,string,object[])
UnityEngine.Logger:Log (UnityEngine.LogType,object,UnityEngine.Object)
UnityEngine.Debug:LogWarning (object,UnityEngine.Object)
AuditoriaConteudoJogo:Emitir (string,string,int&,int) (at Assets/scripts/AuditoriaConteudoJogo.cs:492)
AuditoriaConteudoJogo:AuditarFicha (DadosConstrucao,int&,int&,int&,int) (at Assets/scripts/AuditoriaConteudoJogo.cs:331)
AuditoriaConteudoJogo:RodarAuditoria () (at Assets/scripts/AuditoriaConteudoJogo.cs:173)
AuditoriaConteudoJogo/<RodarAuditoriaAtrasada>d__22:MoveNext () (at Assets/scripts/AuditoriaConteudoJogo.cs:148)
UnityEngine.SetupCoroutine:InvokeMoveNext (System.Collections.IEnumerator,intptr)

(Filename: Assets/scripts/AuditoriaConteudoJogo.cs Line: 492)

[AuditoriaConteudo] USS Dominion: unidade militar sem IdentidadeUnidade
UnityEngine.Debug:ExtractStackTraceNoAlloc (byte*,int,string)
UnityEngine.StackTraceUtility:ExtractStackTrace ()
UnityEngine.DebugLogHandler:Internal_Log (UnityEngine.LogType,UnityEngine.LogOption,string,UnityEngine.Object)
UnityEngine.DebugLogHandler:LogFormat (UnityEngine.LogType,UnityEngine.Object,string,object[])
UnityEngine.Logger:Log (UnityEngine.LogType,object,UnityEngine.Object)
UnityEngine.Debug:LogError (object,UnityEngine.Object)
AuditoriaConteudoJogo:Emitir (string,string,int&,int) (at Assets/scripts/AuditoriaConteudoJogo.cs:488)
AuditoriaConteudoJogo:AuditarFicha (DadosConstrucao,int&,int&,int&,int) (at Assets/scripts/AuditoriaConteudoJogo.cs:344)
AuditoriaConteudoJogo:RodarAuditoria () (at Assets/scripts/AuditoriaConteudoJogo.cs:173)
AuditoriaConteudoJogo/<RodarAuditoriaAtrasada>d__22:MoveNext () (at Assets/scripts/AuditoriaConteudoJogo.cs:148)
UnityEngine.SetupCoroutine:InvokeMoveNext (System.Collections.IEnumerator,intptr)

(Filename: Assets/scripts/AuditoriaConteudoJogo.cs Line: 488)

[AuditoriaConteudo] USS Dominion: unidade militar sem SistemaDeDanos
UnityEngine.Debug:ExtractStackTraceNoAlloc (byte*,int,string)
UnityEngine.StackTraceUtility:ExtractStackTrace ()
UnityEngine.DebugLogHandler:Internal_Log (UnityEngine.LogType,UnityEngine.LogOption,string,UnityEngine.Object)
UnityEngine.DebugLogHandler:LogFormat (UnityEngine.LogType,UnityEngine.Object,string,object[])
UnityEngine.Logger:Log (UnityEngine.LogType,object,UnityEngine.Object)
UnityEngine.Debug:LogError (object,UnityEngine.Object)
AuditoriaConteudoJogo:Emitir (string,string,int&,int) (at Assets/scripts/AuditoriaConteudoJogo.cs:488)
AuditoriaConteudoJogo:AuditarFicha (DadosConstrucao,int&,int&,int&,int) (at Assets/scripts/AuditoriaConteudoJogo.cs:360)
AuditoriaConteudoJogo:RodarAuditoria () (at Assets/scripts/AuditoriaConteudoJogo.cs:173)
AuditoriaConteudoJogo/<RodarAuditoriaAtrasada>d__22:MoveNext () (at Assets/scripts/AuditoriaConteudoJogo.cs:148)
UnityEngine.SetupCoroutine:InvokeMoveNext (System.Collections.IEnumerator,intptr)

(Filename: Assets/scripts/AuditoriaConteudoJogo.cs Line: 488)

[AuditoriaConteudo] USS Dominion: unidade de combate sem arma/sistema de tiro detectado
UnityEngine.Debug:ExtractStackTraceNoAlloc (byte*,int,string)
UnityEngine.StackTraceUtility:ExtractStackTrace ()
UnityEngine.DebugLogHandler:Internal_Log (UnityEngine.LogType,UnityEngine.LogOption,string,UnityEngine.Object)
UnityEngine.DebugLogHandler:LogFormat (UnityEngine.LogType,UnityEngine.Object,string,object[])
UnityEngine.Logger:Log (UnityEngine.LogType,object,UnityEngine.Object)
UnityEngine.Debug:LogWarning (object,UnityEngine.Object)
AuditoriaConteudoJogo:Emitir (string,string,int&,int) (at Assets/scripts/AuditoriaConteudoJogo.cs:492)
AuditoriaConteudoJogo:AuditarFicha (DadosConstrucao,int&,int&,int&,int) (at Assets/scripts/AuditoriaConteudoJogo.cs:373)
AuditoriaConteudoJogo:RodarAuditoria () (at Assets/scripts/AuditoriaConteudoJogo.cs:173)
AuditoriaConteudoJogo/<RodarAuditoriaAtrasada>d__22:MoveNext () (at Assets/scripts/AuditoriaConteudoJogo.cs:148)
UnityEngine.SetupCoroutine:InvokeMoveNext (System.Collections.IEnumerator,intptr)

(Filename: Assets/scripts/AuditoriaConteudoJogo.cs Line: 492)

[AuditoriaConteudo] USS Leviathan: unidade de combate sem arma/sistema de tiro detectado
UnityEngine.Debug:ExtractStackTraceNoAlloc (byte*,int,string)
UnityEngine.StackTraceUtility:ExtractStackTrace ()
UnityEngine.DebugLogHandler:Internal_Log (UnityEngine.LogType,UnityEngine.LogOption,string,UnityEngine.Object)
UnityEngine.DebugLogHandler:LogFormat (UnityEngine.LogType,UnityEngine.Object,string,object[])
UnityEngine.Logger:Log (UnityEngine.LogType,object,UnityEngine.Object)
UnityEngine.Debug:LogWarning (object,UnityEngine.Object)
AuditoriaConteudoJogo:Emitir (string,string,int&,int) (at Assets/scripts/AuditoriaConteudoJogo.cs:492)
AuditoriaConteudoJogo:AuditarFicha (DadosConstrucao,int&,int&,int&,int) (at Assets/scripts/AuditoriaConteudoJogo.cs:373)
AuditoriaConteudoJogo:RodarAuditoria () (at Assets/scripts/AuditoriaConteudoJogo.cs:173)
AuditoriaConteudoJogo/<RodarAuditoriaAtrasada>d__22:MoveNext () (at Assets/scripts/AuditoriaConteudoJogo.cs:148)
UnityEngine.SetupCoroutine:InvokeMoveNext (System.Collections.IEnumerator,intptr)

(Filename: Assets/scripts/AuditoriaConteudoJogo.cs Line: 492)

[AuditoriaConteudo] USS Mako: unidade militar sem Collider
UnityEngine.Debug:ExtractStackTraceNoAlloc (byte*,int,string)
UnityEngine.StackTraceUtility:ExtractStackTrace ()
UnityEngine.DebugLogHandler:Internal_Log (UnityEngine.LogType,UnityEngine.LogOption,string,UnityEngine.Object)
UnityEngine.DebugLogHandler:LogFormat (UnityEngine.LogType,UnityEngine.Object,string,object[])
UnityEngine.Logger:Log (UnityEngine.LogType,object,UnityEngine.Object)
UnityEngine.Debug:LogError (object,UnityEngine.Object)
AuditoriaConteudoJogo:Emitir (string,string,int&,int) (at Assets/scripts/AuditoriaConteudoJogo.cs:488)
AuditoriaConteudoJogo:AuditarFicha (DadosConstrucao,int&,int&,int&,int) (at Assets/scripts/AuditoriaConteudoJogo.cs:318)
AuditoriaConteudoJogo:RodarAuditoria () (at Assets/scripts/AuditoriaConteudoJogo.cs:173)
AuditoriaConteudoJogo/<RodarAuditoriaAtrasada>d__22:MoveNext () (at Assets/scripts/AuditoriaConteudoJogo.cs:148)
UnityEngine.SetupCoroutine:InvokeMoveNext (System.Collections.IEnumerator,intptr)

(Filename: Assets/scripts/AuditoriaConteudoJogo.cs Line: 488)

[AuditoriaConteudo] USS Mako: prefab sem SaveableEntity para save completo
UnityEngine.Debug:ExtractStackTraceNoAlloc (byte*,int,string)
UnityEngine.StackTraceUtility:ExtractStackTrace ()
UnityEngine.DebugLogHandler:Internal_Log (UnityEngine.LogType,UnityEngine.LogOption,string,UnityEngine.Object)
UnityEngine.DebugLogHandler:LogFormat (UnityEngine.LogType,UnityEngine.Object,string,object[])
UnityEngine.Logger:Log (UnityEngine.LogType,object,UnityEngine.Object)
UnityEngine.Debug:LogWarning (object,UnityEngine.Object)
AuditoriaConteudoJogo:Emitir (string,string,int&,int) (at Assets/scripts/AuditoriaConteudoJogo.cs:492)
AuditoriaConteudoJogo:AuditarFicha (DadosConstrucao,int&,int&,int&,int) (at Assets/scripts/AuditoriaConteudoJogo.cs:331)
AuditoriaConteudoJogo:RodarAuditoria () (at Assets/scripts/AuditoriaConteudoJogo.cs:173)
AuditoriaConteudoJogo/<RodarAuditoriaAtrasada>d__22:MoveNext () (at Assets/scripts/AuditoriaConteudoJogo.cs:148)
UnityEngine.SetupCoroutine:InvokeMoveNext (System.Collections.IEnumerator,intptr)

(Filename: Assets/scripts/AuditoriaConteudoJogo.cs Line: 492)

[AuditoriaConteudo] USS Mako: unidade militar sem IdentidadeUnidade
UnityEngine.Debug:ExtractStackTraceNoAlloc (byte*,int,string)
UnityEngine.StackTraceUtility:ExtractStackTrace ()
UnityEngine.DebugLogHandler:Internal_Log (UnityEngine.LogType,UnityEngine.LogOption,string,UnityEngine.Object)
UnityEngine.DebugLogHandler:LogFormat (UnityEngine.LogType,UnityEngine.Object,string,object[])
UnityEngine.Logger:Log (UnityEngine.LogType,object,UnityEngine.Object)
UnityEngine.Debug:LogError (object,UnityEngine.Object)
AuditoriaConteudoJogo:Emitir (string,string,int&,int) (at Assets/scripts/AuditoriaConteudoJogo.cs:488)
AuditoriaConteudoJogo:AuditarFicha (DadosConstrucao,int&,int&,int&,int) (at Assets/scripts/AuditoriaConteudoJogo.cs:344)
AuditoriaConteudoJogo:RodarAuditoria () (at Assets/scripts/AuditoriaConteudoJogo.cs:173)
AuditoriaConteudoJogo/<RodarAuditoriaAtrasada>d__22:MoveNext () (at Assets/scripts/AuditoriaConteudoJogo.cs:148)
UnityEngine.SetupCoroutine:InvokeMoveNext (System.Collections.IEnumerator,intptr)

(Filename: Assets/scripts/AuditoriaConteudoJogo.cs Line: 488)

[AuditoriaConteudo] USS Mako: unidade militar sem SistemaDeDanos
UnityEngine.Debug:ExtractStackTraceNoAlloc (byte*,int,string)
UnityEngine.StackTraceUtility:ExtractStackTrace ()
UnityEngine.DebugLogHandler:Internal_Log (UnityEngine.LogType,UnityEngine.LogOption,string,UnityEngine.Object)
UnityEngine.DebugLogHandler:LogFormat (UnityEngine.LogType,UnityEngine.Object,string,object[])
UnityEngine.Logger:Log (UnityEngine.LogType,object,UnityEngine.Object)
UnityEngine.Debug:LogError (object,UnityEngine.Object)
AuditoriaConteudoJogo:Emitir (string,string,int&,int) (at Assets/scripts/AuditoriaConteudoJogo.cs:488)
AuditoriaConteudoJogo:AuditarFicha (DadosConstrucao,int&,int&,int&,int) (at Assets/scripts/AuditoriaConteudoJogo.cs:360)
AuditoriaConteudoJogo:RodarAuditoria () (at Assets/scripts/AuditoriaConteudoJogo.cs:173)
AuditoriaConteudoJogo/<RodarAuditoriaAtrasada>d__22:MoveNext () (at Assets/scripts/AuditoriaConteudoJogo.cs:148)
UnityEngine.SetupCoroutine:InvokeMoveNext (System.Collections.IEnumerator,intptr)

(Filename: Assets/scripts/AuditoriaConteudoJogo.cs Line: 488)

[AuditoriaConteudo] USS Mako: unidade de combate sem arma/sistema de tiro detectado
UnityEngine.Debug:ExtractStackTraceNoAlloc (byte*,int,string)
UnityEngine.StackTraceUtility:ExtractStackTrace ()
UnityEngine.DebugLogHandler:Internal_Log (UnityEngine.LogType,UnityEngine.LogOption,string,UnityEngine.Object)
UnityEngine.DebugLogHandler:LogFormat (UnityEngine.LogType,UnityEngine.Object,string,object[])
UnityEngine.Logger:Log (UnityEngine.LogType,object,UnityEngine.Object)
UnityEngine.Debug:LogWarning (object,UnityEngine.Object)
AuditoriaConteudoJogo:Emitir (string,string,int&,int) (at Assets/scripts/AuditoriaConteudoJogo.cs:492)
AuditoriaConteudoJogo:AuditarFicha (DadosConstrucao,int&,int&,int&,int) (at Assets/scripts/AuditoriaConteudoJogo.cs:373)
AuditoriaConteudoJogo:RodarAuditoria () (at Assets/scripts/AuditoriaConteudoJogo.cs:173)
AuditoriaConteudoJogo/<RodarAuditoriaAtrasada>d__22:MoveNext () (at Assets/scripts/AuditoriaConteudoJogo.cs:148)
UnityEngine.SetupCoroutine:InvokeMoveNext (System.Collections.IEnumerator,intptr)

(Filename: Assets/scripts/AuditoriaConteudoJogo.cs Line: 492)

[AuditoriaConteudo] USS Wraith: unidade militar sem Collider
UnityEngine.Debug:ExtractStackTraceNoAlloc (byte*,int,string)
UnityEngine.StackTraceUtility:ExtractStackTrace ()
UnityEngine.DebugLogHandler:Internal_Log (UnityEngine.LogType,UnityEngine.LogOption,string,UnityEngine.Object)
UnityEngine.DebugLogHandler:LogFormat (UnityEngine.LogType,UnityEngine.Object,string,object[])
UnityEngine.Logger:Log (UnityEngine.LogType,object,UnityEngine.Object)
UnityEngine.Debug:LogError (object,UnityEngine.Object)
AuditoriaConteudoJogo:Emitir (string,string,int&,int) (at Assets/scripts/AuditoriaConteudoJogo.cs:488)
AuditoriaConteudoJogo:AuditarFicha (DadosConstrucao,int&,int&,int&,int) (at Assets/scripts/AuditoriaConteudoJogo.cs:318)
AuditoriaConteudoJogo:RodarAuditoria () (at Assets/scripts/AuditoriaConteudoJogo.cs:173)
AuditoriaConteudoJogo/<RodarAuditoriaAtrasada>d__22:MoveNext () (at Assets/scripts/AuditoriaConteudoJogo.cs:148)
UnityEngine.SetupCoroutine:InvokeMoveNext (System.Collections.IEnumerator,intptr)

(Filename: Assets/scripts/AuditoriaConteudoJogo.cs Line: 488)

[AuditoriaConteudo] USS Wraith: prefab sem SaveableEntity para save completo
UnityEngine.Debug:ExtractStackTraceNoAlloc (byte*,int,string)
UnityEngine.StackTraceUtility:ExtractStackTrace ()
UnityEngine.DebugLogHandler:Internal_Log (UnityEngine.LogType,UnityEngine.LogOption,string,UnityEngine.Object)
UnityEngine.DebugLogHandler:LogFormat (UnityEngine.LogType,UnityEngine.Object,string,object[])
UnityEngine.Logger:Log (UnityEngine.LogType,object,UnityEngine.Object)
UnityEngine.Debug:LogWarning (object,UnityEngine.Object)
AuditoriaConteudoJogo:Emitir (string,string,int&,int) (at Assets/scripts/AuditoriaConteudoJogo.cs:492)
AuditoriaConteudoJogo:AuditarFicha (DadosConstrucao,int&,int&,int&,int) (at Assets/scripts/AuditoriaConteudoJogo.cs:331)
AuditoriaConteudoJogo:RodarAuditoria () (at Assets/scripts/AuditoriaConteudoJogo.cs:173)
AuditoriaConteudoJogo/<RodarAuditoriaAtrasada>d__22:MoveNext () (at Assets/scripts/AuditoriaConteudoJogo.cs:148)
UnityEngine.SetupCoroutine:InvokeMoveNext (System.Collections.IEnumerator,intptr)

(Filename: Assets/scripts/AuditoriaConteudoJogo.cs Line: 492)

[AuditoriaConteudo] USS Wraith: unidade militar sem IdentidadeUnidade
UnityEngine.Debug:ExtractStackTraceNoAlloc (byte*,int,string)
UnityEngine.StackTraceUtility:ExtractStackTrace ()
UnityEngine.DebugLogHandler:Internal_Log (UnityEngine.LogType,UnityEngine.LogOption,string,UnityEngine.Object)
UnityEngine.DebugLogHandler:LogFormat (UnityEngine.LogType,UnityEngine.Object,string,object[])
UnityEngine.Logger:Log (UnityEngine.LogType,object,UnityEngine.Object)
UnityEngine.Debug:LogError (object,UnityEngine.Object)
AuditoriaConteudoJogo:Emitir (string,string,int&,int) (at Assets/scripts/AuditoriaConteudoJogo.cs:488)
AuditoriaConteudoJogo:AuditarFicha (DadosConstrucao,int&,int&,int&,int) (at Assets/scripts/AuditoriaConteudoJogo.cs:344)
AuditoriaConteudoJogo:RodarAuditoria () (at Assets/scripts/AuditoriaConteudoJogo.cs:173)
AuditoriaConteudoJogo/<RodarAuditoriaAtrasada>d__22:MoveNext () (at Assets/scripts/AuditoriaConteudoJogo.cs:148)
UnityEngine.SetupCoroutine:InvokeMoveNext (System.Collections.IEnumerator,intptr)

(Filename: Assets/scripts/AuditoriaConteudoJogo.cs Line: 488)

[AuditoriaConteudo] USS Wraith: unidade militar sem SistemaDeDanos
UnityEngine.Debug:ExtractStackTraceNoAlloc (byte*,int,string)
UnityEngine.StackTraceUtility:ExtractStackTrace ()
UnityEngine.DebugLogHandler:Internal_Log (UnityEngine.LogType,UnityEngine.LogOption,string,UnityEngine.Object)
UnityEngine.DebugLogHandler:LogFormat (UnityEngine.LogType,UnityEngine.Object,string,object[])
UnityEngine.Logger:Log (UnityEngine.LogType,object,UnityEngine.Object)
UnityEngine.Debug:LogError (object,UnityEngine.Object)
AuditoriaConteudoJogo:Emitir (string,string,int&,int) (at Assets/scripts/AuditoriaConteudoJogo.cs:488)
AuditoriaConteudoJogo:AuditarFicha (DadosConstrucao,int&,int&,int&,int) (at Assets/scripts/AuditoriaConteudoJogo.cs:360)
AuditoriaConteudoJogo:RodarAuditoria () (at Assets/scripts/AuditoriaConteudoJogo.cs:173)
AuditoriaConteudoJogo/<RodarAuditoriaAtrasada>d__22:MoveNext () (at Assets/scripts/AuditoriaConteudoJogo.cs:148)
UnityEngine.SetupCoroutine:InvokeMoveNext (System.Collections.IEnumerator,intptr)

(Filename: Assets/scripts/AuditoriaConteudoJogo.cs Line: 488)

[AuditoriaConteudo] USS Wraith: unidade de combate sem arma/sistema de tiro detectado
UnityEngine.Debug:ExtractStackTraceNoAlloc (byte*,int,string)
UnityEngine.StackTraceUtility:ExtractStackTrace ()
UnityEngine.DebugLogHandler:Internal_Log (UnityEngine.LogType,UnityEngine.LogOption,string,UnityEngine.Object)
UnityEngine.DebugLogHandler:LogFormat (UnityEngine.LogType,UnityEngine.Object,string,object[])
UnityEngine.Logger:Log (UnityEngine.LogType,object,UnityEngine.Object)
UnityEngine.Debug:LogWarning (object,UnityEngine.Object)
AuditoriaConteudoJogo:Emitir (string,string,int&,int) (at Assets/scripts/AuditoriaConteudoJogo.cs:492)
AuditoriaConteudoJogo:AuditarFicha (DadosConstrucao,int&,int&,int&,int) (at Assets/scripts/AuditoriaConteudoJogo.cs:373)
AuditoriaConteudoJogo:RodarAuditoria () (at Assets/scripts/AuditoriaConteudoJogo.cs:173)
AuditoriaConteudoJogo/<RodarAuditoriaAtrasada>d__22:MoveNext () (at Assets/scripts/AuditoriaConteudoJogo.cs:148)
UnityEngine.SetupCoroutine:InvokeMoveNext (System.Collections.IEnumerator,intptr)

(Filename: Assets/scripts/AuditoriaConteudoJogo.cs Line: 492)

[AuditoriaConteudo] DH Hasaf: unidade militar sem Collider (Ignorado)
UnityEngine.Debug:ExtractStackTraceNoAlloc (byte*,int,string)
UnityEngine.StackTraceUtility:ExtractStackTrace ()
UnityEngine.DebugLogHandler:Internal_Log (UnityEngine.LogType,UnityEngine.LogOption,string,UnityEngine.Object)
UnityEngine.DebugLogHandler:LogFormat (UnityEngine.LogType,UnityEngine.Object,string,object[])
UnityEngine.Logger:Log (UnityEngine.LogType,object,UnityEngine.Object)
UnityEngine.Debug:LogWarning (object,UnityEngine.Object)
AuditoriaConteudoJogo:Emitir (string,string,int&,int) (at Assets/scripts/AuditoriaConteudoJogo.cs:492)
AuditoriaConteudoJogo:AuditarFicha (DadosConstrucao,int&,int&,int&,int) (at Assets/scripts/AuditoriaConteudoJogo.cs:313)
AuditoriaConteudoJogo:RodarAuditoria () (at Assets/scripts/AuditoriaConteudoJogo.cs:173)
AuditoriaConteudoJogo/<RodarAuditoriaAtrasada>d__22:MoveNext () (at Assets/scripts/AuditoriaConteudoJogo.cs:148)
UnityEngine.SetupCoroutine:InvokeMoveNext (System.Collections.IEnumerator,intptr)

(Filename: Assets/scripts/AuditoriaConteudoJogo.cs Line: 492)

[AuditoriaConteudo] Drone Veloster: unidade de combate sem arma/sistema de tiro detectado
UnityEngine.Debug:ExtractStackTraceNoAlloc (byte*,int,string)
UnityEngine.StackTraceUtility:ExtractStackTrace ()
UnityEngine.DebugLogHandler:Internal_Log (UnityEngine.LogType,UnityEngine.LogOption,string,UnityEngine.Object)
UnityEngine.DebugLogHandler:LogFormat (UnityEngine.LogType,UnityEngine.Object,string,object[])
UnityEngine.Logger:Log (UnityEngine.LogType,object,UnityEngine.Object)
UnityEngine.Debug:LogWarning (object,UnityEngine.Object)
AuditoriaConteudoJogo:Emitir (string,string,int&,int) (at Assets/scripts/AuditoriaConteudoJogo.cs:492)
AuditoriaConteudoJogo:AuditarFicha (DadosConstrucao,int&,int&,int&,int) (at Assets/scripts/AuditoriaConteudoJogo.cs:373)
AuditoriaConteudoJogo:RodarAuditoria () (at Assets/scripts/AuditoriaConteudoJogo.cs:173)
AuditoriaConteudoJogo/<RodarAuditoriaAtrasada>d__22:MoveNext () (at Assets/scripts/AuditoriaConteudoJogo.cs:148)
UnityEngine.SetupCoroutine:InvokeMoveNext (System.Collections.IEnumerator,intptr)

(Filename: Assets/scripts/AuditoriaConteudoJogo.cs Line: 492)

[AuditoriaConteudo] Flow: unidade de combate sem arma/sistema de tiro detectado
UnityEngine.Debug:ExtractStackTraceNoAlloc (byte*,int,string)
UnityEngine.StackTraceUtility:ExtractStackTrace ()
UnityEngine.DebugLogHandler:Internal_Log (UnityEngine.LogType,UnityEngine.LogOption,string,UnityEngine.Object)
UnityEngine.DebugLogHandler:LogFormat (UnityEngine.LogType,UnityEngine.Object,string,object[])
UnityEngine.Logger:Log (UnityEngine.LogType,object,UnityEngine.Object)
UnityEngine.Debug:LogWarning (object,UnityEngine.Object)
AuditoriaConteudoJogo:Emitir (string,string,int&,int) (at Assets/scripts/AuditoriaConteudoJogo.cs:492)
AuditoriaConteudoJogo:AuditarFicha (DadosConstrucao,int&,int&,int&,int) (at Assets/scripts/AuditoriaConteudoJogo.cs:373)
AuditoriaConteudoJogo:RodarAuditoria () (at Assets/scripts/AuditoriaConteudoJogo.cs:173)
AuditoriaConteudoJogo/<RodarAuditoriaAtrasada>d__22:MoveNext () (at Assets/scripts/AuditoriaConteudoJogo.cs:148)
UnityEngine.SetupCoroutine:InvokeMoveNext (System.Collections.IEnumerator,intptr)

(Filename: Assets/scripts/AuditoriaConteudoJogo.cs Line: 492)

[AuditoriaConteudo] G_18M: unidade de combate sem arma/sistema de tiro detectado
UnityEngine.Debug:ExtractStackTraceNoAlloc (byte*,int,string)
UnityEngine.StackTraceUtility:ExtractStackTrace ()
UnityEngine.DebugLogHandler:Internal_Log (UnityEngine.LogType,UnityEngine.LogOption,string,UnityEngine.Object)
UnityEngine.DebugLogHandler:LogFormat (UnityEngine.LogType,UnityEngine.Object,string,object[])
UnityEngine.Logger:Log (UnityEngine.LogType,object,UnityEngine.Object)
UnityEngine.Debug:LogWarning (object,UnityEngine.Object)
AuditoriaConteudoJogo:Emitir (string,string,int&,int) (at Assets/scripts/AuditoriaConteudoJogo.cs:492)
AuditoriaConteudoJogo:AuditarFicha (DadosConstrucao,int&,int&,int&,int) (at Assets/scripts/AuditoriaConteudoJogo.cs:373)
AuditoriaConteudoJogo:RodarAuditoria () (at Assets/scripts/AuditoriaConteudoJogo.cs:173)
AuditoriaConteudoJogo/<RodarAuditoriaAtrasada>d__22:MoveNext () (at Assets/scripts/AuditoriaConteudoJogo.cs:148)
UnityEngine.SetupCoroutine:InvokeMoveNext (System.Collections.IEnumerator,intptr)

(Filename: Assets/scripts/AuditoriaConteudoJogo.cs Line: 492)

[AuditoriaConteudo] Garcia G15: unidade de combate sem arma/sistema de tiro detectado
UnityEngine.Debug:ExtractStackTraceNoAlloc (byte*,int,string)
UnityEngine.StackTraceUtility:ExtractStackTrace ()
UnityEngine.DebugLogHandler:Internal_Log (UnityEngine.LogType,UnityEngine.LogOption,string,UnityEngine.Object)
UnityEngine.DebugLogHandler:LogFormat (UnityEngine.LogType,UnityEngine.Object,string,object[])
UnityEngine.Logger:Log (UnityEngine.LogType,object,UnityEngine.Object)
UnityEngine.Debug:LogWarning (object,UnityEngine.Object)
AuditoriaConteudoJogo:Emitir (string,string,int&,int) (at Assets/scripts/AuditoriaConteudoJogo.cs:492)
AuditoriaConteudoJogo:AuditarFicha (DadosConstrucao,int&,int&,int&,int) (at Assets/scripts/AuditoriaConteudoJogo.cs:373)
AuditoriaConteudoJogo:RodarAuditoria () (at Assets/scripts/AuditoriaConteudoJogo.cs:173)
AuditoriaConteudoJogo/<RodarAuditoriaAtrasada>d__22:MoveNext () (at Assets/scripts/AuditoriaConteudoJogo.cs:148)
UnityEngine.SetupCoroutine:InvokeMoveNext (System.Collections.IEnumerator,intptr)

(Filename: Assets/scripts/AuditoriaConteudoJogo.cs Line: 492)

[AuditoriaConteudo] Helicóptero Ray: unidade de combate sem arma/sistema de tiro detectado
UnityEngine.Debug:ExtractStackTraceNoAlloc (byte*,int,string)
UnityEngine.StackTraceUtility:ExtractStackTrace ()
UnityEngine.DebugLogHandler:Internal_Log (UnityEngine.LogType,UnityEngine.LogOption,string,UnityEngine.Object)
UnityEngine.DebugLogHandler:LogFormat (UnityEngine.LogType,UnityEngine.Object,string,object[])
UnityEngine.Logger:Log (UnityEngine.LogType,object,UnityEngine.Object)
UnityEngine.Debug:LogWarning (object,UnityEngine.Object)
AuditoriaConteudoJogo:Emitir (string,string,int&,int) (at Assets/scripts/AuditoriaConteudoJogo.cs:492)
AuditoriaConteudoJogo:AuditarFicha (DadosConstrucao,int&,int&,int&,int) (at Assets/scripts/AuditoriaConteudoJogo.cs:373)
AuditoriaConteudoJogo:RodarAuditoria () (at Assets/scripts/AuditoriaConteudoJogo.cs:173)
AuditoriaConteudoJogo/<RodarAuditoriaAtrasada>d__22:MoveNext () (at Assets/scripts/AuditoriaConteudoJogo.cs:148)
UnityEngine.SetupCoroutine:InvokeMoveNext (System.Collections.IEnumerator,intptr)

(Filename: Assets/scripts/AuditoriaConteudoJogo.cs Line: 492)

[AuditoriaConteudo] Su11: unidade de combate sem arma/sistema de tiro detectado
UnityEngine.Debug:ExtractStackTraceNoAlloc (byte*,int,string)
UnityEngine.StackTraceUtility:ExtractStackTrace ()
UnityEngine.DebugLogHandler:Internal_Log (UnityEngine.LogType,UnityEngine.LogOption,string,UnityEngine.Object)
UnityEngine.DebugLogHandler:LogFormat (UnityEngine.LogType,UnityEngine.Object,string,object[])
UnityEngine.Logger:Log (UnityEngine.LogType,object,UnityEngine.Object)
UnityEngine.Debug:LogWarning (object,UnityEngine.Object)
AuditoriaConteudoJogo:Emitir (string,string,int&,int) (at Assets/scripts/AuditoriaConteudoJogo.cs:492)
AuditoriaConteudoJogo:AuditarFicha (DadosConstrucao,int&,int&,int&,int) (at Assets/scripts/AuditoriaConteudoJogo.cs:373)
AuditoriaConteudoJogo:RodarAuditoria () (at Assets/scripts/AuditoriaConteudoJogo.cs:173)
AuditoriaConteudoJogo/<RodarAuditoriaAtrasada>d__22:MoveNext () (at Assets/scripts/AuditoriaConteudoJogo.cs:148)
UnityEngine.SetupCoroutine:InvokeMoveNext (System.Collections.IEnumerator,intptr)

(Filename: Assets/scripts/AuditoriaConteudoJogo.cs Line: 492)

[AuditoriaConteudo] Su20: unidade de combate sem arma/sistema de tiro detectado
UnityEngine.Debug:ExtractStackTraceNoAlloc (byte*,int,string)
UnityEngine.StackTraceUtility:ExtractStackTrace ()
UnityEngine.DebugLogHandler:Internal_Log (UnityEngine.LogType,UnityEngine.LogOption,string,UnityEngine.Object)
UnityEngine.DebugLogHandler:LogFormat (UnityEngine.LogType,UnityEngine.Object,string,object[])
UnityEngine.Logger:Log (UnityEngine.LogType,object,UnityEngine.Object)
UnityEngine.Debug:LogWarning (object,UnityEngine.Object)
AuditoriaConteudoJogo:Emitir (string,string,int&,int) (at Assets/scripts/AuditoriaConteudoJogo.cs:492)
AuditoriaConteudoJogo:AuditarFicha (DadosConstrucao,int&,int&,int&,int) (at Assets/scripts/AuditoriaConteudoJogo.cs:373)
AuditoriaConteudoJogo:RodarAuditoria () (at Assets/scripts/AuditoriaConteudoJogo.cs:173)
AuditoriaConteudoJogo/<RodarAuditoriaAtrasada>d__22:MoveNext () (at Assets/scripts/AuditoriaConteudoJogo.cs:148)
UnityEngine.SetupCoroutine:InvokeMoveNext (System.Collections.IEnumerator,intptr)

(Filename: Assets/scripts/AuditoriaConteudoJogo.cs Line: 492)

[AuditoriaConteudo] Vans falcon: id estavel duplicado (vans falcon)
UnityEngine.Debug:ExtractStackTraceNoAlloc (byte*,int,string)
UnityEngine.StackTraceUtility:ExtractStackTrace ()
UnityEngine.DebugLogHandler:Internal_Log (UnityEngine.LogType,UnityEngine.LogOption,string,UnityEngine.Object)
UnityEngine.DebugLogHandler:LogFormat (UnityEngine.LogType,UnityEngine.Object,string,object[])
UnityEngine.Logger:Log (UnityEngine.LogType,object,UnityEngine.Object)
UnityEngine.Debug:LogError (object,UnityEngine.Object)
AuditoriaConteudoJogo:Emitir (string,string,int&,int) (at Assets/scripts/AuditoriaConteudoJogo.cs:488)
AuditoriaConteudoJogo:AuditarFicha (DadosConstrucao,int&,int&,int&,int) (at Assets/scripts/AuditoriaConteudoJogo.cs:258)
AuditoriaConteudoJogo:RodarAuditoria () (at Assets/scripts/AuditoriaConteudoJogo.cs:173)
AuditoriaConteudoJogo/<RodarAuditoriaAtrasada>d__22:MoveNext () (at Assets/scripts/AuditoriaConteudoJogo.cs:148)
UnityEngine.SetupCoroutine:InvokeMoveNext (System.Collections.IEnumerator,intptr)

(Filename: Assets/scripts/AuditoriaConteudoJogo.cs Line: 488)

[AuditoriaConteudo] VAP Drone: unidade de combate sem arma/sistema de tiro detectado
UnityEngine.Debug:ExtractStackTraceNoAlloc (byte*,int,string)
UnityEngine.StackTraceUtility:ExtractStackTrace ()
UnityEngine.DebugLogHandler:Internal_Log (UnityEngine.LogType,UnityEngine.LogOption,string,UnityEngine.Object)
UnityEngine.DebugLogHandler:LogFormat (UnityEngine.LogType,UnityEngine.Object,string,object[])
UnityEngine.Logger:Log (UnityEngine.LogType,object,UnityEngine.Object)
UnityEngine.Debug:LogWarning (object,UnityEngine.Object)
AuditoriaConteudoJogo:Emitir (string,string,int&,int) (at Assets/scripts/AuditoriaConteudoJogo.cs:492)
AuditoriaConteudoJogo:AuditarFicha (DadosConstrucao,int&,int&,int&,int) (at Assets/scripts/AuditoriaConteudoJogo.cs:373)
AuditoriaConteudoJogo:RodarAuditoria () (at Assets/scripts/AuditoriaConteudoJogo.cs:173)
AuditoriaConteudoJogo/<RodarAuditoriaAtrasada>d__22:MoveNext () (at Assets/scripts/AuditoriaConteudoJogo.cs:148)
UnityEngine.SetupCoroutine:InvokeMoveNext (System.Collections.IEnumerator,intptr)

(Filename: Assets/scripts/AuditoriaConteudoJogo.cs Line: 492)

[AuditoriaConteudo] Armazem : prefab sem SaveableEntity para save completo
UnityEngine.Debug:ExtractStackTraceNoAlloc (byte*,int,string)
UnityEngine.StackTraceUtility:ExtractStackTrace ()
UnityEngine.DebugLogHandler:Internal_Log (UnityEngine.LogType,UnityEngine.LogOption,string,UnityEngine.Object)
UnityEngine.DebugLogHandler:LogFormat (UnityEngine.LogType,UnityEngine.Object,string,object[])
UnityEngine.Logger:Log (UnityEngine.LogType,object,UnityEngine.Object)
UnityEngine.Debug:LogWarning (object,UnityEngine.Object)
AuditoriaConteudoJogo:Emitir (string,string,int&,int) (at Assets/scripts/AuditoriaConteudoJogo.cs:492)
AuditoriaConteudoJogo:AuditarFicha (DadosConstrucao,int&,int&,int&,int) (at Assets/scripts/AuditoriaConteudoJogo.cs:331)
AuditoriaConteudoJogo:RodarAuditoria () (at Assets/scripts/AuditoriaConteudoJogo.cs:173)
AuditoriaConteudoJogo/<RodarAuditoriaAtrasada>d__22:MoveNext () (at Assets/scripts/AuditoriaConteudoJogo.cs:148)
UnityEngine.SetupCoroutine:InvokeMoveNext (System.Collections.IEnumerator,intptr)

(Filename: Assets/scripts/AuditoriaConteudoJogo.cs Line: 492)

[AuditoriaConteudo] Armazem Militar: prefab sem SaveableEntity para save completo
UnityEngine.Debug:ExtractStackTraceNoAlloc (byte*,int,string)
UnityEngine.StackTraceUtility:ExtractStackTrace ()
UnityEngine.DebugLogHandler:Internal_Log (UnityEngine.LogType,UnityEngine.LogOption,string,UnityEngine.Object)
UnityEngine.DebugLogHandler:LogFormat (UnityEngine.LogType,UnityEngine.Object,string,object[])
UnityEngine.Logger:Log (UnityEngine.LogType,object,UnityEngine.Object)
UnityEngine.Debug:LogWarning (object,UnityEngine.Object)
AuditoriaConteudoJogo:Emitir (string,string,int&,int) (at Assets/scripts/AuditoriaConteudoJogo.cs:492)
AuditoriaConteudoJogo:AuditarFicha (DadosConstrucao,int&,int&,int&,int) (at Assets/scripts/AuditoriaConteudoJogo.cs:331)
AuditoriaConteudoJogo:RodarAuditoria () (at Assets/scripts/AuditoriaConteudoJogo.cs:173)
AuditoriaConteudoJogo/<RodarAuditoriaAtrasada>d__22:MoveNext () (at Assets/scripts/AuditoriaConteudoJogo.cs:148)
UnityEngine.SetupCoroutine:InvokeMoveNext (System.Collections.IEnumerator,intptr)

(Filename: Assets/scripts/AuditoriaConteudoJogo.cs Line: 492)

[AuditoriaConteudo] Fabrica: prefab sem SaveableEntity para save completo
UnityEngine.Debug:ExtractStackTraceNoAlloc (byte*,int,string)
UnityEngine.StackTraceUtility:ExtractStackTrace ()
UnityEngine.DebugLogHandler:Internal_Log (UnityEngine.LogType,UnityEngine.LogOption,string,UnityEngine.Object)
UnityEngine.DebugLogHandler:LogFormat (UnityEngine.LogType,UnityEngine.Object,string,object[])
UnityEngine.Logger:Log (UnityEngine.LogType,object,UnityEngine.Object)
UnityEngine.Debug:LogWarning (object,UnityEngine.Object)
AuditoriaConteudoJogo:Emitir (string,string,int&,int) (at Assets/scripts/AuditoriaConteudoJogo.cs:492)
AuditoriaConteudoJogo:AuditarFicha (DadosConstrucao,int&,int&,int&,int) (at Assets/scripts/AuditoriaConteudoJogo.cs:331)
AuditoriaConteudoJogo:RodarAuditoria () (at Assets/scripts/AuditoriaConteudoJogo.cs:173)
AuditoriaConteudoJogo/<RodarAuditoriaAtrasada>d__22:MoveNext () (at Assets/scripts/AuditoriaConteudoJogo.cs:148)
UnityEngine.SetupCoroutine:InvokeMoveNext (System.Collections.IEnumerator,intptr)

(Filename: Assets/scripts/AuditoriaConteudoJogo.cs Line: 492)

[AuditoriaConteudo] Fabrica: prefab sem SistemaDeDanos
UnityEngine.Debug:ExtractStackTraceNoAlloc (byte*,int,string)
UnityEngine.StackTraceUtility:ExtractStackTrace ()
UnityEngine.DebugLogHandler:Internal_Log (UnityEngine.LogType,UnityEngine.LogOption,string,UnityEngine.Object)
UnityEngine.DebugLogHandler:LogFormat (UnityEngine.LogType,UnityEngine.Object,string,object[])
UnityEngine.Logger:Log (UnityEngine.LogType,object,UnityEngine.Object)
UnityEngine.Debug:LogWarning (object,UnityEngine.Object)
AuditoriaConteudoJogo:Emitir (string,string,int&,int) (at Assets/scripts/AuditoriaConteudoJogo.cs:492)
AuditoriaConteudoJogo:AuditarFicha (DadosConstrucao,int&,int&,int&,int) (at Assets/scripts/AuditoriaConteudoJogo.cs:366)
AuditoriaConteudoJogo:RodarAuditoria () (at Assets/scripts/AuditoriaConteudoJogo.cs:173)
AuditoriaConteudoJogo/<RodarAuditoriaAtrasada>d__22:MoveNext () (at Assets/scripts/AuditoriaConteudoJogo.cs:148)
UnityEngine.SetupCoroutine:InvokeMoveNext (System.Collections.IEnumerator,intptr)

(Filename: Assets/scripts/AuditoriaConteudoJogo.cs Line: 492)

[AuditoriaConteudo] Heliporto: prefab sem collider
UnityEngine.Debug:ExtractStackTraceNoAlloc (byte*,int,string)
UnityEngine.StackTraceUtility:ExtractStackTrace ()
UnityEngine.DebugLogHandler:Internal_Log (UnityEngine.LogType,UnityEngine.LogOption,string,UnityEngine.Object)
UnityEngine.DebugLogHandler:LogFormat (UnityEngine.LogType,UnityEngine.Object,string,object[])
UnityEngine.Logger:Log (UnityEngine.LogType,object,UnityEngine.Object)
UnityEngine.Debug:LogWarning (object,UnityEngine.Object)
AuditoriaConteudoJogo:Emitir (string,string,int&,int) (at Assets/scripts/AuditoriaConteudoJogo.cs:492)
AuditoriaConteudoJogo:AuditarFicha (DadosConstrucao,int&,int&,int&,int) (at Assets/scripts/AuditoriaConteudoJogo.cs:324)
AuditoriaConteudoJogo:RodarAuditoria () (at Assets/scripts/AuditoriaConteudoJogo.cs:173)
AuditoriaConteudoJogo/<RodarAuditoriaAtrasada>d__22:MoveNext () (at Assets/scripts/AuditoriaConteudoJogo.cs:148)
UnityEngine.SetupCoroutine:InvokeMoveNext (System.Collections.IEnumerator,intptr)

(Filename: Assets/scripts/AuditoriaConteudoJogo.cs Line: 492)

[AuditoriaConteudo] Heliporto: prefab sem SaveableEntity para save completo
UnityEngine.Debug:ExtractStackTraceNoAlloc (byte*,int,string)
UnityEngine.StackTraceUtility:ExtractStackTrace ()
UnityEngine.DebugLogHandler:Internal_Log (UnityEngine.LogType,UnityEngine.LogOption,string,UnityEngine.Object)
UnityEngine.DebugLogHandler:LogFormat (UnityEngine.LogType,UnityEngine.Object,string,object[])
UnityEngine.Logger:Log (UnityEngine.LogType,object,UnityEngine.Object)
UnityEngine.Debug:LogWarning (object,UnityEngine.Object)
AuditoriaConteudoJogo:Emitir (string,string,int&,int) (at Assets/scripts/AuditoriaConteudoJogo.cs:492)
AuditoriaConteudoJogo:AuditarFicha (DadosConstrucao,int&,int&,int&,int) (at Assets/scripts/AuditoriaConteudoJogo.cs:331)
AuditoriaConteudoJogo:RodarAuditoria () (at Assets/scripts/AuditoriaConteudoJogo.cs:173)
AuditoriaConteudoJogo/<RodarAuditoriaAtrasada>d__22:MoveNext () (at Assets/scripts/AuditoriaConteudoJogo.cs:148)
UnityEngine.SetupCoroutine:InvokeMoveNext (System.Collections.IEnumerator,intptr)

(Filename: Assets/scripts/AuditoriaConteudoJogo.cs Line: 492)

[AuditoriaConteudo] Heliporto: prefab sem SistemaDeDanos
UnityEngine.Debug:ExtractStackTraceNoAlloc (byte*,int,string)
UnityEngine.StackTraceUtility:ExtractStackTrace ()
UnityEngine.DebugLogHandler:Internal_Log (UnityEngine.LogType,UnityEngine.LogOption,string,UnityEngine.Object)
UnityEngine.DebugLogHandler:LogFormat (UnityEngine.LogType,UnityEngine.Object,string,object[])
UnityEngine.Logger:Log (UnityEngine.LogType,object,UnityEngine.Object)
UnityEngine.Debug:LogWarning (object,UnityEngine.Object)
AuditoriaConteudoJogo:Emitir (string,string,int&,int) (at Assets/scripts/AuditoriaConteudoJogo.cs:492)
AuditoriaConteudoJogo:AuditarFicha (DadosConstrucao,int&,int&,int&,int) (at Assets/scripts/AuditoriaConteudoJogo.cs:366)
AuditoriaConteudoJogo:RodarAuditoria () (at Assets/scripts/AuditoriaConteudoJogo.cs:173)
AuditoriaConteudoJogo/<RodarAuditoriaAtrasada>d__22:MoveNext () (at Assets/scripts/AuditoriaConteudoJogo.cs:148)
UnityEngine.SetupCoroutine:InvokeMoveNext (System.Collections.IEnumerator,intptr)

(Filename: Assets/scripts/AuditoriaConteudoJogo.cs Line: 492)

[AuditoriaConteudo] Lancador de Misseis: prefab sem SaveableEntity para save completo
UnityEngine.Debug:ExtractStackTraceNoAlloc (byte*,int,string)
UnityEngine.StackTraceUtility:ExtractStackTrace ()
UnityEngine.DebugLogHandler:Internal_Log (UnityEngine.LogType,UnityEngine.LogOption,string,UnityEngine.Object)
UnityEngine.DebugLogHandler:LogFormat (UnityEngine.LogType,UnityEngine.Object,string,object[])
UnityEngine.Logger:Log (UnityEngine.LogType,object,UnityEngine.Object)
UnityEngine.Debug:LogWarning (object,UnityEngine.Object)
AuditoriaConteudoJogo:Emitir (string,string,int&,int) (at Assets/scripts/AuditoriaConteudoJogo.cs:492)
AuditoriaConteudoJogo:AuditarFicha (DadosConstrucao,int&,int&,int&,int) (at Assets/scripts/AuditoriaConteudoJogo.cs:331)
AuditoriaConteudoJogo:RodarAuditoria () (at Assets/scripts/AuditoriaConteudoJogo.cs:173)
AuditoriaConteudoJogo/<RodarAuditoriaAtrasada>d__22:MoveNext () (at Assets/scripts/AuditoriaConteudoJogo.cs:148)
UnityEngine.SetupCoroutine:InvokeMoveNext (System.Collections.IEnumerator,intptr)

(Filename: Assets/scripts/AuditoriaConteudoJogo.cs Line: 492)

[AuditoriaConteudo] Lancador de Misseis: prefab sem SistemaDeDanos
UnityEngine.Debug:ExtractStackTraceNoAlloc (byte*,int,string)
UnityEngine.StackTraceUtility:ExtractStackTrace ()
UnityEngine.DebugLogHandler:Internal_Log (UnityEngine.LogType,UnityEngine.LogOption,string,UnityEngine.Object)
UnityEngine.DebugLogHandler:LogFormat (UnityEngine.LogType,UnityEngine.Object,string,object[])
UnityEngine.Logger:Log (UnityEngine.LogType,object,UnityEngine.Object)
UnityEngine.Debug:LogWarning (object,UnityEngine.Object)
AuditoriaConteudoJogo:Emitir (string,string,int&,int) (at Assets/scripts/AuditoriaConteudoJogo.cs:492)
AuditoriaConteudoJogo:AuditarFicha (DadosConstrucao,int&,int&,int&,int) (at Assets/scripts/AuditoriaConteudoJogo.cs:366)
AuditoriaConteudoJogo:RodarAuditoria () (at Assets/scripts/AuditoriaConteudoJogo.cs:173)
AuditoriaConteudoJogo/<RodarAuditoriaAtrasada>d__22:MoveNext () (at Assets/scripts/AuditoriaConteudoJogo.cs:148)
UnityEngine.SetupCoroutine:InvokeMoveNext (System.Collections.IEnumerator,intptr)

(Filename: Assets/scripts/AuditoriaConteudoJogo.cs Line: 492)

[AuditoriaConteudo] Muro lateral: prefab sem collider
UnityEngine.Debug:ExtractStackTraceNoAlloc (byte*,int,string)
UnityEngine.StackTraceUtility:ExtractStackTrace ()
UnityEngine.DebugLogHandler:Internal_Log (UnityEngine.LogType,UnityEngine.LogOption,string,UnityEngine.Object)
UnityEngine.DebugLogHandler:LogFormat (UnityEngine.LogType,UnityEngine.Object,string,object[])
UnityEngine.Logger:Log (UnityEngine.LogType,object,UnityEngine.Object)
UnityEngine.Debug:LogWarning (object,UnityEngine.Object)
AuditoriaConteudoJogo:Emitir (string,string,int&,int) (at Assets/scripts/AuditoriaConteudoJogo.cs:492)
AuditoriaConteudoJogo:AuditarFicha (DadosConstrucao,int&,int&,int&,int) (at Assets/scripts/AuditoriaConteudoJogo.cs:324)
AuditoriaConteudoJogo:RodarAuditoria () (at Assets/scripts/AuditoriaConteudoJogo.cs:173)
AuditoriaConteudoJogo/<RodarAuditoriaAtrasada>d__22:MoveNext () (at Assets/scripts/AuditoriaConteudoJogo.cs:148)
UnityEngine.SetupCoroutine:InvokeMoveNext (System.Collections.IEnumerator,intptr)

(Filename: Assets/scripts/AuditoriaConteudoJogo.cs Line: 492)

[AuditoriaConteudo] Muro lateral: prefab sem SaveableEntity para save completo
UnityEngine.Debug:ExtractStackTraceNoAlloc (byte*,int,string)
UnityEngine.StackTraceUtility:ExtractStackTrace ()
UnityEngine.DebugLogHandler:Internal_Log (UnityEngine.LogType,UnityEngine.LogOption,string,UnityEngine.Object)
UnityEngine.DebugLogHandler:LogFormat (UnityEngine.LogType,UnityEngine.Object,string,object[])
UnityEngine.Logger:Log (UnityEngine.LogType,object,UnityEngine.Object)
UnityEngine.Debug:LogWarning (object,UnityEngine.Object)
AuditoriaConteudoJogo:Emitir (string,string,int&,int) (at Assets/scripts/AuditoriaConteudoJogo.cs:492)
AuditoriaConteudoJogo:AuditarFicha (DadosConstrucao,int&,int&,int&,int) (at Assets/scripts/AuditoriaConteudoJogo.cs:331)
AuditoriaConteudoJogo:RodarAuditoria () (at Assets/scripts/AuditoriaConteudoJogo.cs:173)
AuditoriaConteudoJogo/<RodarAuditoriaAtrasada>d__22:MoveNext () (at Assets/scripts/AuditoriaConteudoJogo.cs:148)
UnityEngine.SetupCoroutine:InvokeMoveNext (System.Collections.IEnumerator,intptr)

(Filename: Assets/scripts/AuditoriaConteudoJogo.cs Line: 492)

[AuditoriaConteudo] Muro lateral: prefab sem SistemaDeDanos
UnityEngine.Debug:ExtractStackTraceNoAlloc (byte*,int,string)
UnityEngine.StackTraceUtility:ExtractStackTrace ()
UnityEngine.DebugLogHandler:Internal_Log (UnityEngine.LogType,UnityEngine.LogOption,string,UnityEngine.Object)
UnityEngine.DebugLogHandler:LogFormat (UnityEngine.LogType,UnityEngine.Object,string,object[])
UnityEngine.Logger:Log (UnityEngine.LogType,object,UnityEngine.Object)
UnityEngine.Debug:LogWarning (object,UnityEngine.Object)
AuditoriaConteudoJogo:Emitir (string,string,int&,int) (at Assets/scripts/AuditoriaConteudoJogo.cs:492)
AuditoriaConteudoJogo:AuditarFicha (DadosConstrucao,int&,int&,int&,int) (at Assets/scripts/AuditoriaConteudoJogo.cs:366)
AuditoriaConteudoJogo:RodarAuditoria () (at Assets/scripts/AuditoriaConteudoJogo.cs:173)
AuditoriaConteudoJogo/<RodarAuditoriaAtrasada>d__22:MoveNext () (at Assets/scripts/AuditoriaConteudoJogo.cs:148)
UnityEngine.SetupCoroutine:InvokeMoveNext (System.Collections.IEnumerator,intptr)

(Filename: Assets/scripts/AuditoriaConteudoJogo.cs Line: 492)

[AuditoriaConteudo] rua reta: prefab sem SaveableEntity para save completo
UnityEngine.Debug:ExtractStackTraceNoAlloc (byte*,int,string)
UnityEngine.StackTraceUtility:ExtractStackTrace ()
UnityEngine.DebugLogHandler:Internal_Log (UnityEngine.LogType,UnityEngine.LogOption,string,UnityEngine.Object)
UnityEngine.DebugLogHandler:LogFormat (UnityEngine.LogType,UnityEngine.Object,string,object[])
UnityEngine.Logger:Log (UnityEngine.LogType,object,UnityEngine.Object)
UnityEngine.Debug:LogWarning (object,UnityEngine.Object)
AuditoriaConteudoJogo:Emitir (string,string,int&,int) (at Assets/scripts/AuditoriaConteudoJogo.cs:492)
AuditoriaConteudoJogo:AuditarFicha (DadosConstrucao,int&,int&,int&,int) (at Assets/scripts/AuditoriaConteudoJogo.cs:331)
AuditoriaConteudoJogo:RodarAuditoria () (at Assets/scripts/AuditoriaConteudoJogo.cs:173)
AuditoriaConteudoJogo/<RodarAuditoriaAtrasada>d__22:MoveNext () (at Assets/scripts/AuditoriaConteudoJogo.cs:148)
UnityEngine.SetupCoroutine:InvokeMoveNext (System.Collections.IEnumerator,intptr)

(Filename: Assets/scripts/AuditoriaConteudoJogo.cs Line: 492)

[AuditoriaConteudo] rua reta: prefab sem SistemaDeDanos
UnityEngine.Debug:ExtractStackTraceNoAlloc (byte*,int,string)
UnityEngine.StackTraceUtility:ExtractStackTrace ()
UnityEngine.DebugLogHandler:Internal_Log (UnityEngine.LogType,UnityEngine.LogOption,string,UnityEngine.Object)
UnityEngine.DebugLogHandler:LogFormat (UnityEngine.LogType,UnityEngine.Object,string,object[])
UnityEngine.Logger:Log (UnityEngine.LogType,object,UnityEngine.Object)
UnityEngine.Debug:LogWarning (object,UnityEngine.Object)
AuditoriaConteudoJogo:Emitir (string,string,int&,int) (at Assets/scripts/AuditoriaConteudoJogo.cs:492)
AuditoriaConteudoJogo:AuditarFicha (DadosConstrucao,int&,int&,int&,int) (at Assets/scripts/AuditoriaConteudoJogo.cs:366)
AuditoriaConteudoJogo:RodarAuditoria () (at Assets/scripts/AuditoriaConteudoJogo.cs:173)
AuditoriaConteudoJogo/<RodarAuditoriaAtrasada>d__22:MoveNext () (at Assets/scripts/AuditoriaConteudoJogo.cs:148)
UnityEngine.SetupCoroutine:InvokeMoveNext (System.Collections.IEnumerator,intptr)

(Filename: Assets/scripts/AuditoriaConteudoJogo.cs Line: 492)

[AuditoriaConteudo] Tenda Militar: id estavel duplicado (tenda militar)
UnityEngine.Debug:ExtractStackTraceNoAlloc (byte*,int,string)
UnityEngine.StackTraceUtility:ExtractStackTrace ()
UnityEngine.DebugLogHandler:Internal_Log (UnityEngine.LogType,UnityEngine.LogOption,string,UnityEngine.Object)
UnityEngine.DebugLogHandler:LogFormat (UnityEngine.LogType,UnityEngine.Object,string,object[])
UnityEngine.Logger:Log (UnityEngine.LogType,object,UnityEngine.Object)
UnityEngine.Debug:LogError (object,UnityEngine.Object)
AuditoriaConteudoJogo:Emitir (string,string,int&,int) (at Assets/scripts/AuditoriaConteudoJogo.cs:488)
AuditoriaConteudoJogo:AuditarFicha (DadosConstrucao,int&,int&,int&,int) (at Assets/scripts/AuditoriaConteudoJogo.cs:258)
AuditoriaConteudoJogo:RodarAuditoria () (at Assets/scripts/AuditoriaConteudoJogo.cs:173)
AuditoriaConteudoJogo/<RodarAuditoriaAtrasada>d__22:MoveNext () (at Assets/scripts/AuditoriaConteudoJogo.cs:148)
UnityEngine.SetupCoroutine:InvokeMoveNext (System.Collections.IEnumerator,intptr)

(Filename: Assets/scripts/AuditoriaConteudoJogo.cs Line: 488)

[AuditoriaConteudo] Tenda Militar: id estavel duplicado (tenda militar)
UnityEngine.Debug:ExtractStackTraceNoAlloc (byte*,int,string)
UnityEngine.StackTraceUtility:ExtractStackTrace ()
UnityEngine.DebugLogHandler:Internal_Log (UnityEngine.LogType,UnityEngine.LogOption,string,UnityEngine.Object)
UnityEngine.DebugLogHandler:LogFormat (UnityEngine.LogType,UnityEngine.Object,string,object[])
UnityEngine.Logger:Log (UnityEngine.LogType,object,UnityEngine.Object)
UnityEngine.Debug:LogError (object,UnityEngine.Object)
AuditoriaConteudoJogo:Emitir (string,string,int&,int) (at Assets/scripts/AuditoriaConteudoJogo.cs:488)
AuditoriaConteudoJogo:AuditarFicha (DadosConstrucao,int&,int&,int&,int) (at Assets/scripts/AuditoriaConteudoJogo.cs:258)
AuditoriaConteudoJogo:RodarAuditoria () (at Assets/scripts/AuditoriaConteudoJogo.cs:173)
AuditoriaConteudoJogo/<RodarAuditoriaAtrasada>d__22:MoveNext () (at Assets/scripts/AuditoriaConteudoJogo.cs:148)
UnityEngine.SetupCoroutine:InvokeMoveNext (System.Collections.IEnumerator,intptr)

(Filename: Assets/scripts/AuditoriaConteudoJogo.cs Line: 488)

[AuditoriaConteudo] Tenda Militar: id estavel duplicado (tenda militar)
UnityEngine.Debug:ExtractStackTraceNoAlloc (byte*,int,string)
UnityEngine.StackTraceUtility:ExtractStackTrace ()
UnityEngine.DebugLogHandler:Internal_Log (UnityEngine.LogType,UnityEngine.LogOption,string,UnityEngine.Object)
UnityEngine.DebugLogHandler:LogFormat (UnityEngine.LogType,UnityEngine.Object,string,object[])
UnityEngine.Logger:Log (UnityEngine.LogType,object,UnityEngine.Object)
UnityEngine.Debug:LogError (object,UnityEngine.Object)
AuditoriaConteudoJogo:Emitir (string,string,int&,int) (at Assets/scripts/AuditoriaConteudoJogo.cs:488)
AuditoriaConteudoJogo:AuditarFicha (DadosConstrucao,int&,int&,int&,int) (at Assets/scripts/AuditoriaConteudoJogo.cs:258)
AuditoriaConteudoJogo:RodarAuditoria () (at Assets/scripts/AuditoriaConteudoJogo.cs:173)
AuditoriaConteudoJogo/<RodarAuditoriaAtrasada>d__22:MoveNext () (at Assets/scripts/AuditoriaConteudoJogo.cs:148)
UnityEngine.SetupCoroutine:InvokeMoveNext (System.Collections.IEnumerator,intptr)

(Filename: Assets/scripts/AuditoriaConteudoJogo.cs Line: 488)

[AuditoriaConteudo] Tenda Militar: id estavel duplicado (tenda militar)
UnityEngine.Debug:ExtractStackTraceNoAlloc (byte*,int,string)
UnityEngine.StackTraceUtility:ExtractStackTrace ()
UnityEngine.DebugLogHandler:Internal_Log (UnityEngine.LogType,UnityEngine.LogOption,string,UnityEngine.Object)
UnityEngine.DebugLogHandler:LogFormat (UnityEngine.LogType,UnityEngine.Object,string,object[])
UnityEngine.Logger:Log (UnityEngine.LogType,object,UnityEngine.Object)
UnityEngine.Debug:LogError (object,UnityEngine.Object)
AuditoriaConteudoJogo:Emitir (string,string,int&,int) (at Assets/scripts/AuditoriaConteudoJogo.cs:488)
AuditoriaConteudoJogo:AuditarFicha (DadosConstrucao,int&,int&,int&,int) (at Assets/scripts/AuditoriaConteudoJogo.cs:258)
AuditoriaConteudoJogo:RodarAuditoria () (at Assets/scripts/AuditoriaConteudoJogo.cs:173)
AuditoriaConteudoJogo/<RodarAuditoriaAtrasada>d__22:MoveNext () (at Assets/scripts/AuditoriaConteudoJogo.cs:148)
UnityEngine.SetupCoroutine:InvokeMoveNext (System.Collections.IEnumerator,intptr)

(Filename: Assets/scripts/AuditoriaConteudoJogo.cs Line: 488)

[AuditoriaConteudo] Casa: prefab sem SaveableEntity para save completo
UnityEngine.Debug:ExtractStackTraceNoAlloc (byte*,int,string)
UnityEngine.StackTraceUtility:ExtractStackTrace ()
UnityEngine.DebugLogHandler:Internal_Log (UnityEngine.LogType,UnityEngine.LogOption,string,UnityEngine.Object)
UnityEngine.DebugLogHandler:LogFormat (UnityEngine.LogType,UnityEngine.Object,string,object[])
UnityEngine.Logger:Log (UnityEngine.LogType,object,UnityEngine.Object)
UnityEngine.Debug:LogWarning (object,UnityEngine.Object)
AuditoriaConteudoJogo:Emitir (string,string,int&,int) (at Assets/scripts/AuditoriaConteudoJogo.cs:492)
AuditoriaConteudoJogo:AuditarFicha (DadosConstrucao,int&,int&,int&,int) (at Assets/scripts/AuditoriaConteudoJogo.cs:331)
AuditoriaConteudoJogo:RodarAuditoria () (at Assets/scripts/AuditoriaConteudoJogo.cs:173)
AuditoriaConteudoJogo/<RodarAuditoriaAtrasada>d__22:MoveNext () (at Assets/scripts/AuditoriaConteudoJogo.cs:148)
UnityEngine.SetupCoroutine:InvokeMoveNext (System.Collections.IEnumerator,intptr)

(Filename: Assets/scripts/AuditoriaConteudoJogo.cs Line: 492)

[AuditoriaConteudo] Centro de construcao: prefab sem collider
UnityEngine.Debug:ExtractStackTraceNoAlloc (byte*,int,string)
UnityEngine.StackTraceUtility:ExtractStackTrace ()
UnityEngine.DebugLogHandler:Internal_Log (UnityEngine.LogType,UnityEngine.LogOption,string,UnityEngine.Object)
UnityEngine.DebugLogHandler:LogFormat (UnityEngine.LogType,UnityEngine.Object,string,object[])
UnityEngine.Logger:Log (UnityEngine.LogType,object,UnityEngine.Object)
UnityEngine.Debug:LogWarning (object,UnityEngine.Object)
AuditoriaConteudoJogo:Emitir (string,string,int&,int) (at Assets/scripts/AuditoriaConteudoJogo.cs:492)
AuditoriaConteudoJogo:AuditarFicha (DadosConstrucao,int&,int&,int&,int) (at Assets/scripts/AuditoriaConteudoJogo.cs:324)
AuditoriaConteudoJogo:RodarAuditoria () (at Assets/scripts/AuditoriaConteudoJogo.cs:173)
AuditoriaConteudoJogo/<RodarAuditoriaAtrasada>d__22:MoveNext () (at Assets/scripts/AuditoriaConteudoJogo.cs:148)
UnityEngine.SetupCoroutine:InvokeMoveNext (System.Collections.IEnumerator,intptr)

(Filename: Assets/scripts/AuditoriaConteudoJogo.cs Line: 492)

[AuditoriaConteudo] Centro de construcao: prefab sem SaveableEntity para save completo
UnityEngine.Debug:ExtractStackTraceNoAlloc (byte*,int,string)
UnityEngine.StackTraceUtility:ExtractStackTrace ()
UnityEngine.DebugLogHandler:Internal_Log (UnityEngine.LogType,UnityEngine.LogOption,string,UnityEngine.Object)
UnityEngine.DebugLogHandler:LogFormat (UnityEngine.LogType,UnityEngine.Object,string,object[])
UnityEngine.Logger:Log (UnityEngine.LogType,object,UnityEngine.Object)
UnityEngine.Debug:LogWarning (object,UnityEngine.Object)
AuditoriaConteudoJogo:Emitir (string,string,int&,int) (at Assets/scripts/AuditoriaConteudoJogo.cs:492)
AuditoriaConteudoJogo:AuditarFicha (DadosConstrucao,int&,int&,int&,int) (at Assets/scripts/AuditoriaConteudoJogo.cs:331)
AuditoriaConteudoJogo:RodarAuditoria () (at Assets/scripts/AuditoriaConteudoJogo.cs:173)
AuditoriaConteudoJogo/<RodarAuditoriaAtrasada>d__22:MoveNext () (at Assets/scripts/AuditoriaConteudoJogo.cs:148)
UnityEngine.SetupCoroutine:InvokeMoveNext (System.Collections.IEnumerator,intptr)

(Filename: Assets/scripts/AuditoriaConteudoJogo.cs Line: 492)

[AuditoriaConteudo] Centro de construcao: prefab sem SistemaDeDanos
UnityEngine.Debug:ExtractStackTraceNoAlloc (byte*,int,string)
UnityEngine.StackTraceUtility:ExtractStackTrace ()
UnityEngine.DebugLogHandler:Internal_Log (UnityEngine.LogType,UnityEngine.LogOption,string,UnityEngine.Object)
UnityEngine.DebugLogHandler:LogFormat (UnityEngine.LogType,UnityEngine.Object,string,object[])
UnityEngine.Logger:Log (UnityEngine.LogType,object,UnityEngine.Object)
UnityEngine.Debug:LogWarning (object,UnityEngine.Object)
AuditoriaConteudoJogo:Emitir (string,string,int&,int) (at Assets/scripts/AuditoriaConteudoJogo.cs:492)
AuditoriaConteudoJogo:AuditarFicha (DadosConstrucao,int&,int&,int&,int) (at Assets/scripts/AuditoriaConteudoJogo.cs:366)
AuditoriaConteudoJogo:RodarAuditoria () (at Assets/scripts/AuditoriaConteudoJogo.cs:173)
AuditoriaConteudoJogo/<RodarAuditoriaAtrasada>d__22:MoveNext () (at Assets/scripts/AuditoriaConteudoJogo.cs:148)
UnityEngine.SetupCoroutine:InvokeMoveNext (System.Collections.IEnumerator,intptr)

(Filename: Assets/scripts/AuditoriaConteudoJogo.cs Line: 492)

[AuditoriaConteudo] Predio Hard: prefab sem SaveableEntity para save completo
UnityEngine.Debug:ExtractStackTraceNoAlloc (byte*,int,string)
UnityEngine.StackTraceUtility:ExtractStackTrace ()
UnityEngine.DebugLogHandler:Internal_Log (UnityEngine.LogType,UnityEngine.LogOption,string,UnityEngine.Object)
UnityEngine.DebugLogHandler:LogFormat (UnityEngine.LogType,UnityEngine.Object,string,object[])
UnityEngine.Logger:Log (UnityEngine.LogType,object,UnityEngine.Object)
UnityEngine.Debug:LogWarning (object,UnityEngine.Object)
AuditoriaConteudoJogo:Emitir (string,string,int&,int) (at Assets/scripts/AuditoriaConteudoJogo.cs:492)
AuditoriaConteudoJogo:AuditarFicha (DadosConstrucao,int&,int&,int&,int) (at Assets/scripts/AuditoriaConteudoJogo.cs:331)
AuditoriaConteudoJogo:RodarAuditoria () (at Assets/scripts/AuditoriaConteudoJogo.cs:173)
AuditoriaConteudoJogo/<RodarAuditoriaAtrasada>d__22:MoveNext () (at Assets/scripts/AuditoriaConteudoJogo.cs:148)
UnityEngine.SetupCoroutine:InvokeMoveNext (System.Collections.IEnumerator,intptr)

(Filename: Assets/scripts/AuditoriaConteudoJogo.cs Line: 492)

[AuditoriaConteudo] Predio Medio: prefab sem SaveableEntity para save completo
UnityEngine.Debug:ExtractStackTraceNoAlloc (byte*,int,string)
UnityEngine.StackTraceUtility:ExtractStackTrace ()
UnityEngine.DebugLogHandler:Internal_Log (UnityEngine.LogType,UnityEngine.LogOption,string,UnityEngine.Object)
UnityEngine.DebugLogHandler:LogFormat (UnityEngine.LogType,UnityEngine.Object,string,object[])
UnityEngine.Logger:Log (UnityEngine.LogType,object,UnityEngine.Object)
UnityEngine.Debug:LogWarning (object,UnityEngine.Object)
AuditoriaConteudoJogo:Emitir (string,string,int&,int) (at Assets/scripts/AuditoriaConteudoJogo.cs:492)
AuditoriaConteudoJogo:AuditarFicha (DadosConstrucao,int&,int&,int&,int) (at Assets/scripts/AuditoriaConteudoJogo.cs:331)
AuditoriaConteudoJogo:RodarAuditoria () (at Assets/scripts/AuditoriaConteudoJogo.cs:173)
AuditoriaConteudoJogo/<RodarAuditoriaAtrasada>d__22:MoveNext () (at Assets/scripts/AuditoriaConteudoJogo.cs:148)
UnityEngine.SetupCoroutine:InvokeMoveNext (System.Collections.IEnumerator,intptr)

(Filename: Assets/scripts/AuditoriaConteudoJogo.cs Line: 492)

[AuditoriaConteudo] Predio Medio: prefab sem SistemaDeDanos
UnityEngine.Debug:ExtractStackTraceNoAlloc (byte*,int,string)
UnityEngine.StackTraceUtility:ExtractStackTrace ()
UnityEngine.DebugLogHandler:Internal_Log (UnityEngine.LogType,UnityEngine.LogOption,string,UnityEngine.Object)
UnityEngine.DebugLogHandler:LogFormat (UnityEngine.LogType,UnityEngine.Object,string,object[])
UnityEngine.Logger:Log (UnityEngine.LogType,object,UnityEngine.Object)
UnityEngine.Debug:LogWarning (object,UnityEngine.Object)
AuditoriaConteudoJogo:Emitir (string,string,int&,int) (at Assets/scripts/AuditoriaConteudoJogo.cs:492)
AuditoriaConteudoJogo:AuditarFicha (DadosConstrucao,int&,int&,int&,int) (at Assets/scripts/AuditoriaConteudoJogo.cs:366)
AuditoriaConteudoJogo:RodarAuditoria () (at Assets/scripts/AuditoriaConteudoJogo.cs:173)
AuditoriaConteudoJogo/<RodarAuditoriaAtrasada>d__22:MoveNext () (at Assets/scripts/AuditoriaConteudoJogo.cs:148)
UnityEngine.SetupCoroutine:InvokeMoveNext (System.Collections.IEnumerator,intptr)

(Filename: Assets/scripts/AuditoriaConteudoJogo.cs Line: 492)

[AuditoriaConteudo] Vilage medio: prefab sem SaveableEntity para save completo
UnityEngine.Debug:ExtractStackTraceNoAlloc (byte*,int,string)
UnityEngine.StackTraceUtility:ExtractStackTrace ()
UnityEngine.DebugLogHandler:Internal_Log (UnityEngine.LogType,UnityEngine.LogOption,string,UnityEngine.Object)
UnityEngine.DebugLogHandler:LogFormat (UnityEngine.LogType,UnityEngine.Object,string,object[])
UnityEngine.Logger:Log (UnityEngine.LogType,object,UnityEngine.Object)
UnityEngine.Debug:LogWarning (object,UnityEngine.Object)
AuditoriaConteudoJogo:Emitir (string,string,int&,int) (at Assets/scripts/AuditoriaConteudoJogo.cs:492)
AuditoriaConteudoJogo:AuditarFicha (DadosConstrucao,int&,int&,int&,int) (at Assets/scripts/AuditoriaConteudoJogo.cs:331)
AuditoriaConteudoJogo:RodarAuditoria () (at Assets/scripts/AuditoriaConteudoJogo.cs:173)
AuditoriaConteudoJogo/<RodarAuditoriaAtrasada>d__22:MoveNext () (at Assets/scripts/AuditoriaConteudoJogo.cs:148)
UnityEngine.SetupCoroutine:InvokeMoveNext (System.Collections.IEnumerator,intptr)

(Filename: Assets/scripts/AuditoriaConteudoJogo.cs Line: 492)

[AuditoriaConteudo] Usina Grande: prefab ausente ou corrompido
UnityEngine.Debug:ExtractStackTraceNoAlloc (byte*,int,string)
UnityEngine.StackTraceUtility:ExtractStackTrace ()
UnityEngine.DebugLogHandler:Internal_Log (UnityEngine.LogType,UnityEngine.LogOption,string,UnityEngine.Object)
UnityEngine.DebugLogHandler:LogFormat (UnityEngine.LogType,UnityEngine.Object,string,object[])
UnityEngine.Logger:Log (UnityEngine.LogType,object,UnityEngine.Object)
UnityEngine.Debug:LogError (object,UnityEngine.Object)
AuditoriaConteudoJogo:Emitir (string,string,int&,int) (at Assets/scripts/AuditoriaConteudoJogo.cs:488)
AuditoriaConteudoJogo:AuditarFicha (DadosConstrucao,int&,int&,int&,int) (at Assets/scripts/AuditoriaConteudoJogo.cs:294)
AuditoriaConteudoJogo:RodarAuditoria () (at Assets/scripts/AuditoriaConteudoJogo.cs:173)
AuditoriaConteudoJogo/<RodarAuditoriaAtrasada>d__22:MoveNext () (at Assets/scripts/AuditoriaConteudoJogo.cs:148)
UnityEngine.SetupCoroutine:InvokeMoveNext (System.Collections.IEnumerator,intptr)

(Filename: Assets/scripts/AuditoriaConteudoJogo.cs Line: 488)

[AuditoriaConteudo] Nara Aviao Bombardeiro Antigo: prefab ausente ou corrompido (Ignorado)
UnityEngine.Debug:ExtractStackTraceNoAlloc (byte*,int,string)
UnityEngine.StackTraceUtility:ExtractStackTrace ()
UnityEngine.DebugLogHandler:Internal_Log (UnityEngine.LogType,UnityEngine.LogOption,string,UnityEngine.Object)
UnityEngine.DebugLogHandler:LogFormat (UnityEngine.LogType,UnityEngine.Object,string,object[])
UnityEngine.Logger:Log (UnityEngine.LogType,object,UnityEngine.Object)
UnityEngine.Debug:LogWarning (object,UnityEngine.Object)
AuditoriaConteudoJogo:Emitir (string,string,int&,int) (at Assets/scripts/AuditoriaConteudoJogo.cs:492)
AuditoriaConteudoJogo:AuditarFicha (DadosConstrucao,int&,int&,int&,int) (at Assets/scripts/AuditoriaConteudoJogo.cs:289)
AuditoriaConteudoJogo:RodarAuditoria () (at Assets/scripts/AuditoriaConteudoJogo.cs:173)
AuditoriaConteudoJogo/<RodarAuditoriaAtrasada>d__22:MoveNext () (at Assets/scripts/AuditoriaConteudoJogo.cs:148)
UnityEngine.SetupCoroutine:InvokeMoveNext (System.Collections.IEnumerator,intptr)

(Filename: Assets/scripts/AuditoriaConteudoJogo.cs Line: 492)

[AuditoriaConteudo] Nome da Unidade: prefab ausente ou corrompido
UnityEngine.Debug:ExtractStackTraceNoAlloc (byte*,int,string)
UnityEngine.StackTraceUtility:ExtractStackTrace ()
UnityEngine.DebugLogHandler:Internal_Log (UnityEngine.LogType,UnityEngine.LogOption,string,UnityEngine.Object)
UnityEngine.DebugLogHandler:LogFormat (UnityEngine.LogType,UnityEngine.Object,string,object[])
UnityEngine.Logger:Log (UnityEngine.LogType,object,UnityEngine.Object)
UnityEngine.Debug:LogError (object,UnityEngine.Object)
AuditoriaConteudoJogo:Emitir (string,string,int&,int) (at Assets/scripts/AuditoriaConteudoJogo.cs:488)
AuditoriaConteudoJogo:AuditarFicha (DadosConstrucao,int&,int&,int&,int) (at Assets/scripts/AuditoriaConteudoJogo.cs:294)
AuditoriaConteudoJogo:RodarAuditoria () (at Assets/scripts/AuditoriaConteudoJogo.cs:173)
AuditoriaConteudoJogo/<RodarAuditoriaAtrasada>d__22:MoveNext () (at Assets/scripts/AuditoriaConteudoJogo.cs:148)
UnityEngine.SetupCoroutine:InvokeMoveNext (System.Collections.IEnumerator,intptr)

(Filename: Assets/scripts/AuditoriaConteudoJogo.cs Line: 488)

[AuditoriaConteudo] Gate de conteudo bloqueado: fichas=87 erros=21 avisos=59 cena=
UnityEngine.Debug:ExtractStackTraceNoAlloc (byte*,int,string)
UnityEngine.StackTraceUtility:ExtractStackTrace ()
UnityEngine.DebugLogHandler:Internal_Log (UnityEngine.LogType,UnityEngine.LogOption,string,UnityEngine.Object)
UnityEngine.DebugLogHandler:LogFormat (UnityEngine.LogType,UnityEngine.Object,string,object[])
UnityEngine.Logger:Log (UnityEngine.LogType,object,UnityEngine.Object)
UnityEngine.Debug:LogError (object,UnityEngine.Object)
AuditoriaConteudoJogo:RodarAuditoria () (at Assets/scripts/AuditoriaConteudoJogo.cs:193)
AuditoriaConteudoJogo/<RodarAuditoriaAtrasada>d__22:MoveNext () (at Assets/scripts/AuditoriaConteudoJogo.cs:148)
UnityEngine.SetupCoroutine:InvokeMoveNext (System.Collections.IEnumerator,intptr)

(Filename: Assets/scripts/AuditoriaConteudoJogo.cs Line: 193)

Asset Pipeline Refresh (id=53fff0ed3fc1a2b41bcdbff2885c6fa6): Total: 0.182 seconds - Initiated by RefreshV2(NoUpdateAssetOptions)
Shader 'WFX/Transparent Specular': fallback shader 'Particles/Alpha Blended' not found
Shader Hidden/ProbeVolume/VoxelizeScene is not supported: GPU does not support conservative rasterization
Shader 'WFX/Transparent Diffuse': fallback shader 'Particles/Alpha Blended' not found
[MODES] ModeService[none].Initialize
[MODES] ModeService[none].LoadModes
[20:53:39] Entered Play Mode.
UnityEngine.Debug:ExtractStackTraceNoAlloc (byte*,int,string)
UnityEngine.StackTraceUtility:ExtractStackTrace ()
UnityEngine.DebugLogHandler:Internal_Log (UnityEngine.LogType,UnityEngine.LogOption,string,UnityEngine.Object)
UnityEngine.DebugLogHandler:LogFormat (UnityEngine.LogType,UnityEngine.Object,string,object[])
UnityEngine.Logger:Log (UnityEngine.LogType,object)
UnityEngine.Debug:Log (object)
Hegemonia.EditorTools.IA01PlayModeTestRunner:TraceLine (string) (at Assets/scripts/Editor/IA01PlayModeTestRunner.cs:769)
Hegemonia.EditorTools.IA01PlayModeTestRunner:StartRun () (at Assets/scripts/Editor/IA01PlayModeTestRunner.cs:178)
Hegemonia.EditorTools.IA01PlayModeTestRunner:Tick () (at Assets/scripts/Editor/IA01PlayModeTestRunner.cs:155)
UnityEditor.EditorApplication:Internal_CallUpdateFunctions ()

(Filename: Assets/scripts/Editor/IA01PlayModeTestRunner.cs Line: 769)

[20:53:39] Stage -> LoadMenu | Preparing fresh campaign.
UnityEngine.Debug:ExtractStackTraceNoAlloc (byte*,int,string)
UnityEngine.StackTraceUtility:ExtractStackTrace ()
UnityEngine.DebugLogHandler:Internal_Log (UnityEngine.LogType,UnityEngine.LogOption,string,UnityEngine.Object)
UnityEngine.DebugLogHandler:LogFormat (UnityEngine.LogType,UnityEngine.Object,string,object[])
UnityEngine.Logger:Log (UnityEngine.LogType,object)
UnityEngine.Debug:Log (object)
Hegemonia.EditorTools.IA01PlayModeTestRunner:TraceLine (string) (at Assets/scripts/Editor/IA01PlayModeTestRunner.cs:769)
Hegemonia.EditorTools.IA01PlayModeTestRunner:SetStage (Hegemonia.EditorTools.IA01PlayModeTestRunner/Stage,string) (at Assets/scripts/Editor/IA01PlayModeTestRunner.cs:486)
Hegemonia.EditorTools.IA01PlayModeTestRunner:Advance () (at Assets/scripts/Editor/IA01PlayModeTestRunner.cs:199)
Hegemonia.EditorTools.IA01PlayModeTestRunner:Tick () (at Assets/scripts/Editor/IA01PlayModeTestRunner.cs:163)
UnityEditor.EditorApplication:Internal_CallUpdateFunctions ()

(Filename: Assets/scripts/Editor/IA01PlayModeTestRunner.cs Line: 769)

Created GICache directory at C:/Users/Mathe/AppData/LocalLow/Unity/Caches/GiCache. Took: 0.029s, timestamps: [33.699 - 33.728]
[20:53:40] Loading menu scene.
UnityEngine.Debug:ExtractStackTraceNoAlloc (byte*,int,string)
UnityEngine.StackTraceUtility:ExtractStackTrace ()
UnityEngine.DebugLogHandler:Internal_Log (UnityEngine.LogType,UnityEngine.LogOption,string,UnityEngine.Object)
UnityEngine.DebugLogHandler:LogFormat (UnityEngine.LogType,UnityEngine.Object,string,object[])
UnityEngine.Logger:Log (UnityEngine.LogType,object)
UnityEngine.Debug:Log (object)
Hegemonia.EditorTools.IA01PlayModeTestRunner:TraceLine (string) (at Assets/scripts/Editor/IA01PlayModeTestRunner.cs:769)
Hegemonia.EditorTools.IA01PlayModeTestRunner:Advance () (at Assets/scripts/Editor/IA01PlayModeTestRunner.cs:205)
Hegemonia.EditorTools.IA01PlayModeTestRunner:Tick () (at Assets/scripts/Editor/IA01PlayModeTestRunner.cs:163)
UnityEditor.EditorApplication:Internal_CallUpdateFunctions ()

(Filename: Assets/scripts/Editor/IA01PlayModeTestRunner.cs Line: 769)

The referenced script (Unknown) on this Behaviour is missing!
Unloading 330 Unused Serialized files (Serialized files now loaded: 0)
UnloadTime: 25.730200 ms
Worker ready: AssetImportWorker0 0
Loaded scene 'Assets/_Recovery/Menu/Menu cena.unity'
	Deserialize:            103.749 ms
	Integration:            647.485 ms
	Integration of assets:  18.220 ms
	Thread Wait Time:       7.506 ms
	Total Operation Time:   776.960 ms
Unloading 2750 unused Assets / (65.2 MB). Loaded Objects now: 42392.
Memory consumption went from 0.74 GB to 0.67 GB.
Total: 38.237900 ms (FindLiveObjects: 4.904000 ms CreateObjectMapping: 4.220200 ms MarkObjects: 23.420200 ms  DeleteObjects: 5.691400 ms)

[20:53:41] Stage -> WaitMenu | Menu scene active.
UnityEngine.Debug:ExtractStackTraceNoAlloc (byte*,int,string)
UnityEngine.StackTraceUtility:ExtractStackTrace ()
UnityEngine.DebugLogHandler:Internal_Log (UnityEngine.LogType,UnityEngine.LogOption,string,UnityEngine.Object)
UnityEngine.DebugLogHandler:LogFormat (UnityEngine.LogType,UnityEngine.Object,string,object[])
UnityEngine.Logger:Log (UnityEngine.LogType,object)
UnityEngine.Debug:Log (object)
Hegemonia.EditorTools.IA01PlayModeTestRunner:TraceLine (string) (at Assets/scripts/Editor/IA01PlayModeTestRunner.cs:769)
Hegemonia.EditorTools.IA01PlayModeTestRunner:SetStage (Hegemonia.EditorTools.IA01PlayModeTestRunner/Stage,string) (at Assets/scripts/Editor/IA01PlayModeTestRunner.cs:486)
Hegemonia.EditorTools.IA01PlayModeTestRunner:Advance () (at Assets/scripts/Editor/IA01PlayModeTestRunner.cs:210)
Hegemonia.EditorTools.IA01PlayModeTestRunner:Tick () (at Assets/scripts/Editor/IA01PlayModeTestRunner.cs:163)
UnityEditor.EditorApplication:Internal_CallUpdateFunctions ()

(Filename: Assets/scripts/Editor/IA01PlayModeTestRunner.cs Line: 769)

[20:53:42] Menu controller found: MenuInicialController.
UnityEngine.Debug:ExtractStackTraceNoAlloc (byte*,int,string)
UnityEngine.StackTraceUtility:ExtractStackTrace ()
UnityEngine.DebugLogHandler:Internal_Log (UnityEngine.LogType,UnityEngine.LogOption,string,UnityEngine.Object)
UnityEngine.DebugLogHandler:LogFormat (UnityEngine.LogType,UnityEngine.Object,string,object[])
UnityEngine.Logger:Log (UnityEngine.LogType,object)
UnityEngine.Debug:Log (object)
Hegemonia.EditorTools.IA01PlayModeTestRunner:TraceLine (string) (at Assets/scripts/Editor/IA01PlayModeTestRunner.cs:769)
Hegemonia.EditorTools.IA01PlayModeTestRunner:Advance () (at Assets/scripts/Editor/IA01PlayModeTestRunner.cs:220)
Hegemonia.EditorTools.IA01PlayModeTestRunner:Tick () (at Assets/scripts/Editor/IA01PlayModeTestRunner.cs:163)
UnityEditor.EditorApplication:Internal_CallUpdateFunctions ()

(Filename: Assets/scripts/Editor/IA01PlayModeTestRunner.cs Line: 769)

[20:53:42] Stage -> StartCampaign | Invoking new campaign.
UnityEngine.Debug:ExtractStackTraceNoAlloc (byte*,int,string)
UnityEngine.StackTraceUtility:ExtractStackTrace ()
UnityEngine.DebugLogHandler:Internal_Log (UnityEngine.LogType,UnityEngine.LogOption,string,UnityEngine.Object)
UnityEngine.DebugLogHandler:LogFormat (UnityEngine.LogType,UnityEngine.Object,string,object[])
UnityEngine.Logger:Log (UnityEngine.LogType,object)
UnityEngine.Debug:Log (object)
Hegemonia.EditorTools.IA01PlayModeTestRunner:TraceLine (string) (at Assets/scripts/Editor/IA01PlayModeTestRunner.cs:769)
Hegemonia.EditorTools.IA01PlayModeTestRunner:SetStage (Hegemonia.EditorTools.IA01PlayModeTestRunner/Stage,string) (at Assets/scripts/Editor/IA01PlayModeTestRunner.cs:486)
Hegemonia.EditorTools.IA01PlayModeTestRunner:Advance () (at Assets/scripts/Editor/IA01PlayModeTestRunner.cs:221)
Hegemonia.EditorTools.IA01PlayModeTestRunner:Tick () (at Assets/scripts/Editor/IA01PlayModeTestRunner.cs:163)
UnityEditor.EditorApplication:Internal_CallUpdateFunctions ()

(Filename: Assets/scripts/Editor/IA01PlayModeTestRunner.cs Line: 769)

[20:53:42] Calling Btn_NovaCampanha().
UnityEngine.Debug:ExtractStackTraceNoAlloc (byte*,int,string)
UnityEngine.StackTraceUtility:ExtractStackTrace ()
UnityEngine.DebugLogHandler:Internal_Log (UnityEngine.LogType,UnityEngine.LogOption,string,UnityEngine.Object)
UnityEngine.DebugLogHandler:LogFormat (UnityEngine.LogType,UnityEngine.Object,string,object[])
UnityEngine.Logger:Log (UnityEngine.LogType,object)
UnityEngine.Debug:Log (object)
Hegemonia.EditorTools.IA01PlayModeTestRunner:TraceLine (string) (at Assets/scripts/Editor/IA01PlayModeTestRunner.cs:769)
Hegemonia.EditorTools.IA01PlayModeTestRunner:Advance () (at Assets/scripts/Editor/IA01PlayModeTestRunner.cs:235)
Hegemonia.EditorTools.IA01PlayModeTestRunner:Tick () (at Assets/scripts/Editor/IA01PlayModeTestRunner.cs:163)
UnityEditor.EditorApplication:Internal_CallUpdateFunctions ()

(Filename: Assets/scripts/Editor/IA01PlayModeTestRunner.cs Line: 769)

[20:53:42] Stage -> WaitWorld | Campaign requested.
UnityEngine.Debug:ExtractStackTraceNoAlloc (byte*,int,string)
UnityEngine.StackTraceUtility:ExtractStackTrace ()
UnityEngine.DebugLogHandler:Internal_Log (UnityEngine.LogType,UnityEngine.LogOption,string,UnityEngine.Object)
UnityEngine.DebugLogHandler:LogFormat (UnityEngine.LogType,UnityEngine.Object,string,object[])
UnityEngine.Logger:Log (UnityEngine.LogType,object)
UnityEngine.Debug:Log (object)
Hegemonia.EditorTools.IA01PlayModeTestRunner:TraceLine (string) (at Assets/scripts/Editor/IA01PlayModeTestRunner.cs:769)
Hegemonia.EditorTools.IA01PlayModeTestRunner:SetStage (Hegemonia.EditorTools.IA01PlayModeTestRunner/Stage,string) (at Assets/scripts/Editor/IA01PlayModeTestRunner.cs:486)
Hegemonia.EditorTools.IA01PlayModeTestRunner:Advance () (at Assets/scripts/Editor/IA01PlayModeTestRunner.cs:237)
Hegemonia.EditorTools.IA01PlayModeTestRunner:Tick () (at Assets/scripts/Editor/IA01PlayModeTestRunner.cs:163)
UnityEditor.EditorApplication:Internal_CallUpdateFunctions ()

(Filename: Assets/scripts/Editor/IA01PlayModeTestRunner.cs Line: 769)

The referenced script (Unknown) on this Behaviour is missing!
The referenced script (Unknown) on this Behaviour is missing!
The referenced script (Unknown) on this Behaviour is missing!
Broken text PPtr in file(Assets/Scenes/SampleScene.unity). Local file identifier (772069074) doesn't exist!
The referenced script (Unknown) on this Behaviour is missing!
The referenced script (Unknown) on this Behaviour is missing!
The referenced script (Unknown) on this Behaviour is missing!
The referenced script (Unknown) on this Behaviour is missing!
The referenced script (Unknown) on this Behaviour is missing!
The referenced script (Unknown) on this Behaviour is missing!
Unloading 256 Unused Serialized files (Serialized files now loaded: 0)
UnloadTime: 18.064100 ms
Failed to create agent because there is no valid NavMesh
Failed to create agent because there is no valid NavMesh
Problem detected while opening the Scene file: 'Assets/Scenes/SampleScene.unity'.
Check the following logs for more details.
Prefab instance problem. Missing Prefab Asset: 'building1_Var1 (Missing Prefab with guid: 3c3eec1a713af724bab66a04cabd0c85)'
Prefab instance problem. Missing Prefab Asset: 'Plataforma de petroleo (Missing Prefab with guid: 5e87edf62f9c2604aba4d806190464ba)'
Loaded scene 'Assets/Scenes/SampleScene.unity'
	Deserialize:            251.259 ms
	Integration:            1071.265 ms
	Integration of assets:  33.270 ms
	Thread Wait Time:       5.554 ms
	Total Operation Time:   1361.348 ms
Unloading 2743 unused Assets / (29.0 MB). Loaded Objects now: 47415.
Memory consumption went from 0.76 GB to 0.73 GB.
Total: 40.244500 ms (FindLiveObjects: 5.164800 ms CreateObjectMapping: 5.191200 ms MarkObjects: 25.421700 ms  DeleteObjects: 4.464500 ms)

[TorreDeControle] Painel de Comando UI não atribuído (opcional).
UnityEngine.Debug:ExtractStackTraceNoAlloc (byte*,int,string)
UnityEngine.StackTraceUtility:ExtractStackTrace ()
UnityEngine.DebugLogHandler:Internal_Log (UnityEngine.LogType,UnityEngine.LogOption,string,UnityEngine.Object)
UnityEngine.DebugLogHandler:LogFormat (UnityEngine.LogType,UnityEngine.Object,string,object[])
UnityEngine.Logger:Log (UnityEngine.LogType,object)
UnityEngine.Debug:Log (object)
TorreDeControle:Start () (at Assets/scripts/TorreDeControle.cs:49)

(Filename: Assets/scripts/TorreDeControle.cs Line: 49)

Launched and connected shader compiler UnityShaderCompiler.exe after 0.02 seconds
The character with Unicode value \u25C6 was not found in the [LiberationSans SDF] font asset or any potential fallbacks. It was replaced by Unicode character \u25A1 in text object [Icone_Header].
UnityEngine.Debug:ExtractStackTraceNoAlloc (byte*,int,string)
UnityEngine.StackTraceUtility:ExtractStackTrace ()
UnityEngine.DebugLogHandler:Internal_Log (UnityEngine.LogType,UnityEngine.LogOption,string,UnityEngine.Object)
UnityEngine.DebugLogHandler:LogFormat (UnityEngine.LogType,UnityEngine.Object,string,object[])
UnityEngine.Logger:Log (UnityEngine.LogType,object,UnityEngine.Object)
UnityEngine.Debug:LogWarning (object,UnityEngine.Object)
TMPro.TextMeshProUGUI:SetArraySizes (TMPro.TMP_Text/TextProcessingElement[]) (at ./Library/PackageCache/com.unity.ugui@3ed76cad4655/Runtime/TMP/TextMeshProUGUI.cs:2010)
TMPro.TMP_Text:ParseInputText () (at ./Library/PackageCache/com.unity.ugui@3ed76cad4655/Runtime/TMP/TMP_Text.cs:2044)
TMPro.TextMeshProUGUI:OnPreRenderCanvas () (at ./Library/PackageCache/com.unity.ugui@3ed76cad4655/Runtime/TMP/TextMeshProUGUI.cs:2494)
TMPro.TextMeshProUGUI:Rebuild (UnityEngine.UI.CanvasUpdate) (at ./Library/PackageCache/com.unity.ugui@3ed76cad4655/Runtime/TMP/TextMeshProUGUI.cs:227)
UnityEngine.UI.CanvasUpdateRegistry:PerformUpdate () (at ./Library/PackageCache/com.unity.ugui@3ed76cad4655/Runtime/UGUI/UI/Core/CanvasUpdateRegistry.cs:215)
UnityEngine.Canvas:SendWillRenderCanvases ()

(Filename: ./Library/PackageCache/com.unity.ugui@3ed76cad4655/Runtime/TMP/TextMeshProUGUI.cs Line: 2010)

The character with Unicode value \u2304 was not found in the [LiberationSans SDF] font asset or any potential fallbacks. It was replaced by Unicode character \u25A1 in text object [Seta].
UnityEngine.Debug:ExtractStackTraceNoAlloc (byte*,int,string)
UnityEngine.StackTraceUtility:ExtractStackTrace ()
UnityEngine.DebugLogHandler:Internal_Log (UnityEngine.LogType,UnityEngine.LogOption,string,UnityEngine.Object)
UnityEngine.DebugLogHandler:LogFormat (UnityEngine.LogType,UnityEngine.Object,string,object[])
UnityEngine.Logger:Log (UnityEngine.LogType,object,UnityEngine.Object)
UnityEngine.Debug:LogWarning (object,UnityEngine.Object)
TMPro.TextMeshProUGUI:SetArraySizes (TMPro.TMP_Text/TextProcessingElement[]) (at ./Library/PackageCache/com.unity.ugui@3ed76cad4655/Runtime/TMP/TextMeshProUGUI.cs:2010)
TMPro.TMP_Text:ParseInputText () (at ./Library/PackageCache/com.unity.ugui@3ed76cad4655/Runtime/TMP/TMP_Text.cs:2044)
TMPro.TextMeshProUGUI:OnPreRenderCanvas () (at ./Library/PackageCache/com.unity.ugui@3ed76cad4655/Runtime/TMP/TextMeshProUGUI.cs:2494)
TMPro.TextMeshProUGUI:Rebuild (UnityEngine.UI.CanvasUpdate) (at ./Library/PackageCache/com.unity.ugui@3ed76cad4655/Runtime/TMP/TextMeshProUGUI.cs:227)
UnityEngine.UI.CanvasUpdateRegistry:PerformUpdate () (at ./Library/PackageCache/com.unity.ugui@3ed76cad4655/Runtime/UGUI/UI/Core/CanvasUpdateRegistry.cs:215)
UnityEngine.Canvas:SendWillRenderCanvases ()

(Filename: ./Library/PackageCache/com.unity.ugui@3ed76cad4655/Runtime/TMP/TextMeshProUGUI.cs Line: 2010)

The character with Unicode value \u2304 was not found in the [LiberationSans SDF] font asset or any potential fallbacks. It was replaced by Unicode character \u25A1 in text object [Seta].
UnityEngine.Debug:ExtractStackTraceNoAlloc (byte*,int,string)
UnityEngine.StackTraceUtility:ExtractStackTrace ()
UnityEngine.DebugLogHandler:Internal_Log (UnityEngine.LogType,UnityEngine.LogOption,string,UnityEngine.Object)
UnityEngine.DebugLogHandler:LogFormat (UnityEngine.LogType,UnityEngine.Object,string,object[])
UnityEngine.Logger:Log (UnityEngine.LogType,object,UnityEngine.Object)
UnityEngine.Debug:LogWarning (object,UnityEngine.Object)
TMPro.TextMeshProUGUI:SetArraySizes (TMPro.TMP_Text/TextProcessingElement[]) (at ./Library/PackageCache/com.unity.ugui@3ed76cad4655/Runtime/TMP/TextMeshProUGUI.cs:2010)
TMPro.TMP_Text:ParseInputText () (at ./Library/PackageCache/com.unity.ugui@3ed76cad4655/Runtime/TMP/TMP_Text.cs:2044)
TMPro.TextMeshProUGUI:OnPreRenderCanvas () (at ./Library/PackageCache/com.unity.ugui@3ed76cad4655/Runtime/TMP/TextMeshProUGUI.cs:2494)
TMPro.TextMeshProUGUI:Rebuild (UnityEngine.UI.CanvasUpdate) (at ./Library/PackageCache/com.unity.ugui@3ed76cad4655/Runtime/TMP/TextMeshProUGUI.cs:227)
UnityEngine.UI.CanvasUpdateRegistry:PerformUpdate () (at ./Library/PackageCache/com.unity.ugui@3ed76cad4655/Runtime/UGUI/UI/Core/CanvasUpdateRegistry.cs:215)
UnityEngine.Canvas:SendWillRenderCanvases ()

(Filename: ./Library/PackageCache/com.unity.ugui@3ed76cad4655/Runtime/TMP/TextMeshProUGUI.cs Line: 2010)

The character with Unicode value \u25C7 was not found in the [LiberationSans SDF] font asset or any potential fallbacks. It was replaced by Unicode character \u25A1 in text object [Icone_Header].
UnityEngine.Debug:ExtractStackTraceNoAlloc (byte*,int,string)
UnityEngine.StackTraceUtility:ExtractStackTrace ()
UnityEngine.DebugLogHandler:Internal_Log (UnityEngine.LogType,UnityEngine.LogOption,string,UnityEngine.Object)
UnityEngine.DebugLogHandler:LogFormat (UnityEngine.LogType,UnityEngine.Object,string,object[])
UnityEngine.Logger:Log (UnityEngine.LogType,object,UnityEngine.Object)
UnityEngine.Debug:LogWarning (object,UnityEngine.Object)
TMPro.TextMeshProUGUI:SetArraySizes (TMPro.TMP_Text/TextProcessingElement[]) (at ./Library/PackageCache/com.unity.ugui@3ed76cad4655/Runtime/TMP/TextMeshProUGUI.cs:2010)
TMPro.TMP_Text:ParseInputText () (at ./Library/PackageCache/com.unity.ugui@3ed76cad4655/Runtime/TMP/TMP_Text.cs:2044)
TMPro.TextMeshProUGUI:OnPreRenderCanvas () (at ./Library/PackageCache/com.unity.ugui@3ed76cad4655/Runtime/TMP/TextMeshProUGUI.cs:2494)
TMPro.TextMeshProUGUI:Rebuild (UnityEngine.UI.CanvasUpdate) (at ./Library/PackageCache/com.unity.ugui@3ed76cad4655/Runtime/TMP/TextMeshProUGUI.cs:227)
UnityEngine.UI.CanvasUpdateRegistry:PerformUpdate () (at ./Library/PackageCache/com.unity.ugui@3ed76cad4655/Runtime/UGUI/UI/Core/CanvasUpdateRegistry.cs:215)
UnityEngine.Canvas:SendWillRenderCanvases ()

(Filename: ./Library/PackageCache/com.unity.ugui@3ed76cad4655/Runtime/TMP/TextMeshProUGUI.cs Line: 2010)

The character with Unicode value \u2304 was not found in the [LiberationSans SDF] font asset or any potential fallbacks. It was replaced by Unicode character \u25A1 in text object [Seta].
UnityEngine.Debug:ExtractStackTraceNoAlloc (byte*,int,string)
UnityEngine.StackTraceUtility:ExtractStackTrace ()
UnityEngine.DebugLogHandler:Internal_Log (UnityEngine.LogType,UnityEngine.LogOption,string,UnityEngine.Object)
UnityEngine.DebugLogHandler:LogFormat (UnityEngine.LogType,UnityEngine.Object,string,object[])
UnityEngine.Logger:Log (UnityEngine.LogType,object,UnityEngine.Object)
UnityEngine.Debug:LogWarning (object,UnityEngine.Object)
TMPro.TextMeshProUGUI:SetArraySizes (TMPro.TMP_Text/TextProcessingElement[]) (at ./Library/PackageCache/com.unity.ugui@3ed76cad4655/Runtime/TMP/TextMeshProUGUI.cs:2010)
TMPro.TMP_Text:ParseInputText () (at ./Library/PackageCache/com.unity.ugui@3ed76cad4655/Runtime/TMP/TMP_Text.cs:2044)
TMPro.TextMeshProUGUI:OnPreRenderCanvas () (at ./Library/PackageCache/com.unity.ugui@3ed76cad4655/Runtime/TMP/TextMeshProUGUI.cs:2494)
TMPro.TextMeshProUGUI:Rebuild (UnityEngine.UI.CanvasUpdate) (at ./Library/PackageCache/com.unity.ugui@3ed76cad4655/Runtime/TMP/TextMeshProUGUI.cs:227)
UnityEngine.UI.CanvasUpdateRegistry:PerformUpdate () (at ./Library/PackageCache/com.unity.ugui@3ed76cad4655/Runtime/UGUI/UI/Core/CanvasUpdateRegistry.cs:215)
UnityEngine.Canvas:SendWillRenderCanvases ()

(Filename: ./Library/PackageCache/com.unity.ugui@3ed76cad4655/Runtime/TMP/TextMeshProUGUI.cs Line: 2010)

DontDestroyOnLoad only works for root GameObjects or components on root GameObjects.
UnityEngine.Debug:ExtractStackTraceNoAlloc (byte*,int,string)
UnityEngine.StackTraceUtility:ExtractStackTrace ()
UnityEngine.Object:DontDestroyOnLoad (UnityEngine.Object)
Hegemonia.AI.IA01.IA01Controller:Awake () (at Assets/scripts/IA01/IA01Controller.cs:94)
UnityEngine.GameObject:Internal_AddComponentWithType (System.Type)
UnityEngine.GameObject:AddComponent (System.Type)
UnityEngine.GameObject:AddComponent<Hegemonia.AI.IA01.IA01Controller> ()
Hegemonia.AI.IA01.IA01Manager:CreateControllerFromGovernment (DadosPaisGoverno) (at Assets/scripts/IA01/IA01Manager.cs:317)
System.Reflection.RuntimeMethodInfo:Invoke (object,System.Reflection.BindingFlags,System.Reflection.Binder,object[],System.Globalization.CultureInfo)
System.Reflection.MethodBase:Invoke (object,object[])
Hegemonia.EditorTools.IA01PlayModeTestRunner:InvokeInstance (object,string,object[]) (at Assets/scripts/Editor/IA01PlayModeTestRunner.cs:936)
Hegemonia.EditorTools.IA01PlayModeTestRunner:ResolveController (object) (at Assets/scripts/Editor/IA01PlayModeTestRunner.cs:592)
Hegemonia.EditorTools.IA01PlayModeTestRunner:Advance () (at Assets/scripts/Editor/IA01PlayModeTestRunner.cs:247)
Hegemonia.EditorTools.IA01PlayModeTestRunner:Tick () (at Assets/scripts/Editor/IA01PlayModeTestRunner.cs:163)
UnityEditor.EditorApplication:Internal_CallUpdateFunctions ()

[Assets/scripts/IA01/IA01Manager.cs line 317]

[20:53:44] IA01 manager/controller/runtime resolved.
UnityEngine.Debug:ExtractStackTraceNoAlloc (byte*,int,string)
UnityEngine.StackTraceUtility:ExtractStackTrace ()
UnityEngine.DebugLogHandler:Internal_Log (UnityEngine.LogType,UnityEngine.LogOption,string,UnityEngine.Object)
UnityEngine.DebugLogHandler:LogFormat (UnityEngine.LogType,UnityEngine.Object,string,object[])
UnityEngine.Logger:Log (UnityEngine.LogType,object)
UnityEngine.Debug:Log (object)
Hegemonia.EditorTools.IA01PlayModeTestRunner:TraceLine (string) (at Assets/scripts/Editor/IA01PlayModeTestRunner.cs:769)
Hegemonia.EditorTools.IA01PlayModeTestRunner:Advance () (at Assets/scripts/Editor/IA01PlayModeTestRunner.cs:256)
Hegemonia.EditorTools.IA01PlayModeTestRunner:Tick () (at Assets/scripts/Editor/IA01PlayModeTestRunner.cs:163)
UnityEditor.EditorApplication:Internal_CallUpdateFunctions ()

(Filename: Assets/scripts/Editor/IA01PlayModeTestRunner.cs Line: 769)

[20:53:44] Stage -> ObserveCapital | World ready.
UnityEngine.Debug:ExtractStackTraceNoAlloc (byte*,int,string)
UnityEngine.StackTraceUtility:ExtractStackTrace ()
UnityEngine.DebugLogHandler:Internal_Log (UnityEngine.LogType,UnityEngine.LogOption,string,UnityEngine.Object)
UnityEngine.DebugLogHandler:LogFormat (UnityEngine.LogType,UnityEngine.Object,string,object[])
UnityEngine.Logger:Log (UnityEngine.LogType,object)
UnityEngine.Debug:Log (object)
Hegemonia.EditorTools.IA01PlayModeTestRunner:TraceLine (string) (at Assets/scripts/Editor/IA01PlayModeTestRunner.cs:769)
Hegemonia.EditorTools.IA01PlayModeTestRunner:SetStage (Hegemonia.EditorTools.IA01PlayModeTestRunner/Stage,string) (at Assets/scripts/Editor/IA01PlayModeTestRunner.cs:486)
Hegemonia.EditorTools.IA01PlayModeTestRunner:Advance () (at Assets/scripts/Editor/IA01PlayModeTestRunner.cs:257)
Hegemonia.EditorTools.IA01PlayModeTestRunner:Tick () (at Assets/scripts/Editor/IA01PlayModeTestRunner.cs:163)
UnityEditor.EditorApplication:Internal_CallUpdateFunctions ()

(Filename: Assets/scripts/Editor/IA01PlayModeTestRunner.cs Line: 769)

[AuditoriaConteudo] Anti aerea militar: prefab sem SaveableEntity para save completo
UnityEngine.Debug:ExtractStackTraceNoAlloc (byte*,int,string)
UnityEngine.StackTraceUtility:ExtractStackTrace ()
UnityEngine.DebugLogHandler:Internal_Log (UnityEngine.LogType,UnityEngine.LogOption,string,UnityEngine.Object)
UnityEngine.DebugLogHandler:LogFormat (UnityEngine.LogType,UnityEngine.Object,string,object[])
UnityEngine.Logger:Log (UnityEngine.LogType,object,UnityEngine.Object)
UnityEngine.Debug:LogWarning (object,UnityEngine.Object)
AuditoriaConteudoJogo:Emitir (string,string,int&,int) (at Assets/scripts/AuditoriaConteudoJogo.cs:492)
AuditoriaConteudoJogo:AuditarFicha (DadosConstrucao,int&,int&,int&,int) (at Assets/scripts/AuditoriaConteudoJogo.cs:331)
AuditoriaConteudoJogo:RodarAuditoria () (at Assets/scripts/AuditoriaConteudoJogo.cs:173)
AuditoriaConteudoJogo/<RodarAuditoriaAtrasada>d__22:MoveNext () (at Assets/scripts/AuditoriaConteudoJogo.cs:148)
UnityEngine.SetupCoroutine:InvokeMoveNext (System.Collections.IEnumerator,intptr)

(Filename: Assets/scripts/AuditoriaConteudoJogo.cs Line: 492)

[AuditoriaConteudo] Anti aerea militar: unidade militar sem IdentidadeUnidade
UnityEngine.Debug:ExtractStackTraceNoAlloc (byte*,int,string)
UnityEngine.StackTraceUtility:ExtractStackTrace ()
UnityEngine.DebugLogHandler:Internal_Log (UnityEngine.LogType,UnityEngine.LogOption,string,UnityEngine.Object)
UnityEngine.DebugLogHandler:LogFormat (UnityEngine.LogType,UnityEngine.Object,string,object[])
UnityEngine.Logger:Log (UnityEngine.LogType,object,UnityEngine.Object)
UnityEngine.Debug:LogError (object,UnityEngine.Object)
AuditoriaConteudoJogo:Emitir (string,string,int&,int) (at Assets/scripts/AuditoriaConteudoJogo.cs:488)
AuditoriaConteudoJogo:AuditarFicha (DadosConstrucao,int&,int&,int&,int) (at Assets/scripts/AuditoriaConteudoJogo.cs:344)
AuditoriaConteudoJogo:RodarAuditoria () (at Assets/scripts/AuditoriaConteudoJogo.cs:173)
AuditoriaConteudoJogo/<RodarAuditoriaAtrasada>d__22:MoveNext () (at Assets/scripts/AuditoriaConteudoJogo.cs:148)
UnityEngine.SetupCoroutine:InvokeMoveNext (System.Collections.IEnumerator,intptr)

(Filename: Assets/scripts/AuditoriaConteudoJogo.cs Line: 488)

[AuditoriaConteudo] Anti aerea militar: unidade militar sem SistemaDeDanos
UnityEngine.Debug:ExtractStackTraceNoAlloc (byte*,int,string)
UnityEngine.StackTraceUtility:ExtractStackTrace ()
UnityEngine.DebugLogHandler:Internal_Log (UnityEngine.LogType,UnityEngine.LogOption,string,UnityEngine.Object)
UnityEngine.DebugLogHandler:LogFormat (UnityEngine.LogType,UnityEngine.Object,string,object[])
UnityEngine.Logger:Log (UnityEngine.LogType,object,UnityEngine.Object)
UnityEngine.Debug:LogError (object,UnityEngine.Object)
AuditoriaConteudoJogo:Emitir (string,string,int&,int) (at Assets/scripts/AuditoriaConteudoJogo.cs:488)
AuditoriaConteudoJogo:AuditarFicha (DadosConstrucao,int&,int&,int&,int) (at Assets/scripts/AuditoriaConteudoJogo.cs:360)
AuditoriaConteudoJogo:RodarAuditoria () (at Assets/scripts/AuditoriaConteudoJogo.cs:173)
AuditoriaConteudoJogo/<RodarAuditoriaAtrasada>d__22:MoveNext () (at Assets/scripts/AuditoriaConteudoJogo.cs:148)
UnityEngine.SetupCoroutine:InvokeMoveNext (System.Collections.IEnumerator,intptr)

(Filename: Assets/scripts/AuditoriaConteudoJogo.cs Line: 488)

[AuditoriaConteudo] Artilharia: unidade militar sem Collider (Ignorado)
UnityEngine.Debug:ExtractStackTraceNoAlloc (byte*,int,string)
UnityEngine.StackTraceUtility:ExtractStackTrace ()
UnityEngine.DebugLogHandler:Internal_Log (UnityEngine.LogType,UnityEngine.LogOption,string,UnityEngine.Object)
UnityEngine.DebugLogHandler:LogFormat (UnityEngine.LogType,UnityEngine.Object,string,object[])
UnityEngine.Logger:Log (UnityEngine.LogType,object,UnityEngine.Object)
UnityEngine.Debug:LogWarning (object,UnityEngine.Object)
AuditoriaConteudoJogo:Emitir (string,string,int&,int) (at Assets/scripts/AuditoriaConteudoJogo.cs:492)
AuditoriaConteudoJogo:AuditarFicha (DadosConstrucao,int&,int&,int&,int) (at Assets/scripts/AuditoriaConteudoJogo.cs:313)
AuditoriaConteudoJogo:RodarAuditoria () (at Assets/scripts/AuditoriaConteudoJogo.cs:173)
AuditoriaConteudoJogo/<RodarAuditoriaAtrasada>d__22:MoveNext () (at Assets/scripts/AuditoriaConteudoJogo.cs:148)
UnityEngine.SetupCoroutine:InvokeMoveNext (System.Collections.IEnumerator,intptr)

(Filename: Assets/scripts/AuditoriaConteudoJogo.cs Line: 492)

[AuditoriaConteudo] Artilharia: prefab sem SaveableEntity para save completo
UnityEngine.Debug:ExtractStackTraceNoAlloc (byte*,int,string)
UnityEngine.StackTraceUtility:ExtractStackTrace ()
UnityEngine.DebugLogHandler:Internal_Log (UnityEngine.LogType,UnityEngine.LogOption,string,UnityEngine.Object)
UnityEngine.DebugLogHandler:LogFormat (UnityEngine.LogType,UnityEngine.Object,string,object[])
UnityEngine.Logger:Log (UnityEngine.LogType,object,UnityEngine.Object)
UnityEngine.Debug:LogWarning (object,UnityEngine.Object)
AuditoriaConteudoJogo:Emitir (string,string,int&,int) (at Assets/scripts/AuditoriaConteudoJogo.cs:492)
AuditoriaConteudoJogo:AuditarFicha (DadosConstrucao,int&,int&,int&,int) (at Assets/scripts/AuditoriaConteudoJogo.cs:331)
AuditoriaConteudoJogo:RodarAuditoria () (at Assets/scripts/AuditoriaConteudoJogo.cs:173)
AuditoriaConteudoJogo/<RodarAuditoriaAtrasada>d__22:MoveNext () (at Assets/scripts/AuditoriaConteudoJogo.cs:148)
UnityEngine.SetupCoroutine:InvokeMoveNext (System.Collections.IEnumerator,intptr)

(Filename: Assets/scripts/AuditoriaConteudoJogo.cs Line: 492)

[AuditoriaConteudo] Artilharia: unidade militar sem IdentidadeUnidade (Ignorado)
UnityEngine.Debug:ExtractStackTraceNoAlloc (byte*,int,string)
UnityEngine.StackTraceUtility:ExtractStackTrace ()
UnityEngine.DebugLogHandler:Internal_Log (UnityEngine.LogType,UnityEngine.LogOption,string,UnityEngine.Object)
UnityEngine.DebugLogHandler:LogFormat (UnityEngine.LogType,UnityEngine.Object,string,object[])
UnityEngine.Logger:Log (UnityEngine.LogType,object,UnityEngine.Object)
UnityEngine.Debug:LogWarning (object,UnityEngine.Object)
AuditoriaConteudoJogo:Emitir (string,string,int&,int) (at Assets/scripts/AuditoriaConteudoJogo.cs:492)
AuditoriaConteudoJogo:AuditarFicha (DadosConstrucao,int&,int&,int&,int) (at Assets/scripts/AuditoriaConteudoJogo.cs:339)
AuditoriaConteudoJogo:RodarAuditoria () (at Assets/scripts/AuditoriaConteudoJogo.cs:173)
AuditoriaConteudoJogo/<RodarAuditoriaAtrasada>d__22:MoveNext () (at Assets/scripts/AuditoriaConteudoJogo.cs:148)
UnityEngine.SetupCoroutine:InvokeMoveNext (System.Collections.IEnumerator,intptr)

(Filename: Assets/scripts/AuditoriaConteudoJogo.cs Line: 492)

[AuditoriaConteudo] Artilharia: unidade militar sem SistemaDeDanos (Ignorado)
UnityEngine.Debug:ExtractStackTraceNoAlloc (byte*,int,string)
UnityEngine.StackTraceUtility:ExtractStackTrace ()
UnityEngine.DebugLogHandler:Internal_Log (UnityEngine.LogType,UnityEngine.LogOption,string,UnityEngine.Object)
UnityEngine.DebugLogHandler:LogFormat (UnityEngine.LogType,UnityEngine.Object,string,object[])
UnityEngine.Logger:Log (UnityEngine.LogType,object,UnityEngine.Object)
UnityEngine.Debug:LogWarning (object,UnityEngine.Object)
AuditoriaConteudoJogo:Emitir (string,string,int&,int) (at Assets/scripts/AuditoriaConteudoJogo.cs:492)
AuditoriaConteudoJogo:AuditarFicha (DadosConstrucao,int&,int&,int&,int) (at Assets/scripts/AuditoriaConteudoJogo.cs:355)
AuditoriaConteudoJogo:RodarAuditoria () (at Assets/scripts/AuditoriaConteudoJogo.cs:173)
AuditoriaConteudoJogo/<RodarAuditoriaAtrasada>d__22:MoveNext () (at Assets/scripts/AuditoriaConteudoJogo.cs:148)
UnityEngine.SetupCoroutine:InvokeMoveNext (System.Collections.IEnumerator,intptr)

(Filename: Assets/scripts/AuditoriaConteudoJogo.cs Line: 492)

[AuditoriaConteudo] Artilharia: unidade de combate sem arma/sistema de tiro detectado
UnityEngine.Debug:ExtractStackTraceNoAlloc (byte*,int,string)
UnityEngine.StackTraceUtility:ExtractStackTrace ()
UnityEngine.DebugLogHandler:Internal_Log (UnityEngine.LogType,UnityEngine.LogOption,string,UnityEngine.Object)
UnityEngine.DebugLogHandler:LogFormat (UnityEngine.LogType,UnityEngine.Object,string,object[])
UnityEngine.Logger:Log (UnityEngine.LogType,object,UnityEngine.Object)
UnityEngine.Debug:LogWarning (object,UnityEngine.Object)
AuditoriaConteudoJogo:Emitir (string,string,int&,int) (at Assets/scripts/AuditoriaConteudoJogo.cs:492)
AuditoriaConteudoJogo:AuditarFicha (DadosConstrucao,int&,int&,int&,int) (at Assets/scripts/AuditoriaConteudoJogo.cs:373)
AuditoriaConteudoJogo:RodarAuditoria () (at Assets/scripts/AuditoriaConteudoJogo.cs:173)
AuditoriaConteudoJogo/<RodarAuditoriaAtrasada>d__22:MoveNext () (at Assets/scripts/AuditoriaConteudoJogo.cs:148)
UnityEngine.SetupCoroutine:InvokeMoveNext (System.Collections.IEnumerator,intptr)

(Filename: Assets/scripts/AuditoriaConteudoJogo.cs Line: 492)

[AuditoriaConteudo] Artilharia: unidade militar sem Collider (Ignorado)
UnityEngine.Debug:ExtractStackTraceNoAlloc (byte*,int,string)
UnityEngine.StackTraceUtility:ExtractStackTrace ()
UnityEngine.DebugLogHandler:Internal_Log (UnityEngine.LogType,UnityEngine.LogOption,string,UnityEngine.Object)
UnityEngine.DebugLogHandler:LogFormat (UnityEngine.LogType,UnityEngine.Object,string,object[])
UnityEngine.Logger:Log (UnityEngine.LogType,object,UnityEngine.Object)
UnityEngine.Debug:LogWarning (object,UnityEngine.Object)
AuditoriaConteudoJogo:Emitir (string,string,int&,int) (at Assets/scripts/AuditoriaConteudoJogo.cs:492)
AuditoriaConteudoJogo:AuditarFicha (DadosConstrucao,int&,int&,int&,int) (at Assets/scripts/AuditoriaConteudoJogo.cs:313)
AuditoriaConteudoJogo:RodarAuditoria () (at Assets/scripts/AuditoriaConteudoJogo.cs:173)
AuditoriaConteudoJogo/<RodarAuditoriaAtrasada>d__22:MoveNext () (at Assets/scripts/AuditoriaConteudoJogo.cs:148)
UnityEngine.SetupCoroutine:InvokeMoveNext (System.Collections.IEnumerator,intptr)

(Filename: Assets/scripts/AuditoriaConteudoJogo.cs Line: 492)

[AuditoriaConteudo] Construtor de Veiculos: unidade de combate sem arma/sistema de tiro detectado
UnityEngine.Debug:ExtractStackTraceNoAlloc (byte*,int,string)
UnityEngine.StackTraceUtility:ExtractStackTrace ()
UnityEngine.DebugLogHandler:Internal_Log (UnityEngine.LogType,UnityEngine.LogOption,string,UnityEngine.Object)
UnityEngine.DebugLogHandler:LogFormat (UnityEngine.LogType,UnityEngine.Object,string,object[])
UnityEngine.Logger:Log (UnityEngine.LogType,object,UnityEngine.Object)
UnityEngine.Debug:LogWarning (object,UnityEngine.Object)
AuditoriaConteudoJogo:Emitir (string,string,int&,int) (at Assets/scripts/AuditoriaConteudoJogo.cs:492)
AuditoriaConteudoJogo:AuditarFicha (DadosConstrucao,int&,int&,int&,int) (at Assets/scripts/AuditoriaConteudoJogo.cs:373)
AuditoriaConteudoJogo:RodarAuditoria () (at Assets/scripts/AuditoriaConteudoJogo.cs:173)
AuditoriaConteudoJogo/<RodarAuditoriaAtrasada>d__22:MoveNext () (at Assets/scripts/AuditoriaConteudoJogo.cs:148)
UnityEngine.SetupCoroutine:InvokeMoveNext (System.Collections.IEnumerator,intptr)

(Filename: Assets/scripts/AuditoriaConteudoJogo.cs Line: 492)

[AuditoriaConteudo] Hamer carro: unidade de combate sem arma/sistema de tiro detectado
UnityEngine.Debug:ExtractStackTraceNoAlloc (byte*,int,string)
UnityEngine.StackTraceUtility:ExtractStackTrace ()
UnityEngine.DebugLogHandler:Internal_Log (UnityEngine.LogType,UnityEngine.LogOption,string,UnityEngine.Object)
UnityEngine.DebugLogHandler:LogFormat (UnityEngine.LogType,UnityEngine.Object,string,object[])
UnityEngine.Logger:Log (UnityEngine.LogType,object,UnityEngine.Object)
UnityEngine.Debug:LogWarning (object,UnityEngine.Object)
AuditoriaConteudoJogo:Emitir (string,string,int&,int) (at Assets/scripts/AuditoriaConteudoJogo.cs:492)
AuditoriaConteudoJogo:AuditarFicha (DadosConstrucao,int&,int&,int&,int) (at Assets/scripts/AuditoriaConteudoJogo.cs:373)
AuditoriaConteudoJogo:RodarAuditoria () (at Assets/scripts/AuditoriaConteudoJogo.cs:173)
AuditoriaConteudoJogo/<RodarAuditoriaAtrasada>d__22:MoveNext () (at Assets/scripts/AuditoriaConteudoJogo.cs:148)
UnityEngine.SetupCoroutine:InvokeMoveNext (System.Collections.IEnumerator,intptr)

(Filename: Assets/scripts/AuditoriaConteudoJogo.cs Line: 492)

[AuditoriaConteudo] Tenda Militar: unidade de combate sem arma/sistema de tiro detectado
UnityEngine.Debug:ExtractStackTraceNoAlloc (byte*,int,string)
UnityEngine.StackTraceUtility:ExtractStackTrace ()
UnityEngine.DebugLogHandler:Internal_Log (UnityEngine.LogType,UnityEngine.LogOption,string,UnityEngine.Object)
UnityEngine.DebugLogHandler:LogFormat (UnityEngine.LogType,UnityEngine.Object,string,object[])
UnityEngine.Logger:Log (UnityEngine.LogType,object,UnityEngine.Object)
UnityEngine.Debug:LogWarning (object,UnityEngine.Object)
AuditoriaConteudoJogo:Emitir (string,string,int&,int) (at Assets/scripts/AuditoriaConteudoJogo.cs:492)
AuditoriaConteudoJogo:AuditarFicha (DadosConstrucao,int&,int&,int&,int) (at Assets/scripts/AuditoriaConteudoJogo.cs:373)
AuditoriaConteudoJogo:RodarAuditoria () (at Assets/scripts/AuditoriaConteudoJogo.cs:173)
AuditoriaConteudoJogo/<RodarAuditoriaAtrasada>d__22:MoveNext () (at Assets/scripts/AuditoriaConteudoJogo.cs:148)
UnityEngine.SetupCoroutine:InvokeMoveNext (System.Collections.IEnumerator,intptr)

(Filename: Assets/scripts/AuditoriaConteudoJogo.cs Line: 492)

[AuditoriaConteudo] Track Combustivel: unidade militar sem IdentidadeUnidade (Ignorado)
UnityEngine.Debug:ExtractStackTraceNoAlloc (byte*,int,string)
UnityEngine.StackTraceUtility:ExtractStackTrace ()
UnityEngine.DebugLogHandler:Internal_Log (UnityEngine.LogType,UnityEngine.LogOption,string,UnityEngine.Object)
UnityEngine.DebugLogHandler:LogFormat (UnityEngine.LogType,UnityEngine.Object,string,object[])
UnityEngine.Logger:Log (UnityEngine.LogType,object,UnityEngine.Object)
UnityEngine.Debug:LogWarning (object,UnityEngine.Object)
AuditoriaConteudoJogo:Emitir (string,string,int&,int) (at Assets/scripts/AuditoriaConteudoJogo.cs:492)
AuditoriaConteudoJogo:AuditarFicha (DadosConstrucao,int&,int&,int&,int) (at Assets/scripts/AuditoriaConteudoJogo.cs:339)
AuditoriaConteudoJogo:RodarAuditoria () (at Assets/scripts/AuditoriaConteudoJogo.cs:173)
AuditoriaConteudoJogo/<RodarAuditoriaAtrasada>d__22:MoveNext () (at Assets/scripts/AuditoriaConteudoJogo.cs:148)
UnityEngine.SetupCoroutine:InvokeMoveNext (System.Collections.IEnumerator,intptr)

(Filename: Assets/scripts/AuditoriaConteudoJogo.cs Line: 492)

[AuditoriaConteudo] Track Combustivel: unidade militar sem SistemaDeDanos (Ignorado)
UnityEngine.Debug:ExtractStackTraceNoAlloc (byte*,int,string)
UnityEngine.StackTraceUtility:ExtractStackTrace ()
UnityEngine.DebugLogHandler:Internal_Log (UnityEngine.LogType,UnityEngine.LogOption,string,UnityEngine.Object)
UnityEngine.DebugLogHandler:LogFormat (UnityEngine.LogType,UnityEngine.Object,string,object[])
UnityEngine.Logger:Log (UnityEngine.LogType,object,UnityEngine.Object)
UnityEngine.Debug:LogWarning (object,UnityEngine.Object)
AuditoriaConteudoJogo:Emitir (string,string,int&,int) (at Assets/scripts/AuditoriaConteudoJogo.cs:492)
AuditoriaConteudoJogo:AuditarFicha (DadosConstrucao,int&,int&,int&,int) (at Assets/scripts/AuditoriaConteudoJogo.cs:355)
AuditoriaConteudoJogo:RodarAuditoria () (at Assets/scripts/AuditoriaConteudoJogo.cs:173)
AuditoriaConteudoJogo/<RodarAuditoriaAtrasada>d__22:MoveNext () (at Assets/scripts/AuditoriaConteudoJogo.cs:148)
UnityEngine.SetupCoroutine:InvokeMoveNext (System.Collections.IEnumerator,intptr)

(Filename: Assets/scripts/AuditoriaConteudoJogo.cs Line: 492)

[AuditoriaConteudo] Track Combustivel: unidade de combate sem arma/sistema de tiro detectado
UnityEngine.Debug:ExtractStackTraceNoAlloc (byte*,int,string)
UnityEngine.StackTraceUtility:ExtractStackTrace ()
UnityEngine.DebugLogHandler:Internal_Log (UnityEngine.LogType,UnityEngine.LogOption,string,UnityEngine.Object)
UnityEngine.DebugLogHandler:LogFormat (UnityEngine.LogType,UnityEngine.Object,string,object[])
UnityEngine.Logger:Log (UnityEngine.LogType,object,UnityEngine.Object)
UnityEngine.Debug:LogWarning (object,UnityEngine.Object)
AuditoriaConteudoJogo:Emitir (string,string,int&,int) (at Assets/scripts/AuditoriaConteudoJogo.cs:492)
AuditoriaConteudoJogo:AuditarFicha (DadosConstrucao,int&,int&,int&,int) (at Assets/scripts/AuditoriaConteudoJogo.cs:373)
AuditoriaConteudoJogo:RodarAuditoria () (at Assets/scripts/AuditoriaConteudoJogo.cs:173)
AuditoriaConteudoJogo/<RodarAuditoriaAtrasada>d__22:MoveNext () (at Assets/scripts/AuditoriaConteudoJogo.cs:148)
UnityEngine.SetupCoroutine:InvokeMoveNext (System.Collections.IEnumerator,intptr)

(Filename: Assets/scripts/AuditoriaConteudoJogo.cs Line: 492)

[AuditoriaConteudo] Barco WW Transporte: unidade militar sem IdentidadeUnidade (Ignorado)
UnityEngine.Debug:ExtractStackTraceNoAlloc (byte*,int,string)
UnityEngine.StackTraceUtility:ExtractStackTrace ()
UnityEngine.DebugLogHandler:Internal_Log (UnityEngine.LogType,UnityEngine.LogOption,string,UnityEngine.Object)
UnityEngine.DebugLogHandler:LogFormat (UnityEngine.LogType,UnityEngine.Object,string,object[])
UnityEngine.Logger:Log (UnityEngine.LogType,object,UnityEngine.Object)
UnityEngine.Debug:LogWarning (object,UnityEngine.Object)
AuditoriaConteudoJogo:Emitir (string,string,int&,int) (at Assets/scripts/AuditoriaConteudoJogo.cs:492)
AuditoriaConteudoJogo:AuditarFicha (DadosConstrucao,int&,int&,int&,int) (at Assets/scripts/AuditoriaConteudoJogo.cs:339)
AuditoriaConteudoJogo:RodarAuditoria () (at Assets/scripts/AuditoriaConteudoJogo.cs:173)
AuditoriaConteudoJogo/<RodarAuditoriaAtrasada>d__22:MoveNext () (at Assets/scripts/AuditoriaConteudoJogo.cs:148)
UnityEngine.SetupCoroutine:InvokeMoveNext (System.Collections.IEnumerator,intptr)

(Filename: Assets/scripts/AuditoriaConteudoJogo.cs Line: 492)

[AuditoriaConteudo] Estaleiro Naval: unidade militar sem SistemaDeDanos (Ignorado)
UnityEngine.Debug:ExtractStackTraceNoAlloc (byte*,int,string)
UnityEngine.StackTraceUtility:ExtractStackTrace ()
UnityEngine.DebugLogHandler:Internal_Log (UnityEngine.LogType,UnityEngine.LogOption,string,UnityEngine.Object)
UnityEngine.DebugLogHandler:LogFormat (UnityEngine.LogType,UnityEngine.Object,string,object[])
UnityEngine.Logger:Log (UnityEngine.LogType,object,UnityEngine.Object)
UnityEngine.Debug:LogWarning (object,UnityEngine.Object)
AuditoriaConteudoJogo:Emitir (string,string,int&,int) (at Assets/scripts/AuditoriaConteudoJogo.cs:492)
AuditoriaConteudoJogo:AuditarFicha (DadosConstrucao,int&,int&,int&,int) (at Assets/scripts/AuditoriaConteudoJogo.cs:355)
AuditoriaConteudoJogo:RodarAuditoria () (at Assets/scripts/AuditoriaConteudoJogo.cs:173)
AuditoriaConteudoJogo/<RodarAuditoriaAtrasada>d__22:MoveNext () (at Assets/scripts/AuditoriaConteudoJogo.cs:148)
UnityEngine.SetupCoroutine:InvokeMoveNext (System.Collections.IEnumerator,intptr)

(Filename: Assets/scripts/AuditoriaConteudoJogo.cs Line: 492)

[AuditoriaConteudo] Houver: unidade de combate sem arma/sistema de tiro detectado
UnityEngine.Debug:ExtractStackTraceNoAlloc (byte*,int,string)
UnityEngine.StackTraceUtility:ExtractStackTrace ()
UnityEngine.DebugLogHandler:Internal_Log (UnityEngine.LogType,UnityEngine.LogOption,string,UnityEngine.Object)
UnityEngine.DebugLogHandler:LogFormat (UnityEngine.LogType,UnityEngine.Object,string,object[])
UnityEngine.Logger:Log (UnityEngine.LogType,object,UnityEngine.Object)
UnityEngine.Debug:LogWarning (object,UnityEngine.Object)
AuditoriaConteudoJogo:Emitir (string,string,int&,int) (at Assets/scripts/AuditoriaConteudoJogo.cs:492)
AuditoriaConteudoJogo:AuditarFicha (DadosConstrucao,int&,int&,int&,int) (at Assets/scripts/AuditoriaConteudoJogo.cs:373)
AuditoriaConteudoJogo:RodarAuditoria () (at Assets/scripts/AuditoriaConteudoJogo.cs:173)
AuditoriaConteudoJogo/<RodarAuditoriaAtrasada>d__22:MoveNext () (at Assets/scripts/AuditoriaConteudoJogo.cs:148)
UnityEngine.SetupCoroutine:InvokeMoveNext (System.Collections.IEnumerator,intptr)

(Filename: Assets/scripts/AuditoriaConteudoJogo.cs Line: 492)

[AuditoriaConteudo] Nav Abastecimento: unidade de combate sem arma/sistema de tiro detectado
UnityEngine.Debug:ExtractStackTraceNoAlloc (byte*,int,string)
UnityEngine.StackTraceUtility:ExtractStackTrace ()
UnityEngine.DebugLogHandler:Internal_Log (UnityEngine.LogType,UnityEngine.LogOption,string,UnityEngine.Object)
UnityEngine.DebugLogHandler:LogFormat (UnityEngine.LogType,UnityEngine.Object,string,object[])
UnityEngine.Logger:Log (UnityEngine.LogType,object,UnityEngine.Object)
UnityEngine.Debug:LogWarning (object,UnityEngine.Object)
AuditoriaConteudoJogo:Emitir (string,string,int&,int) (at Assets/scripts/AuditoriaConteudoJogo.cs:492)
AuditoriaConteudoJogo:AuditarFicha (DadosConstrucao,int&,int&,int&,int) (at Assets/scripts/AuditoriaConteudoJogo.cs:373)
AuditoriaConteudoJogo:RodarAuditoria () (at Assets/scripts/AuditoriaConteudoJogo.cs:173)
AuditoriaConteudoJogo/<RodarAuditoriaAtrasada>d__22:MoveNext () (at Assets/scripts/AuditoriaConteudoJogo.cs:148)
UnityEngine.SetupCoroutine:InvokeMoveNext (System.Collections.IEnumerator,intptr)

(Filename: Assets/scripts/AuditoriaConteudoJogo.cs Line: 492)

[AuditoriaConteudo] Nav Global: prefab sem SaveableEntity para save completo
UnityEngine.Debug:ExtractStackTraceNoAlloc (byte*,int,string)
UnityEngine.StackTraceUtility:ExtractStackTrace ()
UnityEngine.DebugLogHandler:Internal_Log (UnityEngine.LogType,UnityEngine.LogOption,string,UnityEngine.Object)
UnityEngine.DebugLogHandler:LogFormat (UnityEngine.LogType,UnityEngine.Object,string,object[])
UnityEngine.Logger:Log (UnityEngine.LogType,object,UnityEngine.Object)
UnityEngine.Debug:LogWarning (object,UnityEngine.Object)
AuditoriaConteudoJogo:Emitir (string,string,int&,int) (at Assets/scripts/AuditoriaConteudoJogo.cs:492)
AuditoriaConteudoJogo:AuditarFicha (DadosConstrucao,int&,int&,int&,int) (at Assets/scripts/AuditoriaConteudoJogo.cs:331)
AuditoriaConteudoJogo:RodarAuditoria () (at Assets/scripts/AuditoriaConteudoJogo.cs:173)
AuditoriaConteudoJogo/<RodarAuditoriaAtrasada>d__22:MoveNext () (at Assets/scripts/AuditoriaConteudoJogo.cs:148)
UnityEngine.SetupCoroutine:InvokeMoveNext (System.Collections.IEnumerator,intptr)

(Filename: Assets/scripts/AuditoriaConteudoJogo.cs Line: 492)

[AuditoriaConteudo] USS Arrowhead: unidade militar sem Collider
UnityEngine.Debug:ExtractStackTraceNoAlloc (byte*,int,string)
UnityEngine.StackTraceUtility:ExtractStackTrace ()
UnityEngine.DebugLogHandler:Internal_Log (UnityEngine.LogType,UnityEngine.LogOption,string,UnityEngine.Object)
UnityEngine.DebugLogHandler:LogFormat (UnityEngine.LogType,UnityEngine.Object,string,object[])
UnityEngine.Logger:Log (UnityEngine.LogType,object,UnityEngine.Object)
UnityEngine.Debug:LogError (object,UnityEngine.Object)
AuditoriaConteudoJogo:Emitir (string,string,int&,int) (at Assets/scripts/AuditoriaConteudoJogo.cs:488)
AuditoriaConteudoJogo:AuditarFicha (DadosConstrucao,int&,int&,int&,int) (at Assets/scripts/AuditoriaConteudoJogo.cs:318)
AuditoriaConteudoJogo:RodarAuditoria () (at Assets/scripts/AuditoriaConteudoJogo.cs:173)
AuditoriaConteudoJogo/<RodarAuditoriaAtrasada>d__22:MoveNext () (at Assets/scripts/AuditoriaConteudoJogo.cs:148)
UnityEngine.SetupCoroutine:InvokeMoveNext (System.Collections.IEnumerator,intptr)

(Filename: Assets/scripts/AuditoriaConteudoJogo.cs Line: 488)

[AuditoriaConteudo] USS Arrowhead: prefab sem SaveableEntity para save completo
UnityEngine.Debug:ExtractStackTraceNoAlloc (byte*,int,string)
UnityEngine.StackTraceUtility:ExtractStackTrace ()
UnityEngine.DebugLogHandler:Internal_Log (UnityEngine.LogType,UnityEngine.LogOption,string,UnityEngine.Object)
UnityEngine.DebugLogHandler:LogFormat (UnityEngine.LogType,UnityEngine.Object,string,object[])
UnityEngine.Logger:Log (UnityEngine.LogType,object,UnityEngine.Object)
UnityEngine.Debug:LogWarning (object,UnityEngine.Object)
AuditoriaConteudoJogo:Emitir (string,string,int&,int) (at Assets/scripts/AuditoriaConteudoJogo.cs:492)
AuditoriaConteudoJogo:AuditarFicha (DadosConstrucao,int&,int&,int&,int) (at Assets/scripts/AuditoriaConteudoJogo.cs:331)
AuditoriaConteudoJogo:RodarAuditoria () (at Assets/scripts/AuditoriaConteudoJogo.cs:173)
AuditoriaConteudoJogo/<RodarAuditoriaAtrasada>d__22:MoveNext () (at Assets/scripts/AuditoriaConteudoJogo.cs:148)
UnityEngine.SetupCoroutine:InvokeMoveNext (System.Collections.IEnumerator,intptr)

(Filename: Assets/scripts/AuditoriaConteudoJogo.cs Line: 492)

[AuditoriaConteudo] USS Arrowhead: unidade militar sem IdentidadeUnidade
UnityEngine.Debug:ExtractStackTraceNoAlloc (byte*,int,string)
UnityEngine.StackTraceUtility:ExtractStackTrace ()
UnityEngine.DebugLogHandler:Internal_Log (UnityEngine.LogType,UnityEngine.LogOption,string,UnityEngine.Object)
UnityEngine.DebugLogHandler:LogFormat (UnityEngine.LogType,UnityEngine.Object,string,object[])
UnityEngine.Logger:Log (UnityEngine.LogType,object,UnityEngine.Object)
UnityEngine.Debug:LogError (object,UnityEngine.Object)
AuditoriaConteudoJogo:Emitir (string,string,int&,int) (at Assets/scripts/AuditoriaConteudoJogo.cs:488)
AuditoriaConteudoJogo:AuditarFicha (DadosConstrucao,int&,int&,int&,int) (at Assets/scripts/AuditoriaConteudoJogo.cs:344)
AuditoriaConteudoJogo:RodarAuditoria () (at Assets/scripts/AuditoriaConteudoJogo.cs:173)
AuditoriaConteudoJogo/<RodarAuditoriaAtrasada>d__22:MoveNext () (at Assets/scripts/AuditoriaConteudoJogo.cs:148)
UnityEngine.SetupCoroutine:InvokeMoveNext (System.Collections.IEnumerator,intptr)

(Filename: Assets/scripts/AuditoriaConteudoJogo.cs Line: 488)

[AuditoriaConteudo] USS Arrowhead: unidade militar sem SistemaDeDanos
UnityEngine.Debug:ExtractStackTraceNoAlloc (byte*,int,string)
UnityEngine.StackTraceUtility:ExtractStackTrace ()
UnityEngine.DebugLogHandler:Internal_Log (UnityEngine.LogType,UnityEngine.LogOption,string,UnityEngine.Object)
UnityEngine.DebugLogHandler:LogFormat (UnityEngine.LogType,UnityEngine.Object,string,object[])
UnityEngine.Logger:Log (UnityEngine.LogType,object,UnityEngine.Object)
UnityEngine.Debug:LogError (object,UnityEngine.Object)
AuditoriaConteudoJogo:Emitir (string,string,int&,int) (at Assets/scripts/AuditoriaConteudoJogo.cs:488)
AuditoriaConteudoJogo:AuditarFicha (DadosConstrucao,int&,int&,int&,int) (at Assets/scripts/AuditoriaConteudoJogo.cs:360)
AuditoriaConteudoJogo:RodarAuditoria () (at Assets/scripts/AuditoriaConteudoJogo.cs:173)
AuditoriaConteudoJogo/<RodarAuditoriaAtrasada>d__22:MoveNext () (at Assets/scripts/AuditoriaConteudoJogo.cs:148)
UnityEngine.SetupCoroutine:InvokeMoveNext (System.Collections.IEnumerator,intptr)

(Filename: Assets/scripts/AuditoriaConteudoJogo.cs Line: 488)

[AuditoriaConteudo] USS Arrowhead: unidade de combate sem arma/sistema de tiro detectado
UnityEngine.Debug:ExtractStackTraceNoAlloc (byte*,int,string)
UnityEngine.StackTraceUtility:ExtractStackTrace ()
UnityEngine.DebugLogHandler:Internal_Log (UnityEngine.LogType,UnityEngine.LogOption,string,UnityEngine.Object)
UnityEngine.DebugLogHandler:LogFormat (UnityEngine.LogType,UnityEngine.Object,string,object[])
UnityEngine.Logger:Log (UnityEngine.LogType,object,UnityEngine.Object)
UnityEngine.Debug:LogWarning (object,UnityEngine.Object)
AuditoriaConteudoJogo:Emitir (string,string,int&,int) (at Assets/scripts/AuditoriaConteudoJogo.cs:492)
AuditoriaConteudoJogo:AuditarFicha (DadosConstrucao,int&,int&,int&,int) (at Assets/scripts/AuditoriaConteudoJogo.cs:373)
AuditoriaConteudoJogo:RodarAuditoria () (at Assets/scripts/AuditoriaConteudoJogo.cs:173)
AuditoriaConteudoJogo/<RodarAuditoriaAtrasada>d__22:MoveNext () (at Assets/scripts/AuditoriaConteudoJogo.cs:148)
UnityEngine.SetupCoroutine:InvokeMoveNext (System.Collections.IEnumerator,intptr)

(Filename: Assets/scripts/AuditoriaConteudoJogo.cs Line: 492)

[AuditoriaConteudo] USS Dominion: unidade militar sem Collider
UnityEngine.Debug:ExtractStackTraceNoAlloc (byte*,int,string)
UnityEngine.StackTraceUtility:ExtractStackTrace ()
UnityEngine.DebugLogHandler:Internal_Log (UnityEngine.LogType,UnityEngine.LogOption,string,UnityEngine.Object)
UnityEngine.DebugLogHandler:LogFormat (UnityEngine.LogType,UnityEngine.Object,string,object[])
UnityEngine.Logger:Log (UnityEngine.LogType,object,UnityEngine.Object)
UnityEngine.Debug:LogError (object,UnityEngine.Object)
AuditoriaConteudoJogo:Emitir (string,string,int&,int) (at Assets/scripts/AuditoriaConteudoJogo.cs:488)
AuditoriaConteudoJogo:AuditarFicha (DadosConstrucao,int&,int&,int&,int) (at Assets/scripts/AuditoriaConteudoJogo.cs:318)
AuditoriaConteudoJogo:RodarAuditoria () (at Assets/scripts/AuditoriaConteudoJogo.cs:173)
AuditoriaConteudoJogo/<RodarAuditoriaAtrasada>d__22:MoveNext () (at Assets/scripts/AuditoriaConteudoJogo.cs:148)
UnityEngine.SetupCoroutine:InvokeMoveNext (System.Collections.IEnumerator,intptr)

(Filename: Assets/scripts/AuditoriaConteudoJogo.cs Line: 488)

[AuditoriaConteudo] USS Dominion: prefab sem SaveableEntity para save completo
UnityEngine.Debug:ExtractStackTraceNoAlloc (byte*,int,string)
UnityEngine.StackTraceUtility:ExtractStackTrace ()
UnityEngine.DebugLogHandler:Internal_Log (UnityEngine.LogType,UnityEngine.LogOption,string,UnityEngine.Object)
UnityEngine.DebugLogHandler:LogFormat (UnityEngine.LogType,UnityEngine.Object,string,object[])
UnityEngine.Logger:Log (UnityEngine.LogType,object,UnityEngine.Object)
UnityEngine.Debug:LogWarning (object,UnityEngine.Object)
AuditoriaConteudoJogo:Emitir (string,string,int&,int) (at Assets/scripts/AuditoriaConteudoJogo.cs:492)
AuditoriaConteudoJogo:AuditarFicha (DadosConstrucao,int&,int&,int&,int) (at Assets/scripts/AuditoriaConteudoJogo.cs:331)
AuditoriaConteudoJogo:RodarAuditoria () (at Assets/scripts/AuditoriaConteudoJogo.cs:173)
AuditoriaConteudoJogo/<RodarAuditoriaAtrasada>d__22:MoveNext () (at Assets/scripts/AuditoriaConteudoJogo.cs:148)
UnityEngine.SetupCoroutine:InvokeMoveNext (System.Collections.IEnumerator,intptr)

(Filename: Assets/scripts/AuditoriaConteudoJogo.cs Line: 492)

[AuditoriaConteudo] USS Dominion: unidade militar sem IdentidadeUnidade
UnityEngine.Debug:ExtractStackTraceNoAlloc (byte*,int,string)
UnityEngine.StackTraceUtility:ExtractStackTrace ()
UnityEngine.DebugLogHandler:Internal_Log (UnityEngine.LogType,UnityEngine.LogOption,string,UnityEngine.Object)
UnityEngine.DebugLogHandler:LogFormat (UnityEngine.LogType,UnityEngine.Object,string,object[])
UnityEngine.Logger:Log (UnityEngine.LogType,object,UnityEngine.Object)
UnityEngine.Debug:LogError (object,UnityEngine.Object)
AuditoriaConteudoJogo:Emitir (string,string,int&,int) (at Assets/scripts/AuditoriaConteudoJogo.cs:488)
AuditoriaConteudoJogo:AuditarFicha (DadosConstrucao,int&,int&,int&,int) (at Assets/scripts/AuditoriaConteudoJogo.cs:344)
AuditoriaConteudoJogo:RodarAuditoria () (at Assets/scripts/AuditoriaConteudoJogo.cs:173)
AuditoriaConteudoJogo/<RodarAuditoriaAtrasada>d__22:MoveNext () (at Assets/scripts/AuditoriaConteudoJogo.cs:148)
UnityEngine.SetupCoroutine:InvokeMoveNext (System.Collections.IEnumerator,intptr)

(Filename: Assets/scripts/AuditoriaConteudoJogo.cs Line: 488)

[AuditoriaConteudo] USS Dominion: unidade militar sem SistemaDeDanos
UnityEngine.Debug:ExtractStackTraceNoAlloc (byte*,int,string)
UnityEngine.StackTraceUtility:ExtractStackTrace ()
UnityEngine.DebugLogHandler:Internal_Log (UnityEngine.LogType,UnityEngine.LogOption,string,UnityEngine.Object)
UnityEngine.DebugLogHandler:LogFormat (UnityEngine.LogType,UnityEngine.Object,string,object[])
UnityEngine.Logger:Log (UnityEngine.LogType,object,UnityEngine.Object)
UnityEngine.Debug:LogError (object,UnityEngine.Object)
AuditoriaConteudoJogo:Emitir (string,string,int&,int) (at Assets/scripts/AuditoriaConteudoJogo.cs:488)
AuditoriaConteudoJogo:AuditarFicha (DadosConstrucao,int&,int&,int&,int) (at Assets/scripts/AuditoriaConteudoJogo.cs:360)
AuditoriaConteudoJogo:RodarAuditoria () (at Assets/scripts/AuditoriaConteudoJogo.cs:173)
AuditoriaConteudoJogo/<RodarAuditoriaAtrasada>d__22:MoveNext () (at Assets/scripts/AuditoriaConteudoJogo.cs:148)
UnityEngine.SetupCoroutine:InvokeMoveNext (System.Collections.IEnumerator,intptr)

(Filename: Assets/scripts/AuditoriaConteudoJogo.cs Line: 488)

[AuditoriaConteudo] USS Dominion: unidade de combate sem arma/sistema de tiro detectado
UnityEngine.Debug:ExtractStackTraceNoAlloc (byte*,int,string)
UnityEngine.StackTraceUtility:ExtractStackTrace ()
UnityEngine.DebugLogHandler:Internal_Log (UnityEngine.LogType,UnityEngine.LogOption,string,UnityEngine.Object)
UnityEngine.DebugLogHandler:LogFormat (UnityEngine.LogType,UnityEngine.Object,string,object[])
UnityEngine.Logger:Log (UnityEngine.LogType,object,UnityEngine.Object)
UnityEngine.Debug:LogWarning (object,UnityEngine.Object)
AuditoriaConteudoJogo:Emitir (string,string,int&,int) (at Assets/scripts/AuditoriaConteudoJogo.cs:492)
AuditoriaConteudoJogo:AuditarFicha (DadosConstrucao,int&,int&,int&,int) (at Assets/scripts/AuditoriaConteudoJogo.cs:373)
AuditoriaConteudoJogo:RodarAuditoria () (at Assets/scripts/AuditoriaConteudoJogo.cs:173)
AuditoriaConteudoJogo/<RodarAuditoriaAtrasada>d__22:MoveNext () (at Assets/scripts/AuditoriaConteudoJogo.cs:148)
UnityEngine.SetupCoroutine:InvokeMoveNext (System.Collections.IEnumerator,intptr)

(Filename: Assets/scripts/AuditoriaConteudoJogo.cs Line: 492)

[AuditoriaConteudo] USS Leviathan: unidade de combate sem arma/sistema de tiro detectado
UnityEngine.Debug:ExtractStackTraceNoAlloc (byte*,int,string)
UnityEngine.StackTraceUtility:ExtractStackTrace ()
UnityEngine.DebugLogHandler:Internal_Log (UnityEngine.LogType,UnityEngine.LogOption,string,UnityEngine.Object)
UnityEngine.DebugLogHandler:LogFormat (UnityEngine.LogType,UnityEngine.Object,string,object[])
UnityEngine.Logger:Log (UnityEngine.LogType,object,UnityEngine.Object)
UnityEngine.Debug:LogWarning (object,UnityEngine.Object)
AuditoriaConteudoJogo:Emitir (string,string,int&,int) (at Assets/scripts/AuditoriaConteudoJogo.cs:492)
AuditoriaConteudoJogo:AuditarFicha (DadosConstrucao,int&,int&,int&,int) (at Assets/scripts/AuditoriaConteudoJogo.cs:373)
AuditoriaConteudoJogo:RodarAuditoria () (at Assets/scripts/AuditoriaConteudoJogo.cs:173)
AuditoriaConteudoJogo/<RodarAuditoriaAtrasada>d__22:MoveNext () (at Assets/scripts/AuditoriaConteudoJogo.cs:148)
UnityEngine.SetupCoroutine:InvokeMoveNext (System.Collections.IEnumerator,intptr)

(Filename: Assets/scripts/AuditoriaConteudoJogo.cs Line: 492)

[AuditoriaConteudo] USS Mako: unidade militar sem Collider
UnityEngine.Debug:ExtractStackTraceNoAlloc (byte*,int,string)
UnityEngine.StackTraceUtility:ExtractStackTrace ()
UnityEngine.DebugLogHandler:Internal_Log (UnityEngine.LogType,UnityEngine.LogOption,string,UnityEngine.Object)
UnityEngine.DebugLogHandler:LogFormat (UnityEngine.LogType,UnityEngine.Object,string,object[])
UnityEngine.Logger:Log (UnityEngine.LogType,object,UnityEngine.Object)
UnityEngine.Debug:LogError (object,UnityEngine.Object)
AuditoriaConteudoJogo:Emitir (string,string,int&,int) (at Assets/scripts/AuditoriaConteudoJogo.cs:488)
AuditoriaConteudoJogo:AuditarFicha (DadosConstrucao,int&,int&,int&,int) (at Assets/scripts/AuditoriaConteudoJogo.cs:318)
AuditoriaConteudoJogo:RodarAuditoria () (at Assets/scripts/AuditoriaConteudoJogo.cs:173)
AuditoriaConteudoJogo/<RodarAuditoriaAtrasada>d__22:MoveNext () (at Assets/scripts/AuditoriaConteudoJogo.cs:148)
UnityEngine.SetupCoroutine:InvokeMoveNext (System.Collections.IEnumerator,intptr)

(Filename: Assets/scripts/AuditoriaConteudoJogo.cs Line: 488)

[AuditoriaConteudo] USS Mako: prefab sem SaveableEntity para save completo
UnityEngine.Debug:ExtractStackTraceNoAlloc (byte*,int,string)
UnityEngine.StackTraceUtility:ExtractStackTrace ()
UnityEngine.DebugLogHandler:Internal_Log (UnityEngine.LogType,UnityEngine.LogOption,string,UnityEngine.Object)
UnityEngine.DebugLogHandler:LogFormat (UnityEngine.LogType,UnityEngine.Object,string,object[])
UnityEngine.Logger:Log (UnityEngine.LogType,object,UnityEngine.Object)
UnityEngine.Debug:LogWarning (object,UnityEngine.Object)
AuditoriaConteudoJogo:Emitir (string,string,int&,int) (at Assets/scripts/AuditoriaConteudoJogo.cs:492)
AuditoriaConteudoJogo:AuditarFicha (DadosConstrucao,int&,int&,int&,int) (at Assets/scripts/AuditoriaConteudoJogo.cs:331)
AuditoriaConteudoJogo:RodarAuditoria () (at Assets/scripts/AuditoriaConteudoJogo.cs:173)
AuditoriaConteudoJogo/<RodarAuditoriaAtrasada>d__22:MoveNext () (at Assets/scripts/AuditoriaConteudoJogo.cs:148)
UnityEngine.SetupCoroutine:InvokeMoveNext (System.Collections.IEnumerator,intptr)

(Filename: Assets/scripts/AuditoriaConteudoJogo.cs Line: 492)

[AuditoriaConteudo] USS Mako: unidade militar sem IdentidadeUnidade
UnityEngine.Debug:ExtractStackTraceNoAlloc (byte*,int,string)
UnityEngine.StackTraceUtility:ExtractStackTrace ()
UnityEngine.DebugLogHandler:Internal_Log (UnityEngine.LogType,UnityEngine.LogOption,string,UnityEngine.Object)
UnityEngine.DebugLogHandler:LogFormat (UnityEngine.LogType,UnityEngine.Object,string,object[])
UnityEngine.Logger:Log (UnityEngine.LogType,object,UnityEngine.Object)
UnityEngine.Debug:LogError (object,UnityEngine.Object)
AuditoriaConteudoJogo:Emitir (string,string,int&,int) (at Assets/scripts/AuditoriaConteudoJogo.cs:488)
AuditoriaConteudoJogo:AuditarFicha (DadosConstrucao,int&,int&,int&,int) (at Assets/scripts/AuditoriaConteudoJogo.cs:344)
AuditoriaConteudoJogo:RodarAuditoria () (at Assets/scripts/AuditoriaConteudoJogo.cs:173)
AuditoriaConteudoJogo/<RodarAuditoriaAtrasada>d__22:MoveNext () (at Assets/scripts/AuditoriaConteudoJogo.cs:148)
UnityEngine.SetupCoroutine:InvokeMoveNext (System.Collections.IEnumerator,intptr)

(Filename: Assets/scripts/AuditoriaConteudoJogo.cs Line: 488)

[AuditoriaConteudo] USS Mako: unidade militar sem SistemaDeDanos
UnityEngine.Debug:ExtractStackTraceNoAlloc (byte*,int,string)
UnityEngine.StackTraceUtility:ExtractStackTrace ()
UnityEngine.DebugLogHandler:Internal_Log (UnityEngine.LogType,UnityEngine.LogOption,string,UnityEngine.Object)
UnityEngine.DebugLogHandler:LogFormat (UnityEngine.LogType,UnityEngine.Object,string,object[])
UnityEngine.Logger:Log (UnityEngine.LogType,object,UnityEngine.Object)
UnityEngine.Debug:LogError (object,UnityEngine.Object)
AuditoriaConteudoJogo:Emitir (string,string,int&,int) (at Assets/scripts/AuditoriaConteudoJogo.cs:488)
AuditoriaConteudoJogo:AuditarFicha (DadosConstrucao,int&,int&,int&,int) (at Assets/scripts/AuditoriaConteudoJogo.cs:360)
AuditoriaConteudoJogo:RodarAuditoria () (at Assets/scripts/AuditoriaConteudoJogo.cs:173)
AuditoriaConteudoJogo/<RodarAuditoriaAtrasada>d__22:MoveNext () (at Assets/scripts/AuditoriaConteudoJogo.cs:148)
UnityEngine.SetupCoroutine:InvokeMoveNext (System.Collections.IEnumerator,intptr)

(Filename: Assets/scripts/AuditoriaConteudoJogo.cs Line: 488)

[AuditoriaConteudo] USS Mako: unidade de combate sem arma/sistema de tiro detectado
UnityEngine.Debug:ExtractStackTraceNoAlloc (byte*,int,string)
UnityEngine.StackTraceUtility:ExtractStackTrace ()
UnityEngine.DebugLogHandler:Internal_Log (UnityEngine.LogType,UnityEngine.LogOption,string,UnityEngine.Object)
UnityEngine.DebugLogHandler:LogFormat (UnityEngine.LogType,UnityEngine.Object,string,object[])
UnityEngine.Logger:Log (UnityEngine.LogType,object,UnityEngine.Object)
UnityEngine.Debug:LogWarning (object,UnityEngine.Object)
AuditoriaConteudoJogo:Emitir (string,string,int&,int) (at Assets/scripts/AuditoriaConteudoJogo.cs:492)
AuditoriaConteudoJogo:AuditarFicha (DadosConstrucao,int&,int&,int&,int) (at Assets/scripts/AuditoriaConteudoJogo.cs:373)
AuditoriaConteudoJogo:RodarAuditoria () (at Assets/scripts/AuditoriaConteudoJogo.cs:173)
AuditoriaConteudoJogo/<RodarAuditoriaAtrasada>d__22:MoveNext () (at Assets/scripts/AuditoriaConteudoJogo.cs:148)
UnityEngine.SetupCoroutine:InvokeMoveNext (System.Collections.IEnumerator,intptr)

(Filename: Assets/scripts/AuditoriaConteudoJogo.cs Line: 492)

[AuditoriaConteudo] USS Wraith: unidade militar sem Collider
UnityEngine.Debug:ExtractStackTraceNoAlloc (byte*,int,string)
UnityEngine.StackTraceUtility:ExtractStackTrace ()
UnityEngine.DebugLogHandler:Internal_Log (UnityEngine.LogType,UnityEngine.LogOption,string,UnityEngine.Object)
UnityEngine.DebugLogHandler:LogFormat (UnityEngine.LogType,UnityEngine.Object,string,object[])
UnityEngine.Logger:Log (UnityEngine.LogType,object,UnityEngine.Object)
UnityEngine.Debug:LogError (object,UnityEngine.Object)
AuditoriaConteudoJogo:Emitir (string,string,int&,int) (at Assets/scripts/AuditoriaConteudoJogo.cs:488)
AuditoriaConteudoJogo:AuditarFicha (DadosConstrucao,int&,int&,int&,int) (at Assets/scripts/AuditoriaConteudoJogo.cs:318)
AuditoriaConteudoJogo:RodarAuditoria () (at Assets/scripts/AuditoriaConteudoJogo.cs:173)
AuditoriaConteudoJogo/<RodarAuditoriaAtrasada>d__22:MoveNext () (at Assets/scripts/AuditoriaConteudoJogo.cs:148)
UnityEngine.SetupCoroutine:InvokeMoveNext (System.Collections.IEnumerator,intptr)

(Filename: Assets/scripts/AuditoriaConteudoJogo.cs Line: 488)

[AuditoriaConteudo] USS Wraith: prefab sem SaveableEntity para save completo
UnityEngine.Debug:ExtractStackTraceNoAlloc (byte*,int,string)
UnityEngine.StackTraceUtility:ExtractStackTrace ()
UnityEngine.DebugLogHandler:Internal_Log (UnityEngine.LogType,UnityEngine.LogOption,string,UnityEngine.Object)
UnityEngine.DebugLogHandler:LogFormat (UnityEngine.LogType,UnityEngine.Object,string,object[])
UnityEngine.Logger:Log (UnityEngine.LogType,object,UnityEngine.Object)
UnityEngine.Debug:LogWarning (object,UnityEngine.Object)
AuditoriaConteudoJogo:Emitir (string,string,int&,int) (at Assets/scripts/AuditoriaConteudoJogo.cs:492)
AuditoriaConteudoJogo:AuditarFicha (DadosConstrucao,int&,int&,int&,int) (at Assets/scripts/AuditoriaConteudoJogo.cs:331)
AuditoriaConteudoJogo:RodarAuditoria () (at Assets/scripts/AuditoriaConteudoJogo.cs:173)
AuditoriaConteudoJogo/<RodarAuditoriaAtrasada>d__22:MoveNext () (at Assets/scripts/AuditoriaConteudoJogo.cs:148)
UnityEngine.SetupCoroutine:InvokeMoveNext (System.Collections.IEnumerator,intptr)

(Filename: Assets/scripts/AuditoriaConteudoJogo.cs Line: 492)

[AuditoriaConteudo] USS Wraith: unidade militar sem IdentidadeUnidade
UnityEngine.Debug:ExtractStackTraceNoAlloc (byte*,int,string)
UnityEngine.StackTraceUtility:ExtractStackTrace ()
UnityEngine.DebugLogHandler:Internal_Log (UnityEngine.LogType,UnityEngine.LogOption,string,UnityEngine.Object)
UnityEngine.DebugLogHandler:LogFormat (UnityEngine.LogType,UnityEngine.Object,string,object[])
UnityEngine.Logger:Log (UnityEngine.LogType,object,UnityEngine.Object)
UnityEngine.Debug:LogError (object,UnityEngine.Object)
AuditoriaConteudoJogo:Emitir (string,string,int&,int) (at Assets/scripts/AuditoriaConteudoJogo.cs:488)
AuditoriaConteudoJogo:AuditarFicha (DadosConstrucao,int&,int&,int&,int) (at Assets/scripts/AuditoriaConteudoJogo.cs:344)
AuditoriaConteudoJogo:RodarAuditoria () (at Assets/scripts/AuditoriaConteudoJogo.cs:173)
AuditoriaConteudoJogo/<RodarAuditoriaAtrasada>d__22:MoveNext () (at Assets/scripts/AuditoriaConteudoJogo.cs:148)
UnityEngine.SetupCoroutine:InvokeMoveNext (System.Collections.IEnumerator,intptr)

(Filename: Assets/scripts/AuditoriaConteudoJogo.cs Line: 488)

[AuditoriaConteudo] USS Wraith: unidade militar sem SistemaDeDanos
UnityEngine.Debug:ExtractStackTraceNoAlloc (byte*,int,string)
UnityEngine.StackTraceUtility:ExtractStackTrace ()
UnityEngine.DebugLogHandler:Internal_Log (UnityEngine.LogType,UnityEngine.LogOption,string,UnityEngine.Object)
UnityEngine.DebugLogHandler:LogFormat (UnityEngine.LogType,UnityEngine.Object,string,object[])
UnityEngine.Logger:Log (UnityEngine.LogType,object,UnityEngine.Object)
UnityEngine.Debug:LogError (object,UnityEngine.Object)
AuditoriaConteudoJogo:Emitir (string,string,int&,int) (at Assets/scripts/AuditoriaConteudoJogo.cs:488)
AuditoriaConteudoJogo:AuditarFicha (DadosConstrucao,int&,int&,int&,int) (at Assets/scripts/AuditoriaConteudoJogo.cs:360)
AuditoriaConteudoJogo:RodarAuditoria () (at Assets/scripts/AuditoriaConteudoJogo.cs:173)
AuditoriaConteudoJogo/<RodarAuditoriaAtrasada>d__22:MoveNext () (at Assets/scripts/AuditoriaConteudoJogo.cs:148)
UnityEngine.SetupCoroutine:InvokeMoveNext (System.Collections.IEnumerator,intptr)

(Filename: Assets/scripts/AuditoriaConteudoJogo.cs Line: 488)

[AuditoriaConteudo] USS Wraith: unidade de combate sem arma/sistema de tiro detectado
UnityEngine.Debug:ExtractStackTraceNoAlloc (byte*,int,string)
UnityEngine.StackTraceUtility:ExtractStackTrace ()
UnityEngine.DebugLogHandler:Internal_Log (UnityEngine.LogType,UnityEngine.LogOption,string,UnityEngine.Object)
UnityEngine.DebugLogHandler:LogFormat (UnityEngine.LogType,UnityEngine.Object,string,object[])
UnityEngine.Logger:Log (UnityEngine.LogType,object,UnityEngine.Object)
UnityEngine.Debug:LogWarning (object,UnityEngine.Object)
AuditoriaConteudoJogo:Emitir (string,string,int&,int) (at Assets/scripts/AuditoriaConteudoJogo.cs:492)
AuditoriaConteudoJogo:AuditarFicha (DadosConstrucao,int&,int&,int&,int) (at Assets/scripts/AuditoriaConteudoJogo.cs:373)
AuditoriaConteudoJogo:RodarAuditoria () (at Assets/scripts/AuditoriaConteudoJogo.cs:173)
AuditoriaConteudoJogo/<RodarAuditoriaAtrasada>d__22:MoveNext () (at Assets/scripts/AuditoriaConteudoJogo.cs:148)
UnityEngine.SetupCoroutine:InvokeMoveNext (System.Collections.IEnumerator,intptr)

(Filename: Assets/scripts/AuditoriaConteudoJogo.cs Line: 492)

[AuditoriaConteudo] DH Hasaf: unidade militar sem Collider (Ignorado)
UnityEngine.Debug:ExtractStackTraceNoAlloc (byte*,int,string)
UnityEngine.StackTraceUtility:ExtractStackTrace ()
UnityEngine.DebugLogHandler:Internal_Log (UnityEngine.LogType,UnityEngine.LogOption,string,UnityEngine.Object)
UnityEngine.DebugLogHandler:LogFormat (UnityEngine.LogType,UnityEngine.Object,string,object[])
UnityEngine.Logger:Log (UnityEngine.LogType,object,UnityEngine.Object)
UnityEngine.Debug:LogWarning (object,UnityEngine.Object)
AuditoriaConteudoJogo:Emitir (string,string,int&,int) (at Assets/scripts/AuditoriaConteudoJogo.cs:492)
AuditoriaConteudoJogo:AuditarFicha (DadosConstrucao,int&,int&,int&,int) (at Assets/scripts/AuditoriaConteudoJogo.cs:313)
AuditoriaConteudoJogo:RodarAuditoria () (at Assets/scripts/AuditoriaConteudoJogo.cs:173)
AuditoriaConteudoJogo/<RodarAuditoriaAtrasada>d__22:MoveNext () (at Assets/scripts/AuditoriaConteudoJogo.cs:148)
UnityEngine.SetupCoroutine:InvokeMoveNext (System.Collections.IEnumerator,intptr)

(Filename: Assets/scripts/AuditoriaConteudoJogo.cs Line: 492)

[AuditoriaConteudo] Drone Veloster: unidade de combate sem arma/sistema de tiro detectado
UnityEngine.Debug:ExtractStackTraceNoAlloc (byte*,int,string)
UnityEngine.StackTraceUtility:ExtractStackTrace ()
UnityEngine.DebugLogHandler:Internal_Log (UnityEngine.LogType,UnityEngine.LogOption,string,UnityEngine.Object)
UnityEngine.DebugLogHandler:LogFormat (UnityEngine.LogType,UnityEngine.Object,string,object[])
UnityEngine.Logger:Log (UnityEngine.LogType,object,UnityEngine.Object)
UnityEngine.Debug:LogWarning (object,UnityEngine.Object)
AuditoriaConteudoJogo:Emitir (string,string,int&,int) (at Assets/scripts/AuditoriaConteudoJogo.cs:492)
AuditoriaConteudoJogo:AuditarFicha (DadosConstrucao,int&,int&,int&,int) (at Assets/scripts/AuditoriaConteudoJogo.cs:373)
AuditoriaConteudoJogo:RodarAuditoria () (at Assets/scripts/AuditoriaConteudoJogo.cs:173)
AuditoriaConteudoJogo/<RodarAuditoriaAtrasada>d__22:MoveNext () (at Assets/scripts/AuditoriaConteudoJogo.cs:148)
UnityEngine.SetupCoroutine:InvokeMoveNext (System.Collections.IEnumerator,intptr)

(Filename: Assets/scripts/AuditoriaConteudoJogo.cs Line: 492)

[AuditoriaConteudo] Flow: unidade de combate sem arma/sistema de tiro detectado
UnityEngine.Debug:ExtractStackTraceNoAlloc (byte*,int,string)
UnityEngine.StackTraceUtility:ExtractStackTrace ()
UnityEngine.DebugLogHandler:Internal_Log (UnityEngine.LogType,UnityEngine.LogOption,string,UnityEngine.Object)
UnityEngine.DebugLogHandler:LogFormat (UnityEngine.LogType,UnityEngine.Object,string,object[])
UnityEngine.Logger:Log (UnityEngine.LogType,object,UnityEngine.Object)
UnityEngine.Debug:LogWarning (object,UnityEngine.Object)
AuditoriaConteudoJogo:Emitir (string,string,int&,int) (at Assets/scripts/AuditoriaConteudoJogo.cs:492)
AuditoriaConteudoJogo:AuditarFicha (DadosConstrucao,int&,int&,int&,int) (at Assets/scripts/AuditoriaConteudoJogo.cs:373)
AuditoriaConteudoJogo:RodarAuditoria () (at Assets/scripts/AuditoriaConteudoJogo.cs:173)
AuditoriaConteudoJogo/<RodarAuditoriaAtrasada>d__22:MoveNext () (at Assets/scripts/AuditoriaConteudoJogo.cs:148)
UnityEngine.SetupCoroutine:InvokeMoveNext (System.Collections.IEnumerator,intptr)

(Filename: Assets/scripts/AuditoriaConteudoJogo.cs Line: 492)

[AuditoriaConteudo] G_18M: unidade de combate sem arma/sistema de tiro detectado
UnityEngine.Debug:ExtractStackTraceNoAlloc (byte*,int,string)
UnityEngine.StackTraceUtility:ExtractStackTrace ()
UnityEngine.DebugLogHandler:Internal_Log (UnityEngine.LogType,UnityEngine.LogOption,string,UnityEngine.Object)
UnityEngine.DebugLogHandler:LogFormat (UnityEngine.LogType,UnityEngine.Object,string,object[])
UnityEngine.Logger:Log (UnityEngine.LogType,object,UnityEngine.Object)
UnityEngine.Debug:LogWarning (object,UnityEngine.Object)
AuditoriaConteudoJogo:Emitir (string,string,int&,int) (at Assets/scripts/AuditoriaConteudoJogo.cs:492)
AuditoriaConteudoJogo:AuditarFicha (DadosConstrucao,int&,int&,int&,int) (at Assets/scripts/AuditoriaConteudoJogo.cs:373)
AuditoriaConteudoJogo:RodarAuditoria () (at Assets/scripts/AuditoriaConteudoJogo.cs:173)
AuditoriaConteudoJogo/<RodarAuditoriaAtrasada>d__22:MoveNext () (at Assets/scripts/AuditoriaConteudoJogo.cs:148)
UnityEngine.SetupCoroutine:InvokeMoveNext (System.Collections.IEnumerator,intptr)

(Filename: Assets/scripts/AuditoriaConteudoJogo.cs Line: 492)

[AuditoriaConteudo] Garcia G15: unidade de combate sem arma/sistema de tiro detectado
UnityEngine.Debug:ExtractStackTraceNoAlloc (byte*,int,string)
UnityEngine.StackTraceUtility:ExtractStackTrace ()
UnityEngine.DebugLogHandler:Internal_Log (UnityEngine.LogType,UnityEngine.LogOption,string,UnityEngine.Object)
UnityEngine.DebugLogHandler:LogFormat (UnityEngine.LogType,UnityEngine.Object,string,object[])
UnityEngine.Logger:Log (UnityEngine.LogType,object,UnityEngine.Object)
UnityEngine.Debug:LogWarning (object,UnityEngine.Object)
AuditoriaConteudoJogo:Emitir (string,string,int&,int) (at Assets/scripts/AuditoriaConteudoJogo.cs:492)
AuditoriaConteudoJogo:AuditarFicha (DadosConstrucao,int&,int&,int&,int) (at Assets/scripts/AuditoriaConteudoJogo.cs:373)
AuditoriaConteudoJogo:RodarAuditoria () (at Assets/scripts/AuditoriaConteudoJogo.cs:173)
AuditoriaConteudoJogo/<RodarAuditoriaAtrasada>d__22:MoveNext () (at Assets/scripts/AuditoriaConteudoJogo.cs:148)
UnityEngine.SetupCoroutine:InvokeMoveNext (System.Collections.IEnumerator,intptr)

(Filename: Assets/scripts/AuditoriaConteudoJogo.cs Line: 492)

[AuditoriaConteudo] Helicóptero Ray: unidade de combate sem arma/sistema de tiro detectado
UnityEngine.Debug:ExtractStackTraceNoAlloc (byte*,int,string)
UnityEngine.StackTraceUtility:ExtractStackTrace ()
UnityEngine.DebugLogHandler:Internal_Log (UnityEngine.LogType,UnityEngine.LogOption,string,UnityEngine.Object)
UnityEngine.DebugLogHandler:LogFormat (UnityEngine.LogType,UnityEngine.Object,string,object[])
UnityEngine.Logger:Log (UnityEngine.LogType,object,UnityEngine.Object)
UnityEngine.Debug:LogWarning (object,UnityEngine.Object)
AuditoriaConteudoJogo:Emitir (string,string,int&,int) (at Assets/scripts/AuditoriaConteudoJogo.cs:492)
AuditoriaConteudoJogo:AuditarFicha (DadosConstrucao,int&,int&,int&,int) (at Assets/scripts/AuditoriaConteudoJogo.cs:373)
AuditoriaConteudoJogo:RodarAuditoria () (at Assets/scripts/AuditoriaConteudoJogo.cs:173)
AuditoriaConteudoJogo/<RodarAuditoriaAtrasada>d__22:MoveNext () (at Assets/scripts/AuditoriaConteudoJogo.cs:148)
UnityEngine.SetupCoroutine:InvokeMoveNext (System.Collections.IEnumerator,intptr)

(Filename: Assets/scripts/AuditoriaConteudoJogo.cs Line: 492)

[AuditoriaConteudo] Su11: unidade de combate sem arma/sistema de tiro detectado
UnityEngine.Debug:ExtractStackTraceNoAlloc (byte*,int,string)
UnityEngine.StackTraceUtility:ExtractStackTrace ()
UnityEngine.DebugLogHandler:Internal_Log (UnityEngine.LogType,UnityEngine.LogOption,string,UnityEngine.Object)
UnityEngine.DebugLogHandler:LogFormat (UnityEngine.LogType,UnityEngine.Object,string,object[])
UnityEngine.Logger:Log (UnityEngine.LogType,object,UnityEngine.Object)
UnityEngine.Debug:LogWarning (object,UnityEngine.Object)
AuditoriaConteudoJogo:Emitir (string,string,int&,int) (at Assets/scripts/AuditoriaConteudoJogo.cs:492)
AuditoriaConteudoJogo:AuditarFicha (DadosConstrucao,int&,int&,int&,int) (at Assets/scripts/AuditoriaConteudoJogo.cs:373)
AuditoriaConteudoJogo:RodarAuditoria () (at Assets/scripts/AuditoriaConteudoJogo.cs:173)
AuditoriaConteudoJogo/<RodarAuditoriaAtrasada>d__22:MoveNext () (at Assets/scripts/AuditoriaConteudoJogo.cs:148)
UnityEngine.SetupCoroutine:InvokeMoveNext (System.Collections.IEnumerator,intptr)

(Filename: Assets/scripts/AuditoriaConteudoJogo.cs Line: 492)

[AuditoriaConteudo] Su20: unidade de combate sem arma/sistema de tiro detectado
UnityEngine.Debug:ExtractStackTraceNoAlloc (byte*,int,string)
UnityEngine.StackTraceUtility:ExtractStackTrace ()
UnityEngine.DebugLogHandler:Internal_Log (UnityEngine.LogType,UnityEngine.LogOption,string,UnityEngine.Object)
UnityEngine.DebugLogHandler:LogFormat (UnityEngine.LogType,UnityEngine.Object,string,object[])
UnityEngine.Logger:Log (UnityEngine.LogType,object,UnityEngine.Object)
UnityEngine.Debug:LogWarning (object,UnityEngine.Object)
AuditoriaConteudoJogo:Emitir (string,string,int&,int) (at Assets/scripts/AuditoriaConteudoJogo.cs:492)
AuditoriaConteudoJogo:AuditarFicha (DadosConstrucao,int&,int&,int&,int) (at Assets/scripts/AuditoriaConteudoJogo.cs:373)
AuditoriaConteudoJogo:RodarAuditoria () (at Assets/scripts/AuditoriaConteudoJogo.cs:173)
AuditoriaConteudoJogo/<RodarAuditoriaAtrasada>d__22:MoveNext () (at Assets/scripts/AuditoriaConteudoJogo.cs:148)
UnityEngine.SetupCoroutine:InvokeMoveNext (System.Collections.IEnumerator,intptr)

(Filename: Assets/scripts/AuditoriaConteudoJogo.cs Line: 492)

[AuditoriaConteudo] Vans falcon: id estavel duplicado (vans falcon)
UnityEngine.Debug:ExtractStackTraceNoAlloc (byte*,int,string)
UnityEngine.StackTraceUtility:ExtractStackTrace ()
UnityEngine.DebugLogHandler:Internal_Log (UnityEngine.LogType,UnityEngine.LogOption,string,UnityEngine.Object)
UnityEngine.DebugLogHandler:LogFormat (UnityEngine.LogType,UnityEngine.Object,string,object[])
UnityEngine.Logger:Log (UnityEngine.LogType,object,UnityEngine.Object)
UnityEngine.Debug:LogError (object,UnityEngine.Object)
AuditoriaConteudoJogo:Emitir (string,string,int&,int) (at Assets/scripts/AuditoriaConteudoJogo.cs:488)
AuditoriaConteudoJogo:AuditarFicha (DadosConstrucao,int&,int&,int&,int) (at Assets/scripts/AuditoriaConteudoJogo.cs:258)
AuditoriaConteudoJogo:RodarAuditoria () (at Assets/scripts/AuditoriaConteudoJogo.cs:173)
AuditoriaConteudoJogo/<RodarAuditoriaAtrasada>d__22:MoveNext () (at Assets/scripts/AuditoriaConteudoJogo.cs:148)
UnityEngine.SetupCoroutine:InvokeMoveNext (System.Collections.IEnumerator,intptr)

(Filename: Assets/scripts/AuditoriaConteudoJogo.cs Line: 488)

[AuditoriaConteudo] VAP Drone: unidade de combate sem arma/sistema de tiro detectado
UnityEngine.Debug:ExtractStackTraceNoAlloc (byte*,int,string)
UnityEngine.StackTraceUtility:ExtractStackTrace ()
UnityEngine.DebugLogHandler:Internal_Log (UnityEngine.LogType,UnityEngine.LogOption,string,UnityEngine.Object)
UnityEngine.DebugLogHandler:LogFormat (UnityEngine.LogType,UnityEngine.Object,string,object[])
UnityEngine.Logger:Log (UnityEngine.LogType,object,UnityEngine.Object)
UnityEngine.Debug:LogWarning (object,UnityEngine.Object)
AuditoriaConteudoJogo:Emitir (string,string,int&,int) (at Assets/scripts/AuditoriaConteudoJogo.cs:492)
AuditoriaConteudoJogo:AuditarFicha (DadosConstrucao,int&,int&,int&,int) (at Assets/scripts/AuditoriaConteudoJogo.cs:373)
AuditoriaConteudoJogo:RodarAuditoria () (at Assets/scripts/AuditoriaConteudoJogo.cs:173)
AuditoriaConteudoJogo/<RodarAuditoriaAtrasada>d__22:MoveNext () (at Assets/scripts/AuditoriaConteudoJogo.cs:148)
UnityEngine.SetupCoroutine:InvokeMoveNext (System.Collections.IEnumerator,intptr)

(Filename: Assets/scripts/AuditoriaConteudoJogo.cs Line: 492)

[AuditoriaConteudo] Armazem : prefab sem SaveableEntity para save completo
UnityEngine.Debug:ExtractStackTraceNoAlloc (byte*,int,string)
UnityEngine.StackTraceUtility:ExtractStackTrace ()
UnityEngine.DebugLogHandler:Internal_Log (UnityEngine.LogType,UnityEngine.LogOption,string,UnityEngine.Object)
UnityEngine.DebugLogHandler:LogFormat (UnityEngine.LogType,UnityEngine.Object,string,object[])
UnityEngine.Logger:Log (UnityEngine.LogType,object,UnityEngine.Object)
UnityEngine.Debug:LogWarning (object,UnityEngine.Object)
AuditoriaConteudoJogo:Emitir (string,string,int&,int) (at Assets/scripts/AuditoriaConteudoJogo.cs:492)
AuditoriaConteudoJogo:AuditarFicha (DadosConstrucao,int&,int&,int&,int) (at Assets/scripts/AuditoriaConteudoJogo.cs:331)
AuditoriaConteudoJogo:RodarAuditoria () (at Assets/scripts/AuditoriaConteudoJogo.cs:173)
AuditoriaConteudoJogo/<RodarAuditoriaAtrasada>d__22:MoveNext () (at Assets/scripts/AuditoriaConteudoJogo.cs:148)
UnityEngine.SetupCoroutine:InvokeMoveNext (System.Collections.IEnumerator,intptr)

(Filename: Assets/scripts/AuditoriaConteudoJogo.cs Line: 492)

[AuditoriaConteudo] Armazem Militar: prefab sem SaveableEntity para save completo
UnityEngine.Debug:ExtractStackTraceNoAlloc (byte*,int,string)
UnityEngine.StackTraceUtility:ExtractStackTrace ()
UnityEngine.DebugLogHandler:Internal_Log (UnityEngine.LogType,UnityEngine.LogOption,string,UnityEngine.Object)
UnityEngine.DebugLogHandler:LogFormat (UnityEngine.LogType,UnityEngine.Object,string,object[])
UnityEngine.Logger:Log (UnityEngine.LogType,object,UnityEngine.Object)
UnityEngine.Debug:LogWarning (object,UnityEngine.Object)
AuditoriaConteudoJogo:Emitir (string,string,int&,int) (at Assets/scripts/AuditoriaConteudoJogo.cs:492)
AuditoriaConteudoJogo:AuditarFicha (DadosConstrucao,int&,int&,int&,int) (at Assets/scripts/AuditoriaConteudoJogo.cs:331)
AuditoriaConteudoJogo:RodarAuditoria () (at Assets/scripts/AuditoriaConteudoJogo.cs:173)
AuditoriaConteudoJogo/<RodarAuditoriaAtrasada>d__22:MoveNext () (at Assets/scripts/AuditoriaConteudoJogo.cs:148)
UnityEngine.SetupCoroutine:InvokeMoveNext (System.Collections.IEnumerator,intptr)

(Filename: Assets/scripts/AuditoriaConteudoJogo.cs Line: 492)

[AuditoriaConteudo] Fabrica: prefab sem SaveableEntity para save completo
UnityEngine.Debug:ExtractStackTraceNoAlloc (byte*,int,string)
UnityEngine.StackTraceUtility:ExtractStackTrace ()
UnityEngine.DebugLogHandler:Internal_Log (UnityEngine.LogType,UnityEngine.LogOption,string,UnityEngine.Object)
UnityEngine.DebugLogHandler:LogFormat (UnityEngine.LogType,UnityEngine.Object,string,object[])
UnityEngine.Logger:Log (UnityEngine.LogType,object,UnityEngine.Object)
UnityEngine.Debug:LogWarning (object,UnityEngine.Object)
AuditoriaConteudoJogo:Emitir (string,string,int&,int) (at Assets/scripts/AuditoriaConteudoJogo.cs:492)
AuditoriaConteudoJogo:AuditarFicha (DadosConstrucao,int&,int&,int&,int) (at Assets/scripts/AuditoriaConteudoJogo.cs:331)
AuditoriaConteudoJogo:RodarAuditoria () (at Assets/scripts/AuditoriaConteudoJogo.cs:173)
AuditoriaConteudoJogo/<RodarAuditoriaAtrasada>d__22:MoveNext () (at Assets/scripts/AuditoriaConteudoJogo.cs:148)
UnityEngine.SetupCoroutine:InvokeMoveNext (System.Collections.IEnumerator,intptr)

(Filename: Assets/scripts/AuditoriaConteudoJogo.cs Line: 492)

[AuditoriaConteudo] Fabrica: prefab sem SistemaDeDanos
UnityEngine.Debug:ExtractStackTraceNoAlloc (byte*,int,string)
UnityEngine.StackTraceUtility:ExtractStackTrace ()
UnityEngine.DebugLogHandler:Internal_Log (UnityEngine.LogType,UnityEngine.LogOption,string,UnityEngine.Object)
UnityEngine.DebugLogHandler:LogFormat (UnityEngine.LogType,UnityEngine.Object,string,object[])
UnityEngine.Logger:Log (UnityEngine.LogType,object,UnityEngine.Object)
UnityEngine.Debug:LogWarning (object,UnityEngine.Object)
AuditoriaConteudoJogo:Emitir (string,string,int&,int) (at Assets/scripts/AuditoriaConteudoJogo.cs:492)
AuditoriaConteudoJogo:AuditarFicha (DadosConstrucao,int&,int&,int&,int) (at Assets/scripts/AuditoriaConteudoJogo.cs:366)
AuditoriaConteudoJogo:RodarAuditoria () (at Assets/scripts/AuditoriaConteudoJogo.cs:173)
AuditoriaConteudoJogo/<RodarAuditoriaAtrasada>d__22:MoveNext () (at Assets/scripts/AuditoriaConteudoJogo.cs:148)
UnityEngine.SetupCoroutine:InvokeMoveNext (System.Collections.IEnumerator,intptr)

(Filename: Assets/scripts/AuditoriaConteudoJogo.cs Line: 492)

[AuditoriaConteudo] Heliporto: prefab sem collider
UnityEngine.Debug:ExtractStackTraceNoAlloc (byte*,int,string)
UnityEngine.StackTraceUtility:ExtractStackTrace ()
UnityEngine.DebugLogHandler:Internal_Log (UnityEngine.LogType,UnityEngine.LogOption,string,UnityEngine.Object)
UnityEngine.DebugLogHandler:LogFormat (UnityEngine.LogType,UnityEngine.Object,string,object[])
UnityEngine.Logger:Log (UnityEngine.LogType,object,UnityEngine.Object)
UnityEngine.Debug:LogWarning (object,UnityEngine.Object)
AuditoriaConteudoJogo:Emitir (string,string,int&,int) (at Assets/scripts/AuditoriaConteudoJogo.cs:492)
AuditoriaConteudoJogo:AuditarFicha (DadosConstrucao,int&,int&,int&,int) (at Assets/scripts/AuditoriaConteudoJogo.cs:324)
AuditoriaConteudoJogo:RodarAuditoria () (at Assets/scripts/AuditoriaConteudoJogo.cs:173)
AuditoriaConteudoJogo/<RodarAuditoriaAtrasada>d__22:MoveNext () (at Assets/scripts/AuditoriaConteudoJogo.cs:148)
UnityEngine.SetupCoroutine:InvokeMoveNext (System.Collections.IEnumerator,intptr)

(Filename: Assets/scripts/AuditoriaConteudoJogo.cs Line: 492)

[AuditoriaConteudo] Heliporto: prefab sem SaveableEntity para save completo
UnityEngine.Debug:ExtractStackTraceNoAlloc (byte*,int,string)
UnityEngine.StackTraceUtility:ExtractStackTrace ()
UnityEngine.DebugLogHandler:Internal_Log (UnityEngine.LogType,UnityEngine.LogOption,string,UnityEngine.Object)
UnityEngine.DebugLogHandler:LogFormat (UnityEngine.LogType,UnityEngine.Object,string,object[])
UnityEngine.Logger:Log (UnityEngine.LogType,object,UnityEngine.Object)
UnityEngine.Debug:LogWarning (object,UnityEngine.Object)
AuditoriaConteudoJogo:Emitir (string,string,int&,int) (at Assets/scripts/AuditoriaConteudoJogo.cs:492)
AuditoriaConteudoJogo:AuditarFicha (DadosConstrucao,int&,int&,int&,int) (at Assets/scripts/AuditoriaConteudoJogo.cs:331)
AuditoriaConteudoJogo:RodarAuditoria () (at Assets/scripts/AuditoriaConteudoJogo.cs:173)
AuditoriaConteudoJogo/<RodarAuditoriaAtrasada>d__22:MoveNext () (at Assets/scripts/AuditoriaConteudoJogo.cs:148)
UnityEngine.SetupCoroutine:InvokeMoveNext (System.Collections.IEnumerator,intptr)

(Filename: Assets/scripts/AuditoriaConteudoJogo.cs Line: 492)

[AuditoriaConteudo] Heliporto: prefab sem SistemaDeDanos
UnityEngine.Debug:ExtractStackTraceNoAlloc (byte*,int,string)
UnityEngine.StackTraceUtility:ExtractStackTrace ()
UnityEngine.DebugLogHandler:Internal_Log (UnityEngine.LogType,UnityEngine.LogOption,string,UnityEngine.Object)
UnityEngine.DebugLogHandler:LogFormat (UnityEngine.LogType,UnityEngine.Object,string,object[])
UnityEngine.Logger:Log (UnityEngine.LogType,object,UnityEngine.Object)
UnityEngine.Debug:LogWarning (object,UnityEngine.Object)
AuditoriaConteudoJogo:Emitir (string,string,int&,int) (at Assets/scripts/AuditoriaConteudoJogo.cs:492)
AuditoriaConteudoJogo:AuditarFicha (DadosConstrucao,int&,int&,int&,int) (at Assets/scripts/AuditoriaConteudoJogo.cs:366)
AuditoriaConteudoJogo:RodarAuditoria () (at Assets/scripts/AuditoriaConteudoJogo.cs:173)
AuditoriaConteudoJogo/<RodarAuditoriaAtrasada>d__22:MoveNext () (at Assets/scripts/AuditoriaConteudoJogo.cs:148)
UnityEngine.SetupCoroutine:InvokeMoveNext (System.Collections.IEnumerator,intptr)

(Filename: Assets/scripts/AuditoriaConteudoJogo.cs Line: 492)

[AuditoriaConteudo] Lancador de Misseis: prefab sem SaveableEntity para save completo
UnityEngine.Debug:ExtractStackTraceNoAlloc (byte*,int,string)
UnityEngine.StackTraceUtility:ExtractStackTrace ()
UnityEngine.DebugLogHandler:Internal_Log (UnityEngine.LogType,UnityEngine.LogOption,string,UnityEngine.Object)
UnityEngine.DebugLogHandler:LogFormat (UnityEngine.LogType,UnityEngine.Object,string,object[])
UnityEngine.Logger:Log (UnityEngine.LogType,object,UnityEngine.Object)
UnityEngine.Debug:LogWarning (object,UnityEngine.Object)
AuditoriaConteudoJogo:Emitir (string,string,int&,int) (at Assets/scripts/AuditoriaConteudoJogo.cs:492)
AuditoriaConteudoJogo:AuditarFicha (DadosConstrucao,int&,int&,int&,int) (at Assets/scripts/AuditoriaConteudoJogo.cs:331)
AuditoriaConteudoJogo:RodarAuditoria () (at Assets/scripts/AuditoriaConteudoJogo.cs:173)
AuditoriaConteudoJogo/<RodarAuditoriaAtrasada>d__22:MoveNext () (at Assets/scripts/AuditoriaConteudoJogo.cs:148)
UnityEngine.SetupCoroutine:InvokeMoveNext (System.Collections.IEnumerator,intptr)

(Filename: Assets/scripts/AuditoriaConteudoJogo.cs Line: 492)

[AuditoriaConteudo] Lancador de Misseis: prefab sem SistemaDeDanos
UnityEngine.Debug:ExtractStackTraceNoAlloc (byte*,int,string)
UnityEngine.StackTraceUtility:ExtractStackTrace ()
UnityEngine.DebugLogHandler:Internal_Log (UnityEngine.LogType,UnityEngine.LogOption,string,UnityEngine.Object)
UnityEngine.DebugLogHandler:LogFormat (UnityEngine.LogType,UnityEngine.Object,string,object[])
UnityEngine.Logger:Log (UnityEngine.LogType,object,UnityEngine.Object)
UnityEngine.Debug:LogWarning (object,UnityEngine.Object)
AuditoriaConteudoJogo:Emitir (string,string,int&,int) (at Assets/scripts/AuditoriaConteudoJogo.cs:492)
AuditoriaConteudoJogo:AuditarFicha (DadosConstrucao,int&,int&,int&,int) (at Assets/scripts/AuditoriaConteudoJogo.cs:366)
AuditoriaConteudoJogo:RodarAuditoria () (at Assets/scripts/AuditoriaConteudoJogo.cs:173)
AuditoriaConteudoJogo/<RodarAuditoriaAtrasada>d__22:MoveNext () (at Assets/scripts/AuditoriaConteudoJogo.cs:148)
UnityEngine.SetupCoroutine:InvokeMoveNext (System.Collections.IEnumerator,intptr)

(Filename: Assets/scripts/AuditoriaConteudoJogo.cs Line: 492)

[AuditoriaConteudo] Muro lateral: prefab sem collider
UnityEngine.Debug:ExtractStackTraceNoAlloc (byte*,int,string)
UnityEngine.StackTraceUtility:ExtractStackTrace ()
UnityEngine.DebugLogHandler:Internal_Log (UnityEngine.LogType,UnityEngine.LogOption,string,UnityEngine.Object)
UnityEngine.DebugLogHandler:LogFormat (UnityEngine.LogType,UnityEngine.Object,string,object[])
UnityEngine.Logger:Log (UnityEngine.LogType,object,UnityEngine.Object)
UnityEngine.Debug:LogWarning (object,UnityEngine.Object)
AuditoriaConteudoJogo:Emitir (string,string,int&,int) (at Assets/scripts/AuditoriaConteudoJogo.cs:492)
AuditoriaConteudoJogo:AuditarFicha (DadosConstrucao,int&,int&,int&,int) (at Assets/scripts/AuditoriaConteudoJogo.cs:324)
AuditoriaConteudoJogo:RodarAuditoria () (at Assets/scripts/AuditoriaConteudoJogo.cs:173)
AuditoriaConteudoJogo/<RodarAuditoriaAtrasada>d__22:MoveNext () (at Assets/scripts/AuditoriaConteudoJogo.cs:148)
UnityEngine.SetupCoroutine:InvokeMoveNext (System.Collections.IEnumerator,intptr)

(Filename: Assets/scripts/AuditoriaConteudoJogo.cs Line: 492)

[AuditoriaConteudo] Muro lateral: prefab sem SaveableEntity para save completo
UnityEngine.Debug:ExtractStackTraceNoAlloc (byte*,int,string)
UnityEngine.StackTraceUtility:ExtractStackTrace ()
UnityEngine.DebugLogHandler:Internal_Log (UnityEngine.LogType,UnityEngine.LogOption,string,UnityEngine.Object)
UnityEngine.DebugLogHandler:LogFormat (UnityEngine.LogType,UnityEngine.Object,string,object[])
UnityEngine.Logger:Log (UnityEngine.LogType,object,UnityEngine.Object)
UnityEngine.Debug:LogWarning (object,UnityEngine.Object)
AuditoriaConteudoJogo:Emitir (string,string,int&,int) (at Assets/scripts/AuditoriaConteudoJogo.cs:492)
AuditoriaConteudoJogo:AuditarFicha (DadosConstrucao,int&,int&,int&,int) (at Assets/scripts/AuditoriaConteudoJogo.cs:331)
AuditoriaConteudoJogo:RodarAuditoria () (at Assets/scripts/AuditoriaConteudoJogo.cs:173)
AuditoriaConteudoJogo/<RodarAuditoriaAtrasada>d__22:MoveNext () (at Assets/scripts/AuditoriaConteudoJogo.cs:148)
UnityEngine.SetupCoroutine:InvokeMoveNext (System.Collections.IEnumerator,intptr)

(Filename: Assets/scripts/AuditoriaConteudoJogo.cs Line: 492)

[AuditoriaConteudo] Muro lateral: prefab sem SistemaDeDanos
UnityEngine.Debug:ExtractStackTraceNoAlloc (byte*,int,string)
UnityEngine.StackTraceUtility:ExtractStackTrace ()
UnityEngine.DebugLogHandler:Internal_Log (UnityEngine.LogType,UnityEngine.LogOption,string,UnityEngine.Object)
UnityEngine.DebugLogHandler:LogFormat (UnityEngine.LogType,UnityEngine.Object,string,object[])
UnityEngine.Logger:Log (UnityEngine.LogType,object,UnityEngine.Object)
UnityEngine.Debug:LogWarning (object,UnityEngine.Object)
AuditoriaConteudoJogo:Emitir (string,string,int&,int) (at Assets/scripts/AuditoriaConteudoJogo.cs:492)
AuditoriaConteudoJogo:AuditarFicha (DadosConstrucao,int&,int&,int&,int) (at Assets/scripts/AuditoriaConteudoJogo.cs:366)
AuditoriaConteudoJogo:RodarAuditoria () (at Assets/scripts/AuditoriaConteudoJogo.cs:173)
AuditoriaConteudoJogo/<RodarAuditoriaAtrasada>d__22:MoveNext () (at Assets/scripts/AuditoriaConteudoJogo.cs:148)
UnityEngine.SetupCoroutine:InvokeMoveNext (System.Collections.IEnumerator,intptr)

(Filename: Assets/scripts/AuditoriaConteudoJogo.cs Line: 492)

[AuditoriaConteudo] rua reta: prefab sem SaveableEntity para save completo
UnityEngine.Debug:ExtractStackTraceNoAlloc (byte*,int,string)
UnityEngine.StackTraceUtility:ExtractStackTrace ()
UnityEngine.DebugLogHandler:Internal_Log (UnityEngine.LogType,UnityEngine.LogOption,string,UnityEngine.Object)
UnityEngine.DebugLogHandler:LogFormat (UnityEngine.LogType,UnityEngine.Object,string,object[])
UnityEngine.Logger:Log (UnityEngine.LogType,object,UnityEngine.Object)
UnityEngine.Debug:LogWarning (object,UnityEngine.Object)
AuditoriaConteudoJogo:Emitir (string,string,int&,int) (at Assets/scripts/AuditoriaConteudoJogo.cs:492)
AuditoriaConteudoJogo:AuditarFicha (DadosConstrucao,int&,int&,int&,int) (at Assets/scripts/AuditoriaConteudoJogo.cs:331)
AuditoriaConteudoJogo:RodarAuditoria () (at Assets/scripts/AuditoriaConteudoJogo.cs:173)
AuditoriaConteudoJogo/<RodarAuditoriaAtrasada>d__22:MoveNext () (at Assets/scripts/AuditoriaConteudoJogo.cs:148)
UnityEngine.SetupCoroutine:InvokeMoveNext (System.Collections.IEnumerator,intptr)

(Filename: Assets/scripts/AuditoriaConteudoJogo.cs Line: 492)

[AuditoriaConteudo] rua reta: prefab sem SistemaDeDanos
UnityEngine.Debug:ExtractStackTraceNoAlloc (byte*,int,string)
UnityEngine.StackTraceUtility:ExtractStackTrace ()
UnityEngine.DebugLogHandler:Internal_Log (UnityEngine.LogType,UnityEngine.LogOption,string,UnityEngine.Object)
UnityEngine.DebugLogHandler:LogFormat (UnityEngine.LogType,UnityEngine.Object,string,object[])
UnityEngine.Logger:Log (UnityEngine.LogType,object,UnityEngine.Object)
UnityEngine.Debug:LogWarning (object,UnityEngine.Object)
AuditoriaConteudoJogo:Emitir (string,string,int&,int) (at Assets/scripts/AuditoriaConteudoJogo.cs:492)
AuditoriaConteudoJogo:AuditarFicha (DadosConstrucao,int&,int&,int&,int) (at Assets/scripts/AuditoriaConteudoJogo.cs:366)
AuditoriaConteudoJogo:RodarAuditoria () (at Assets/scripts/AuditoriaConteudoJogo.cs:173)
AuditoriaConteudoJogo/<RodarAuditoriaAtrasada>d__22:MoveNext () (at Assets/scripts/AuditoriaConteudoJogo.cs:148)
UnityEngine.SetupCoroutine:InvokeMoveNext (System.Collections.IEnumerator,intptr)

(Filename: Assets/scripts/AuditoriaConteudoJogo.cs Line: 492)

[AuditoriaConteudo] Tenda Militar: id estavel duplicado (tenda militar)
UnityEngine.Debug:ExtractStackTraceNoAlloc (byte*,int,string)
UnityEngine.StackTraceUtility:ExtractStackTrace ()
UnityEngine.DebugLogHandler:Internal_Log (UnityEngine.LogType,UnityEngine.LogOption,string,UnityEngine.Object)
UnityEngine.DebugLogHandler:LogFormat (UnityEngine.LogType,UnityEngine.Object,string,object[])
UnityEngine.Logger:Log (UnityEngine.LogType,object,UnityEngine.Object)
UnityEngine.Debug:LogError (object,UnityEngine.Object)
AuditoriaConteudoJogo:Emitir (string,string,int&,int) (at Assets/scripts/AuditoriaConteudoJogo.cs:488)
AuditoriaConteudoJogo:AuditarFicha (DadosConstrucao,int&,int&,int&,int) (at Assets/scripts/AuditoriaConteudoJogo.cs:258)
AuditoriaConteudoJogo:RodarAuditoria () (at Assets/scripts/AuditoriaConteudoJogo.cs:173)
AuditoriaConteudoJogo/<RodarAuditoriaAtrasada>d__22:MoveNext () (at Assets/scripts/AuditoriaConteudoJogo.cs:148)
UnityEngine.SetupCoroutine:InvokeMoveNext (System.Collections.IEnumerator,intptr)

(Filename: Assets/scripts/AuditoriaConteudoJogo.cs Line: 488)

[AuditoriaConteudo] Tenda Militar: id estavel duplicado (tenda militar)
UnityEngine.Debug:ExtractStackTraceNoAlloc (byte*,int,string)
UnityEngine.StackTraceUtility:ExtractStackTrace ()
UnityEngine.DebugLogHandler:Internal_Log (UnityEngine.LogType,UnityEngine.LogOption,string,UnityEngine.Object)
UnityEngine.DebugLogHandler:LogFormat (UnityEngine.LogType,UnityEngine.Object,string,object[])
UnityEngine.Logger:Log (UnityEngine.LogType,object,UnityEngine.Object)
UnityEngine.Debug:LogError (object,UnityEngine.Object)
AuditoriaConteudoJogo:Emitir (string,string,int&,int) (at Assets/scripts/AuditoriaConteudoJogo.cs:488)
AuditoriaConteudoJogo:AuditarFicha (DadosConstrucao,int&,int&,int&,int) (at Assets/scripts/AuditoriaConteudoJogo.cs:258)
AuditoriaConteudoJogo:RodarAuditoria () (at Assets/scripts/AuditoriaConteudoJogo.cs:173)
AuditoriaConteudoJogo/<RodarAuditoriaAtrasada>d__22:MoveNext () (at Assets/scripts/AuditoriaConteudoJogo.cs:148)
UnityEngine.SetupCoroutine:InvokeMoveNext (System.Collections.IEnumerator,intptr)

(Filename: Assets/scripts/AuditoriaConteudoJogo.cs Line: 488)

[AuditoriaConteudo] Tenda Militar: id estavel duplicado (tenda militar)
UnityEngine.Debug:ExtractStackTraceNoAlloc (byte*,int,string)
UnityEngine.StackTraceUtility:ExtractStackTrace ()
UnityEngine.DebugLogHandler:Internal_Log (UnityEngine.LogType,UnityEngine.LogOption,string,UnityEngine.Object)
UnityEngine.DebugLogHandler:LogFormat (UnityEngine.LogType,UnityEngine.Object,string,object[])
UnityEngine.Logger:Log (UnityEngine.LogType,object,UnityEngine.Object)
UnityEngine.Debug:LogError (object,UnityEngine.Object)
AuditoriaConteudoJogo:Emitir (string,string,int&,int) (at Assets/scripts/AuditoriaConteudoJogo.cs:488)
AuditoriaConteudoJogo:AuditarFicha (DadosConstrucao,int&,int&,int&,int) (at Assets/scripts/AuditoriaConteudoJogo.cs:258)
AuditoriaConteudoJogo:RodarAuditoria () (at Assets/scripts/AuditoriaConteudoJogo.cs:173)
AuditoriaConteudoJogo/<RodarAuditoriaAtrasada>d__22:MoveNext () (at Assets/scripts/AuditoriaConteudoJogo.cs:148)
UnityEngine.SetupCoroutine:InvokeMoveNext (System.Collections.IEnumerator,intptr)

(Filename: Assets/scripts/AuditoriaConteudoJogo.cs Line: 488)

[AuditoriaConteudo] Tenda Militar: id estavel duplicado (tenda militar)
UnityEngine.Debug:ExtractStackTraceNoAlloc (byte*,int,string)
UnityEngine.StackTraceUtility:ExtractStackTrace ()
UnityEngine.DebugLogHandler:Internal_Log (UnityEngine.LogType,UnityEngine.LogOption,string,UnityEngine.Object)
UnityEngine.DebugLogHandler:LogFormat (UnityEngine.LogType,UnityEngine.Object,string,object[])
UnityEngine.Logger:Log (UnityEngine.LogType,object,UnityEngine.Object)
UnityEngine.Debug:LogError (object,UnityEngine.Object)
AuditoriaConteudoJogo:Emitir (string,string,int&,int) (at Assets/scripts/AuditoriaConteudoJogo.cs:488)
AuditoriaConteudoJogo:AuditarFicha (DadosConstrucao,int&,int&,int&,int) (at Assets/scripts/AuditoriaConteudoJogo.cs:258)
AuditoriaConteudoJogo:RodarAuditoria () (at Assets/scripts/AuditoriaConteudoJogo.cs:173)
AuditoriaConteudoJogo/<RodarAuditoriaAtrasada>d__22:MoveNext () (at Assets/scripts/AuditoriaConteudoJogo.cs:148)
UnityEngine.SetupCoroutine:InvokeMoveNext (System.Collections.IEnumerator,intptr)

(Filename: Assets/scripts/AuditoriaConteudoJogo.cs Line: 488)

[AuditoriaConteudo] Casa: prefab sem SaveableEntity para save completo
UnityEngine.Debug:ExtractStackTraceNoAlloc (byte*,int,string)
UnityEngine.StackTraceUtility:ExtractStackTrace ()
UnityEngine.DebugLogHandler:Internal_Log (UnityEngine.LogType,UnityEngine.LogOption,string,UnityEngine.Object)
UnityEngine.DebugLogHandler:LogFormat (UnityEngine.LogType,UnityEngine.Object,string,object[])
UnityEngine.Logger:Log (UnityEngine.LogType,object,UnityEngine.Object)
UnityEngine.Debug:LogWarning (object,UnityEngine.Object)
AuditoriaConteudoJogo:Emitir (string,string,int&,int) (at Assets/scripts/AuditoriaConteudoJogo.cs:492)
AuditoriaConteudoJogo:AuditarFicha (DadosConstrucao,int&,int&,int&,int) (at Assets/scripts/AuditoriaConteudoJogo.cs:331)
AuditoriaConteudoJogo:RodarAuditoria () (at Assets/scripts/AuditoriaConteudoJogo.cs:173)
AuditoriaConteudoJogo/<RodarAuditoriaAtrasada>d__22:MoveNext () (at Assets/scripts/AuditoriaConteudoJogo.cs:148)
UnityEngine.SetupCoroutine:InvokeMoveNext (System.Collections.IEnumerator,intptr)

(Filename: Assets/scripts/AuditoriaConteudoJogo.cs Line: 492)

[AuditoriaConteudo] Centro de construcao: prefab sem collider
UnityEngine.Debug:ExtractStackTraceNoAlloc (byte*,int,string)
UnityEngine.StackTraceUtility:ExtractStackTrace ()
UnityEngine.DebugLogHandler:Internal_Log (UnityEngine.LogType,UnityEngine.LogOption,string,UnityEngine.Object)
UnityEngine.DebugLogHandler:LogFormat (UnityEngine.LogType,UnityEngine.Object,string,object[])
UnityEngine.Logger:Log (UnityEngine.LogType,object,UnityEngine.Object)
UnityEngine.Debug:LogWarning (object,UnityEngine.Object)
AuditoriaConteudoJogo:Emitir (string,string,int&,int) (at Assets/scripts/AuditoriaConteudoJogo.cs:492)
AuditoriaConteudoJogo:AuditarFicha (DadosConstrucao,int&,int&,int&,int) (at Assets/scripts/AuditoriaConteudoJogo.cs:324)
AuditoriaConteudoJogo:RodarAuditoria () (at Assets/scripts/AuditoriaConteudoJogo.cs:173)
AuditoriaConteudoJogo/<RodarAuditoriaAtrasada>d__22:MoveNext () (at Assets/scripts/AuditoriaConteudoJogo.cs:148)
UnityEngine.SetupCoroutine:InvokeMoveNext (System.Collections.IEnumerator,intptr)

(Filename: Assets/scripts/AuditoriaConteudoJogo.cs Line: 492)

[AuditoriaConteudo] Centro de construcao: prefab sem SaveableEntity para save completo
UnityEngine.Debug:ExtractStackTraceNoAlloc (byte*,int,string)
UnityEngine.StackTraceUtility:ExtractStackTrace ()
UnityEngine.DebugLogHandler:Internal_Log (UnityEngine.LogType,UnityEngine.LogOption,string,UnityEngine.Object)
UnityEngine.DebugLogHandler:LogFormat (UnityEngine.LogType,UnityEngine.Object,string,object[])
UnityEngine.Logger:Log (UnityEngine.LogType,object,UnityEngine.Object)
UnityEngine.Debug:LogWarning (object,UnityEngine.Object)
AuditoriaConteudoJogo:Emitir (string,string,int&,int) (at Assets/scripts/AuditoriaConteudoJogo.cs:492)
AuditoriaConteudoJogo:AuditarFicha (DadosConstrucao,int&,int&,int&,int) (at Assets/scripts/AuditoriaConteudoJogo.cs:331)
AuditoriaConteudoJogo:RodarAuditoria () (at Assets/scripts/AuditoriaConteudoJogo.cs:173)
AuditoriaConteudoJogo/<RodarAuditoriaAtrasada>d__22:MoveNext () (at Assets/scripts/AuditoriaConteudoJogo.cs:148)
UnityEngine.SetupCoroutine:InvokeMoveNext (System.Collections.IEnumerator,intptr)

(Filename: Assets/scripts/AuditoriaConteudoJogo.cs Line: 492)

[AuditoriaConteudo] Centro de construcao: prefab sem SistemaDeDanos
UnityEngine.Debug:ExtractStackTraceNoAlloc (byte*,int,string)
UnityEngine.StackTraceUtility:ExtractStackTrace ()
UnityEngine.DebugLogHandler:Internal_Log (UnityEngine.LogType,UnityEngine.LogOption,string,UnityEngine.Object)
UnityEngine.DebugLogHandler:LogFormat (UnityEngine.LogType,UnityEngine.Object,string,object[])
UnityEngine.Logger:Log (UnityEngine.LogType,object,UnityEngine.Object)
UnityEngine.Debug:LogWarning (object,UnityEngine.Object)
AuditoriaConteudoJogo:Emitir (string,string,int&,int) (at Assets/scripts/AuditoriaConteudoJogo.cs:492)
AuditoriaConteudoJogo:AuditarFicha (DadosConstrucao,int&,int&,int&,int) (at Assets/scripts/AuditoriaConteudoJogo.cs:366)
AuditoriaConteudoJogo:RodarAuditoria () (at Assets/scripts/AuditoriaConteudoJogo.cs:173)
AuditoriaConteudoJogo/<RodarAuditoriaAtrasada>d__22:MoveNext () (at Assets/scripts/AuditoriaConteudoJogo.cs:148)
UnityEngine.SetupCoroutine:InvokeMoveNext (System.Collections.IEnumerator,intptr)

(Filename: Assets/scripts/AuditoriaConteudoJogo.cs Line: 492)

[AuditoriaConteudo] Predio Hard: prefab sem SaveableEntity para save completo
UnityEngine.Debug:ExtractStackTraceNoAlloc (byte*,int,string)
UnityEngine.StackTraceUtility:ExtractStackTrace ()
UnityEngine.DebugLogHandler:Internal_Log (UnityEngine.LogType,UnityEngine.LogOption,string,UnityEngine.Object)
UnityEngine.DebugLogHandler:LogFormat (UnityEngine.LogType,UnityEngine.Object,string,object[])
UnityEngine.Logger:Log (UnityEngine.LogType,object,UnityEngine.Object)
UnityEngine.Debug:LogWarning (object,UnityEngine.Object)
AuditoriaConteudoJogo:Emitir (string,string,int&,int) (at Assets/scripts/AuditoriaConteudoJogo.cs:492)
AuditoriaConteudoJogo:AuditarFicha (DadosConstrucao,int&,int&,int&,int) (at Assets/scripts/AuditoriaConteudoJogo.cs:331)
AuditoriaConteudoJogo:RodarAuditoria () (at Assets/scripts/AuditoriaConteudoJogo.cs:173)
AuditoriaConteudoJogo/<RodarAuditoriaAtrasada>d__22:MoveNext () (at Assets/scripts/AuditoriaConteudoJogo.cs:148)
UnityEngine.SetupCoroutine:InvokeMoveNext (System.Collections.IEnumerator,intptr)

(Filename: Assets/scripts/AuditoriaConteudoJogo.cs Line: 492)

[AuditoriaConteudo] Predio Medio: prefab sem SaveableEntity para save completo
UnityEngine.Debug:ExtractStackTraceNoAlloc (byte*,int,string)
UnityEngine.StackTraceUtility:ExtractStackTrace ()
UnityEngine.DebugLogHandler:Internal_Log (UnityEngine.LogType,UnityEngine.LogOption,string,UnityEngine.Object)
UnityEngine.DebugLogHandler:LogFormat (UnityEngine.LogType,UnityEngine.Object,string,object[])
UnityEngine.Logger:Log (UnityEngine.LogType,object,UnityEngine.Object)
UnityEngine.Debug:LogWarning (object,UnityEngine.Object)
AuditoriaConteudoJogo:Emitir (string,string,int&,int) (at Assets/scripts/AuditoriaConteudoJogo.cs:492)
AuditoriaConteudoJogo:AuditarFicha (DadosConstrucao,int&,int&,int&,int) (at Assets/scripts/AuditoriaConteudoJogo.cs:331)
AuditoriaConteudoJogo:RodarAuditoria () (at Assets/scripts/AuditoriaConteudoJogo.cs:173)
AuditoriaConteudoJogo/<RodarAuditoriaAtrasada>d__22:MoveNext () (at Assets/scripts/AuditoriaConteudoJogo.cs:148)
UnityEngine.SetupCoroutine:InvokeMoveNext (System.Collections.IEnumerator,intptr)

(Filename: Assets/scripts/AuditoriaConteudoJogo.cs Line: 492)

[AuditoriaConteudo] Predio Medio: prefab sem SistemaDeDanos
UnityEngine.Debug:ExtractStackTraceNoAlloc (byte*,int,string)
UnityEngine.StackTraceUtility:ExtractStackTrace ()
UnityEngine.DebugLogHandler:Internal_Log (UnityEngine.LogType,UnityEngine.LogOption,string,UnityEngine.Object)
UnityEngine.DebugLogHandler:LogFormat (UnityEngine.LogType,UnityEngine.Object,string,object[])
UnityEngine.Logger:Log (UnityEngine.LogType,object,UnityEngine.Object)
UnityEngine.Debug:LogWarning (object,UnityEngine.Object)
AuditoriaConteudoJogo:Emitir (string,string,int&,int) (at Assets/scripts/AuditoriaConteudoJogo.cs:492)
AuditoriaConteudoJogo:AuditarFicha (DadosConstrucao,int&,int&,int&,int) (at Assets/scripts/AuditoriaConteudoJogo.cs:366)
AuditoriaConteudoJogo:RodarAuditoria () (at Assets/scripts/AuditoriaConteudoJogo.cs:173)
AuditoriaConteudoJogo/<RodarAuditoriaAtrasada>d__22:MoveNext () (at Assets/scripts/AuditoriaConteudoJogo.cs:148)
UnityEngine.SetupCoroutine:InvokeMoveNext (System.Collections.IEnumerator,intptr)

(Filename: Assets/scripts/AuditoriaConteudoJogo.cs Line: 492)

[AuditoriaConteudo] Vilage medio: prefab sem SaveableEntity para save completo
UnityEngine.Debug:ExtractStackTraceNoAlloc (byte*,int,string)
UnityEngine.StackTraceUtility:ExtractStackTrace ()
UnityEngine.DebugLogHandler:Internal_Log (UnityEngine.LogType,UnityEngine.LogOption,string,UnityEngine.Object)
UnityEngine.DebugLogHandler:LogFormat (UnityEngine.LogType,UnityEngine.Object,string,object[])
UnityEngine.Logger:Log (UnityEngine.LogType,object,UnityEngine.Object)
UnityEngine.Debug:LogWarning (object,UnityEngine.Object)
AuditoriaConteudoJogo:Emitir (string,string,int&,int) (at Assets/scripts/AuditoriaConteudoJogo.cs:492)
AuditoriaConteudoJogo:AuditarFicha (DadosConstrucao,int&,int&,int&,int) (at Assets/scripts/AuditoriaConteudoJogo.cs:331)
AuditoriaConteudoJogo:RodarAuditoria () (at Assets/scripts/AuditoriaConteudoJogo.cs:173)
AuditoriaConteudoJogo/<RodarAuditoriaAtrasada>d__22:MoveNext () (at Assets/scripts/AuditoriaConteudoJogo.cs:148)
UnityEngine.SetupCoroutine:InvokeMoveNext (System.Collections.IEnumerator,intptr)

(Filename: Assets/scripts/AuditoriaConteudoJogo.cs Line: 492)

[AuditoriaConteudo] Usina Grande: prefab ausente ou corrompido
UnityEngine.Debug:ExtractStackTraceNoAlloc (byte*,int,string)
UnityEngine.StackTraceUtility:ExtractStackTrace ()
UnityEngine.DebugLogHandler:Internal_Log (UnityEngine.LogType,UnityEngine.LogOption,string,UnityEngine.Object)
UnityEngine.DebugLogHandler:LogFormat (UnityEngine.LogType,UnityEngine.Object,string,object[])
UnityEngine.Logger:Log (UnityEngine.LogType,object,UnityEngine.Object)
UnityEngine.Debug:LogError (object,UnityEngine.Object)
AuditoriaConteudoJogo:Emitir (string,string,int&,int) (at Assets/scripts/AuditoriaConteudoJogo.cs:488)
AuditoriaConteudoJogo:AuditarFicha (DadosConstrucao,int&,int&,int&,int) (at Assets/scripts/AuditoriaConteudoJogo.cs:294)
AuditoriaConteudoJogo:RodarAuditoria () (at Assets/scripts/AuditoriaConteudoJogo.cs:173)
AuditoriaConteudoJogo/<RodarAuditoriaAtrasada>d__22:MoveNext () (at Assets/scripts/AuditoriaConteudoJogo.cs:148)
UnityEngine.SetupCoroutine:InvokeMoveNext (System.Collections.IEnumerator,intptr)

(Filename: Assets/scripts/AuditoriaConteudoJogo.cs Line: 488)

[AuditoriaConteudo] Nara Aviao Bombardeiro Antigo: prefab ausente ou corrompido (Ignorado)
UnityEngine.Debug:ExtractStackTraceNoAlloc (byte*,int,string)
UnityEngine.StackTraceUtility:ExtractStackTrace ()
UnityEngine.DebugLogHandler:Internal_Log (UnityEngine.LogType,UnityEngine.LogOption,string,UnityEngine.Object)
UnityEngine.DebugLogHandler:LogFormat (UnityEngine.LogType,UnityEngine.Object,string,object[])
UnityEngine.Logger:Log (UnityEngine.LogType,object,UnityEngine.Object)
UnityEngine.Debug:LogWarning (object,UnityEngine.Object)
AuditoriaConteudoJogo:Emitir (string,string,int&,int) (at Assets/scripts/AuditoriaConteudoJogo.cs:492)
AuditoriaConteudoJogo:AuditarFicha (DadosConstrucao,int&,int&,int&,int) (at Assets/scripts/AuditoriaConteudoJogo.cs:289)
AuditoriaConteudoJogo:RodarAuditoria () (at Assets/scripts/AuditoriaConteudoJogo.cs:173)
AuditoriaConteudoJogo/<RodarAuditoriaAtrasada>d__22:MoveNext () (at Assets/scripts/AuditoriaConteudoJogo.cs:148)
UnityEngine.SetupCoroutine:InvokeMoveNext (System.Collections.IEnumerator,intptr)

(Filename: Assets/scripts/AuditoriaConteudoJogo.cs Line: 492)

[AuditoriaConteudo] Nome da Unidade: prefab ausente ou corrompido
UnityEngine.Debug:ExtractStackTraceNoAlloc (byte*,int,string)
UnityEngine.StackTraceUtility:ExtractStackTrace ()
UnityEngine.DebugLogHandler:Internal_Log (UnityEngine.LogType,UnityEngine.LogOption,string,UnityEngine.Object)
UnityEngine.DebugLogHandler:LogFormat (UnityEngine.LogType,UnityEngine.Object,string,object[])
UnityEngine.Logger:Log (UnityEngine.LogType,object,UnityEngine.Object)
UnityEngine.Debug:LogError (object,UnityEngine.Object)
AuditoriaConteudoJogo:Emitir (string,string,int&,int) (at Assets/scripts/AuditoriaConteudoJogo.cs:488)
AuditoriaConteudoJogo:AuditarFicha (DadosConstrucao,int&,int&,int&,int) (at Assets/scripts/AuditoriaConteudoJogo.cs:294)
AuditoriaConteudoJogo:RodarAuditoria () (at Assets/scripts/AuditoriaConteudoJogo.cs:173)
AuditoriaConteudoJogo/<RodarAuditoriaAtrasada>d__22:MoveNext () (at Assets/scripts/AuditoriaConteudoJogo.cs:148)
UnityEngine.SetupCoroutine:InvokeMoveNext (System.Collections.IEnumerator,intptr)

(Filename: Assets/scripts/AuditoriaConteudoJogo.cs Line: 488)

[AuditoriaConteudo] Gate de conteudo bloqueado: fichas=87 erros=21 avisos=59 cena=SampleScene
UnityEngine.Debug:ExtractStackTraceNoAlloc (byte*,int,string)
UnityEngine.StackTraceUtility:ExtractStackTrace ()
UnityEngine.DebugLogHandler:Internal_Log (UnityEngine.LogType,UnityEngine.LogOption,string,UnityEngine.Object)
UnityEngine.DebugLogHandler:LogFormat (UnityEngine.LogType,UnityEngine.Object,string,object[])
UnityEngine.Logger:Log (UnityEngine.LogType,object,UnityEngine.Object)
UnityEngine.Debug:LogError (object,UnityEngine.Object)
AuditoriaConteudoJogo:RodarAuditoria () (at Assets/scripts/AuditoriaConteudoJogo.cs:193)
AuditoriaConteudoJogo/<RodarAuditoriaAtrasada>d__22:MoveNext () (at Assets/scripts/AuditoriaConteudoJogo.cs:148)
UnityEngine.SetupCoroutine:InvokeMoveNext (System.Collections.IEnumerator,intptr)

(Filename: Assets/scripts/AuditoriaConteudoJogo.cs Line: 193)

[RECURSOS] Insuficiente! Precisa: $36000, P:0, A:0, E:0
UnityEngine.Debug:ExtractStackTraceNoAlloc (byte*,int,string)
UnityEngine.StackTraceUtility:ExtractStackTrace ()
UnityEngine.DebugLogHandler:Internal_Log (UnityEngine.LogType,UnityEngine.LogOption,string,UnityEngine.Object)
UnityEngine.DebugLogHandler:LogFormat (UnityEngine.LogType,UnityEngine.Object,string,object[])
UnityEngine.Logger:Log (UnityEngine.LogType,object)
UnityEngine.Debug:LogWarning (object)
GerenciadorRecursos:TentarGastar (int,int,int,int) (at Assets/scripts/GerenciadorRecursos.cs:207)
SistemaGovernoMundial:TentarPagar (int,int) (at Assets/scripts/Governo/SistemaGovernoMundial.cs:808)
SistemaMercadoGlobal:Vender (int,int,string,int,string&) (at Assets/scripts/Governo/SistemaMercadoGlobal.cs:336)
Hegemonia.AI.Sovereign.AISovereignController:ExecuteOrder (Hegemonia.AI.Sovereign.AISovereignOrderBus/Order,string&) (at Assets/scripts/IA/Sovereign/AISovereignController.cs:787)
Hegemonia.AI.Sovereign.AISovereignController:FlushOrders (single) (at Assets/scripts/IA/Sovereign/AISovereignController.cs:733)
Hegemonia.AI.Sovereign.AISovereignController:Update () (at Assets/scripts/IA/Sovereign/AISovereignController.cs:155)

(Filename: Assets/scripts/GerenciadorRecursos.cs Line: 207)

[20:53:56] Capital flow stalled | mode=Frozen state=Idle treasury=140 reserve=2500 available=0 need=Prefeitura sera criada pelo catalogo oficial. score=1000 objective=Objetivo: fundar a prefeitura. constructionCommand= command= block=Funds failures=1 capitalSource=CatalogRole capitalItemId=capital.prefeitura capitalPrefab=Prefeitura capitalDiagnostic=Capital valida: itemId=capital.prefeitura prefab=Prefeitura.
UnityEngine.Debug:ExtractStackTraceNoAlloc (byte*,int,string)
UnityEngine.StackTraceUtility:ExtractStackTrace ()
UnityEngine.DebugLogHandler:Internal_Log (UnityEngine.LogType,UnityEngine.LogOption,string,UnityEngine.Object)
UnityEngine.DebugLogHandler:LogFormat (UnityEngine.LogType,UnityEngine.Object,string,object[])
UnityEngine.Logger:Log (UnityEngine.LogType,object)
UnityEngine.Debug:Log (object)
Hegemonia.EditorTools.IA01PlayModeTestRunner:TraceLine (string) (at Assets/scripts/Editor/IA01PlayModeTestRunner.cs:769)
Hegemonia.EditorTools.IA01PlayModeTestRunner:ObserveCapitalFlow () (at Assets/scripts/Editor/IA01PlayModeTestRunner.cs:322)
Hegemonia.EditorTools.IA01PlayModeTestRunner:Advance () (at Assets/scripts/Editor/IA01PlayModeTestRunner.cs:261)
Hegemonia.EditorTools.IA01PlayModeTestRunner:Tick () (at Assets/scripts/Editor/IA01PlayModeTestRunner.cs:163)
UnityEditor.EditorApplication:Internal_CallUpdateFunctions ()

(Filename: Assets/scripts/Editor/IA01PlayModeTestRunner.cs Line: 769)

[20:53:56] Validation failed: Capital flow did not stabilize. state=Idle capital=False buildings=1 pending=0 sawWaitingConfirmation=False mode=Frozen treasury=140 reserve=2500 available=0 need=Prefeitura sera criada pelo catalogo oficial. score=1000 objective=Objetivo: fundar a prefeitura. constructionCommand= command= block=Funds failures=1 capitalSource=CatalogRole capitalItemId=capital.prefeitura capitalPrefab=Prefeitura capitalDiagnostic=Capital valida: itemId=capital.prefeitura prefab=Prefeitura.
UnityEngine.Debug:ExtractStackTraceNoAlloc (byte*,int,string)
UnityEngine.StackTraceUtility:ExtractStackTrace ()
UnityEngine.DebugLogHandler:Internal_Log (UnityEngine.LogType,UnityEngine.LogOption,string,UnityEngine.Object)
UnityEngine.DebugLogHandler:LogFormat (UnityEngine.LogType,UnityEngine.Object,string,object[])
UnityEngine.Logger:Log (UnityEngine.LogType,object)
UnityEngine.Debug:Log (object)
Hegemonia.EditorTools.IA01PlayModeTestRunner:TraceLine (string) (at Assets/scripts/Editor/IA01PlayModeTestRunner.cs:769)
Hegemonia.EditorTools.IA01PlayModeTestRunner:Fail (string) (at Assets/scripts/Editor/IA01PlayModeTestRunner.cs:477)
Hegemonia.EditorTools.IA01PlayModeTestRunner:ObserveCapitalFlow () (at Assets/scripts/Editor/IA01PlayModeTestRunner.cs:339)
Hegemonia.EditorTools.IA01PlayModeTestRunner:Advance () (at Assets/scripts/Editor/IA01PlayModeTestRunner.cs:261)
Hegemonia.EditorTools.IA01PlayModeTestRunner:Tick () (at Assets/scripts/Editor/IA01PlayModeTestRunner.cs:163)
UnityEditor.EditorApplication:Internal_CallUpdateFunctions ()

(Filename: Assets/scripts/Editor/IA01PlayModeTestRunner.cs Line: 769)

Unloading 271 Unused Serialized files (Serialized files now loaded: 0)
Loaded scene 'Temp/__Backupscenes/0.backup'
	Deserialize:            0.554 ms
	Integration:            440.596 ms
	Integration of assets:  0.001 ms
	Thread Wait Time:       0.016 ms
	Total Operation Time:   441.168 ms
Unloading 2703 unused Assets / (101.8 MB). Loaded Objects now: 41090.
Memory consumption went from 0.80 GB to 0.70 GB.
Total: 59.672400 ms (FindLiveObjects: 4.075600 ms CreateObjectMapping: 5.997200 ms MarkObjects: 41.590600 ms  DeleteObjects: 8.006700 ms)

[UnityConnectServicesConfig] config is NOT valid, switching to default
[20:53:56] Validation completed. Exiting editor with code 1.
UnityEngine.Debug:ExtractStackTraceNoAlloc (byte*,int,string)
UnityEngine.StackTraceUtility:ExtractStackTrace ()
UnityEngine.DebugLogHandler:Internal_Log (UnityEngine.LogType,UnityEngine.LogOption,string,UnityEngine.Object)
UnityEngine.DebugLogHandler:LogFormat (UnityEngine.LogType,UnityEngine.Object,string,object[])
UnityEngine.Logger:Log (UnityEngine.LogType,object)
UnityEngine.Debug:Log (object)
Hegemonia.EditorTools.IA01PlayModeTestRunner:TraceLine (string) (at Assets/scripts/Editor/IA01PlayModeTestRunner.cs:769)
Hegemonia.EditorTools.IA01PlayModeTestRunner:Tick () (at Assets/scripts/Editor/IA01PlayModeTestRunner.cs:136)
UnityEditor.EditorApplication:Internal_CallUpdateFunctions ()

(Filename: Assets/scripts/Editor/IA01PlayModeTestRunner.cs Line: 769)

Clearing [LiberationSans SDF - Fallback] dynamic font asset data.
UnityEngine.Debug:ExtractStackTraceNoAlloc (byte*,int,string)
UnityEngine.StackTraceUtility:ExtractStackTrace ()
UnityEngine.DebugLogHandler:Internal_Log (UnityEngine.LogType,UnityEngine.LogOption,string,UnityEngine.Object)
UnityEngine.DebugLogHandler:LogFormat (UnityEngine.LogType,UnityEngine.Object,string,object[])
UnityEngine.Logger:Log (UnityEngine.LogType,object)
UnityEngine.Debug:Log (object)
TMPro.EditorEventCallbacks/<>c:<InitializeFontAssetResourceChangeCallBacks>b__0_0 () (at ./Library/PackageCache/com.unity.ugui@3ed76cad4655/Editor/TMP/TMP_EditorResourceManager.cs:36)
UnityEditor.EditorApplication:Internal_EditorApplicationQuit ()
Hegemonia.EditorTools.IA01PlayModeTestRunner:Tick () (at Assets/scripts/Editor/IA01PlayModeTestRunner.cs:137)
UnityEditor.EditorApplication:Internal_CallUpdateFunctions ()

(Filename: ./Library/PackageCache/com.unity.ugui@3ed76cad4655/Editor/TMP/TMP_EditorResourceManager.cs Line: 36)

Asset Pipeline Refresh (id=20ec5093186d7e7428992ef07460a832): Total: 0.048 seconds - Initiated by StopAssetImportingV2(NoUpdateAssetOptions)
Start importing Assets/TextMesh Pro/Resources/Fonts & Materials/LiberationSans SDF - Fallback.asset using Guid(2e498d1c8094910479dc3e1b768306a4) (NativeFormatImporter) -> (artifact id: 'ae81f6260b30d7092264dab9ecbd6711') in 0.0137733 seconds
Refreshing native plugins compatible for Editor in 6.16 ms, found 4 plugins.
Preloading 0 native plugins for Editor in 0.00 ms.
Asset Pipeline Refresh (id=dc91701648e5e934aa916913ddf6c8fc): Total: 0.198 seconds - Initiated by StopAssetImportingV2(NoUpdateAssetOptions)
[Physics::Module] Cleanup current backend.
[Physics::Module] Id: 0xf2b8ea05
Input System module state changed to: ShutdownInProgress.
Input System polling thread exited.
Input System module state changed to: Shutdown.
[Licensing::IpcConnector] LicenseClient-Mathe-notifications channel disconnected successfully.
[Licensing::IpcConnector] LicenseClient-Mathe channel disconnected successfully.
AcceleratorClientConnectionCallback - disconnected - :0
Cleanup mono
Checking for leaked weakptr:
  Found no leaked weakptrs.
[Package Manager] Server process was shutdown
##utp:{"type":"MemoryLeaks","version":2,"phase":"Immediate","time":1784159638658,"processId":15404,"allocatedMemory":19416696,"memoryLabels":[{"Default":28593},{"Permanent":15468},{"NewDelete":68889},{"Thread":4230344},{"Manager":27610},{"VertexData":8},{"Geometry":816},{"VFX":-104},{"Texture":568},{"Shader":78823},{"Material":24},{"GfxDevice":55225},{"Animation":392},{"Audio":4040},{"FontEngine":256},{"Physics":2050},{"Serialization":624},{"Input":14824},{"JobScheduler":33024},{"TextLib":160},{"Mono":32},{"MonoCode":64},{"ScriptingNativeRuntime":155060},{"BaseObject":1622496},{"Resource":1304},{"Renderer":2928},{"Transform":4685},{"File":9787},{"WebCam":616},{"Culling":32},{"Terrain":11394},{"Wind":24},{"STL":40},{"String":16665},{"DynamicArray":151460},{"HashMap":91526},{"Utility":2659958},{"Curl":880},{"PoolAlloc":2056},{"AI":40},{"TypeTree":5005},{"ScriptManager":512},{"RuntimeInitializeOnLoadManager":64},{"SpriteAtlas":112},{"GI":7824},{"Director":8240},{"CloudService":9072},{"WebRequest":808},{"VR":46114},{"SceneManager":496},{"Video":64},{"LazyScriptCache":32},{"Camera":17},{"Secure":2113},{"SerializationCache":1576},{"APIUpdating":10320},{"Subsystems":336},{"VirtualTexturing":57888},{"StaticSafetyDebugInfo":278528},{"Analytics":384},{"Hierarchy":272},{"CoreStats":12424},{"Identifiers":12384},{"Gui":80},{"EditorUtility":120724},{"VersionControl":4},{"Undo":947},{"AssetDatabase":9507265},{"EditorGi":328},{"UnityConnect":24552},{"Upm":1896},{"DrivenProperties":72},{"LocalIPC":211},{"ProfilerEditor":9746},{"CoreBusinessMetrics":2877},{"Licensing":664},{"AssetReference":32},{"IPCStream":32}]}
