[Licensing::Module] Trying to connect to existing licensing client channel...
Built from '6000.2/staging' branch; Version is '6000.2.15f1 (0707b6d1e918) revision 460726'; Using compiler version '194234433'; Build Type 'Release'
OS: 'Windows 11  (10.0.26200) 64bit Professional' Language: 'pt' Physical Memory: 16315 MB
BatchMode: 1, IsHumanControllingUs: 0, StartBugReporterOnCrash: 0, Is64bit: 1
[Licensing::IpcConnector] Successfully connected to: "LicenseClient-Mathe" at "2026-08-19T11:26:18.9476484Z"
Date: 2026-08-19T11:26:18Z

COMMAND LINE ARGUMENTS:
C:\Program Files\Unity\Hub\Editor\6000.2.15f1\Editor\Unity.exe
-batchmode
-nographics
-projectPath
C:\Users\Mathe\Desktop\Hegemonia-Mundial-main\Hegemonia-Mundial-main
-runTests
-testPlatform
playmode
-testResults
C:\Users\Mathe\Desktop\Hegemonia-Mundial-main\Hegemonia-Mundial-main\V2-playmode-results.xml
-logFile
C:\Users\Mathe\Desktop\Hegemonia-Mundial-main\Hegemonia-Mundial-main\V2-playmode.log
Successfully changed project path to: C:\Users\Mathe\Desktop\Hegemonia-Mundial-main\Hegemonia-Mundial-main
C:/Users/Mathe/Desktop/Hegemonia-Mundial-main/Hegemonia-Mundial-main
[UnityMemory] Configuration Parameters - Can be set up in boot.config
    "memorysetup-allocator-temp-initial-block-size-main=262144"
    "memorysetup-allocator-temp-initial-block-size-worker=262144"
    "memorysetup-bucket-allocator-granularity=16"
    "memorysetup-bucket-allocator-bucket-count=8"
    "memorysetup-bucket-allocator-block-size=33554432"
    "memorysetup-bucket-allocator-block-count=8"
    "memorysetup-main-allocator-block-size=16777216"
    "memorysetup-thread-allocator-block-size=16777216"
    "memorysetup-gfx-main-allocator-block-size=16777216"
    "memorysetup-gfx-thread-allocator-block-size=16777216"
    "memorysetup-cache-allocator-block-size=4194304"
    "memorysetup-typetree-allocator-block-size=2097152"
    "memorysetup-profiler-bucket-allocator-granularity=16"
    "memorysetup-profiler-bucket-allocator-bucket-count=8"
    "memorysetup-profiler-bucket-allocator-block-size=33554432"
    "memorysetup-profiler-bucket-allocator-block-count=8"
    "memorysetup-profiler-allocator-block-size=16777216"
    "memorysetup-profiler-editor-allocator-block-size=1048576"
    "memorysetup-temp-allocator-size-main=16777216"
    "memorysetup-job-temp-allocator-block-size=2097152"
    "memorysetup-job-temp-allocator-block-size-background=1048576"
    "memorysetup-job-temp-allocator-reduction-small-platforms=262144"
    "memorysetup-temp-allocator-size-background-worker=32768"
    "memorysetup-temp-allocator-size-job-worker=262144"
    "memorysetup-temp-allocator-size-preload-manager=33554432"
    "memorysetup-temp-allocator-size-nav-mesh-worker=65536"
    "memorysetup-temp-allocator-size-audio-worker=65536"
    "memorysetup-temp-allocator-size-cloud-worker=32768"
    "memorysetup-temp-allocator-size-gi-baking-worker=262144"
    "memorysetup-temp-allocator-size-gi-baking-worker=262144"
    "memorysetup-temp-allocator-size-gi-baking-worker=262144"
    "memorysetup-temp-allocator-size-gi-baking-worker=262144"
    "memorysetup-temp-allocator-size-gi-baking-worker=262144"
    "memorysetup-temp-allocator-size-gfx=262144"
Player connection [11344]  Target information:

Player connection [11344]  * "[IP] 10.0.10.239 [Port] 55504 [Flags] 2 [Guid] 1741772142 [EditorId] 1741772142 [Version] 1048832 [Id] WindowsEditor(7,erickpc) [Debug] 1 [PackageName] WindowsEditor [ProjectName] Editor" 

Player connection [11344] Host joined multi-casting on [225.0.0.222:54997]...
Player connection [11344] Host joined alternative multi-casting on [225.0.0.222:34997]...
Input System module state changed to: Initialized.
[Physics::Module] Initialized fallback backend.
[Physics::Module] Id: 0xdecafbad
[Package Manager] Connected to IPC stream "Upm-1976" after 0.4 seconds.
Library Redirect Path: Library/
[Physics::Module] Selected backend.
[Physics::Module] Name: PhysX
[Physics::Module] Id: 0xf2b8ea05
[Physics::Module] SDK Version: 4.1.2
[Physics::Module] Integration Version: 1.0.0
[Physics::Module] Threading Mode: Multi-Threaded
Refreshing native plugins compatible for Editor in 0.90 ms, found 0 plugins.
Preloading 0 native plugins for Editor in 0.00 ms.
Initialize engine version: 6000.2.15f1 (0707b6d1e918)
[Subsystems] Discovering subsystems at path C:/Program Files/Unity/Hub/Editor/6000.2.15f1/Editor/Data/Resources/UnitySubsystems
[Subsystems] Discovering subsystems at path C:/Users/Mathe/Desktop/Hegemonia-Mundial-main/Hegemonia-Mundial-main/Assets
Forcing GfxDevice: Null
GfxDevice: creating device client; kGfxThreadingModeNonThreaded
NullGfxDevice:
    Version:  NULL 1.0 [1.0]
    Renderer: Null Device
    Vendor:   Unity Technologies
Shader Hidden/ProbeVolume/VoxelizeScene is not supported: GPU does not support conservative rasterization
Shader 'WFX/Transparent Diffuse': fallback shader 'Particles/Alpha Blended' not found
Shader 'WFX/Transparent Specular': fallback shader 'Particles/Alpha Blended' not found
Initialize mono
Mono path[0] = 'C:/Program Files/Unity/Hub/Editor/6000.2.15f1/Editor/Data/Managed'
Mono path[1] = 'C:/Program Files/Unity/Hub/Editor/6000.2.15f1/Editor/Data/MonoBleedingEdge/lib/mono/unityjit-win32'
Mono config path = 'C:/Program Files/Unity/Hub/Editor/6000.2.15f1/Editor/Data/MonoBleedingEdge/etc'
Using monoOptions --debugger-agent=transport=dt_socket,embedding=1,server=y,suspend=n,address=127.0.0.1:56976
Using cacheserver namespaces - metadata:defaultmetadata, artifacts:defaultartifacts
Using cacheserver namespaces - metadata:defaultmetadata, artifacts:defaultartifacts
ImportWorker Server TCP listen port: 0
AcceleratorClientConnectionCallback - disconnected - :0
Begin MonoManager ReloadAssembly
[Licensing::Client] Handshaking with LicensingClient:
  Version:                 1.17.4+4293ba1
  Session Id:              8dd9fbaa541541d4bac7c8c5555d6ba6
  Correlation Id:          53ece6fbbd4b2cce340f95c281707e0a
  External correlation Id: 8848586460688233781
  Machine Id:              CIG9bbgXtP+YsacqL8JoCFrF9kk=
[Licensing::Module] Successfully connected to LicensingClient on channel: "LicenseClient-Mathe" (connect: 0.00s, validation: 0.00s, handshake: 1.78s)
[Licensing::IpcConnector] Successfully connected to: "LicenseClient-Mathe-notifications" at "2026-08-19T11:26:20.7286374Z"
[Licensing::Module] Error: Access token is unavailable; failed to update
[Licensing::Client] Successfully resolved entitlement details
[Licensing::Module] License group:
  Id: 4673433101100-UnityPersXXXX
  Product: Unity Personal
  Type: Assigned
  Expiration: Unlimited
[Licensing::Client] Successfully updated license, isAsync: True, time: 0.00
[Licensing::Module] Licensing Background thread has ended after 1.79s
Registering precompiled unity dll's ...
Register platform support module: C:/Program Files/Unity/Hub/Editor/6000.2.15f1/Editor/Data/PlaybackEngines/WindowsStandaloneSupport/UnityEditor.WindowsStandalone.Extensions.dll
Registered in 0.003254 seconds.
- Loaded All Assemblies, in  0.622 seconds
Native extension for WindowsStandalone target not found
Mono: successfully reloaded assembly
- Finished resetting the current domain, in  0.543 seconds
Domain Reload Profiling: 1160ms
	BeginReloadAssembly (205ms)
		ExecutionOrderSort (0ms)
		DisableScriptedObjects (0ms)
		BackupInstance (0ms)
		ReleaseScriptingObjects (0ms)
		CreateAndSetChildDomain (1ms)
	RebuildCommonClasses (63ms)
	RebuildNativeTypeToScriptingClass (20ms)
	initialDomainReloadingComplete (77ms)
	LoadAllAssembliesAndSetupDomain (253ms)
		LoadAssemblies (199ms)
		RebuildTransferFunctionScriptingTraits (0ms)
		AnalyzeDomain (248ms)
			TypeCache.Refresh (246ms)
				TypeCache.ScanAssembly (226ms)
			BuildScriptInfoCaches (0ms)
			ResolveRequiredComponents (1ms)
	FinalizeReload (543ms)
		ReleaseScriptCaches (0ms)
		RebuildScriptCaches (0ms)
		SetupLoadedEditorAssemblies (489ms)
			LogAssemblyErrors (0ms)
			InitializePlatformSupportModulesInManaged (73ms)
			SetLoadedEditorAssemblies (7ms)
			BeforeProcessingInitializeOnLoad (112ms)
			ProcessInitializeOnLoadAttributes (208ms)
			ProcessInitializeOnLoadMethodAttributes (89ms)
			AfterProcessingInitializeOnLoad (0ms)
			EditorAssembliesLoaded (0ms)
		ExecutionOrderSort2 (0ms)
		AwakeInstancesAfterBackupRestoration (0ms)
[Licensing::Client] Successfully resolved entitlement details
Application.AssetDatabase Initial Refresh Start
Package Manager log level set to [2]
[Package Manager] Restoring resolved packages state from cache
[Licensing::Client] Successfully resolved entitlement details
[Package Manager] Registered 68 packages:
  Packages from [https://packages.unity.com]:
    com.unity.ai.navigation@2.0.12 (location: C:\Users\Mathe\Desktop\Hegemonia-Mundial-main\Hegemonia-Mundial-main\Library\PackageCache\com.unity.ai.navigation@734c2c4c5591)
    com.unity.cinemachine@3.1.5 (location: C:\Users\Mathe\Desktop\Hegemonia-Mundial-main\Hegemonia-Mundial-main\Library\PackageCache\com.unity.cinemachine@5342685532bb)
    com.unity.cloud.gltfast@6.19.0 (location: C:\Users\Mathe\Desktop\Hegemonia-Mundial-main\Hegemonia-Mundial-main\Library\PackageCache\com.unity.cloud.gltfast@92828f845157)
    com.unity.collab-proxy@2.12.4 (location: C:\Users\Mathe\Desktop\Hegemonia-Mundial-main\Hegemonia-Mundial-main\Library\PackageCache\com.unity.collab-proxy@0b1559bcd34e)
    com.unity.editorcoroutines@1.0.1 (location: C:\Users\Mathe\Desktop\Hegemonia-Mundial-main\Hegemonia-Mundial-main\Library\PackageCache\com.unity.editorcoroutines@54394ed3283c)
    com.unity.ide.rider@3.0.39 (location: C:\Users\Mathe\Desktop\Hegemonia-Mundial-main\Hegemonia-Mundial-main\Library\PackageCache\com.unity.ide.rider@4504839d03f7)
    com.unity.ide.visualstudio@2.0.27 (location: C:\Users\Mathe\Desktop\Hegemonia-Mundial-main\Hegemonia-Mundial-main\Library\PackageCache\com.unity.ide.visualstudio@dc1ddd4f09b6)
    com.unity.inputsystem@1.19.0 (location: C:\Users\Mathe\Desktop\Hegemonia-Mundial-main\Hegemonia-Mundial-main\Library\PackageCache\com.unity.inputsystem@21a28c3a6c83)
    com.unity.performance.profile-analyzer@1.3.3 (location: C:\Users\Mathe\Desktop\Hegemonia-Mundial-main\Hegemonia-Mundial-main\Library\PackageCache\com.unity.performance.profile-analyzer@10347e9ce886)
    com.unity.postprocessing@3.5.4 (location: C:\Users\Mathe\Desktop\Hegemonia-Mundial-main\Hegemonia-Mundial-main\Library\PackageCache\com.unity.postprocessing@141166b789e3)
    com.unity.settings-manager@2.1.1 (location: C:\Users\Mathe\Desktop\Hegemonia-Mundial-main\Hegemonia-Mundial-main\Library\PackageCache\com.unity.settings-manager@0b8638c5ce86)
    com.unity.terrain-tools@5.3.2 (location: C:\Users\Mathe\Desktop\Hegemonia-Mundial-main\Hegemonia-Mundial-main\Library\PackageCache\com.unity.terrain-tools@bcd5ab3144b8)
    com.unity.testtools.codecoverage@1.3.0 (location: C:\Users\Mathe\Desktop\Hegemonia-Mundial-main\Hegemonia-Mundial-main\Library\PackageCache\com.unity.testtools.codecoverage@19a841221620)
    com.unity.timeline@1.8.10 (location: C:\Users\Mathe\Desktop\Hegemonia-Mundial-main\Hegemonia-Mundial-main\Library\PackageCache\com.unity.timeline@7f8b2fb101b6)
    com.unity.visualscripting@1.9.11 (location: C:\Users\Mathe\Desktop\Hegemonia-Mundial-main\Hegemonia-Mundial-main\Library\PackageCache\com.unity.visualscripting@8bed5ad90189)
    com.unity.burst@1.8.29 (location: C:\Users\Mathe\Desktop\Hegemonia-Mundial-main\Hegemonia-Mundial-main\Library\PackageCache\com.unity.burst@6bb9aca3ef38)
    com.unity.collections@2.6.6 (location: C:\Users\Mathe\Desktop\Hegemonia-Mundial-main\Hegemonia-Mundial-main\Library\PackageCache\com.unity.collections@9796e5ee0d9e)
    com.unity.mathematics@1.3.3 (location: C:\Users\Mathe\Desktop\Hegemonia-Mundial-main\Hegemonia-Mundial-main\Library\PackageCache\com.unity.mathematics@19a9377c4ffa)
    com.unity.splines@2.8.2 (location: C:\Users\Mathe\Desktop\Hegemonia-Mundial-main\Hegemonia-Mundial-main\Library\PackageCache\com.unity.splines@1cb7d86fc7ff)
    com.unity.searcher@4.9.3 (location: C:\Users\Mathe\Desktop\Hegemonia-Mundial-main\Hegemonia-Mundial-main\Library\PackageCache\com.unity.searcher@1e17ce91558d)
    com.unity.nuget.mono-cecil@1.11.6 (location: C:\Users\Mathe\Desktop\Hegemonia-Mundial-main\Hegemonia-Mundial-main\Library\PackageCache\com.unity.nuget.mono-cecil@ecb9724e46ff)
    com.unity.test-framework.performance@3.2.0 (location: C:\Users\Mathe\Desktop\Hegemonia-Mundial-main\Hegemonia-Mundial-main\Library\PackageCache\com.unity.test-framework.performance@0840f58e4562)
  Built-in packages:
    com.unity.2d.sprite@1.0.0 (location: C:\Users\Mathe\Desktop\Hegemonia-Mundial-main\Hegemonia-Mundial-main\Library\PackageCache\com.unity.2d.sprite@331abd9a1e2f)
    com.unity.2d.tilemap@1.0.0 (location: C:\Users\Mathe\Desktop\Hegemonia-Mundial-main\Hegemonia-Mundial-main\Library\PackageCache\com.unity.2d.tilemap@0b99f08c0204)
    com.unity.ext.nunit@2.0.5 (location: C:\Users\Mathe\Desktop\Hegemonia-Mundial-main\Hegemonia-Mundial-main\Library\PackageCache\com.unity.ext.nunit@031a54704bff)
    com.unity.feature.development@1.0.2 (location: C:\Users\Mathe\Desktop\Hegemonia-Mundial-main\Hegemonia-Mundial-main\Library\PackageCache\com.unity.feature.development@767aadbc6eb7)
    com.unity.render-pipelines.universal@17.2.0 (location: C:\Users\Mathe\Desktop\Hegemonia-Mundial-main\Hegemonia-Mundial-main\Library\PackageCache\com.unity.render-pipelines.universal@65a6875fdfbc)
    com.unity.test-framework@1.6.0 (location: C:\Users\Mathe\Desktop\Hegemonia-Mundial-main\Hegemonia-Mundial-main\Library\PackageCache\com.unity.test-framework@40e262928427)
    com.unity.ugui@2.0.0 (location: C:\Users\Mathe\Desktop\Hegemonia-Mundial-main\Hegemonia-Mundial-main\Library\PackageCache\com.unity.ugui@3ed76cad4655)
    com.unity.modules.accessibility@1.0.0 (location: C:\Program Files\Unity\Hub\Editor\6000.2.15f1\Editor\Data\Resources\PackageManager\BuiltInPackages\com.unity.modules.accessibility)
    com.unity.modules.ai@1.0.0 (location: C:\Program Files\Unity\Hub\Editor\6000.2.15f1\Editor\Data\Resources\PackageManager\BuiltInPackages\com.unity.modules.ai)
    com.unity.modules.androidjni@1.0.0 (location: C:\Program Files\Unity\Hub\Editor\6000.2.15f1\Editor\Data\Resources\PackageManager\BuiltInPackages\com.unity.modules.androidjni)
    com.unity.modules.animation@1.0.0 (location: C:\Program Files\Unity\Hub\Editor\6000.2.15f1\Editor\Data\Resources\PackageManager\BuiltInPackages\com.unity.modules.animation)
    com.unity.modules.assetbundle@1.0.0 (location: C:\Program Files\Unity\Hub\Editor\6000.2.15f1\Editor\Data\Resources\PackageManager\BuiltInPackages\com.unity.modules.assetbundle)
    com.unity.modules.audio@1.0.0 (location: C:\Program Files\Unity\Hub\Editor\6000.2.15f1\Editor\Data\Resources\PackageManager\BuiltInPackages\com.unity.modules.audio)
    com.unity.modules.cloth@1.0.0 (location: C:\Program Files\Unity\Hub\Editor\6000.2.15f1\Editor\Data\Resources\PackageManager\BuiltInPackages\com.unity.modules.cloth)
    com.unity.modules.director@1.0.0 (location: C:\Program Files\Unity\Hub\Editor\6000.2.15f1\Editor\Data\Resources\PackageManager\BuiltInPackages\com.unity.modules.director)
    com.unity.modules.hierarchycore@1.0.0 (location: C:\Program Files\Unity\Hub\Editor\6000.2.15f1\Editor\Data\Resources\PackageManager\BuiltInPackages\com.unity.modules.hierarchycore)
    com.unity.modules.imageconversion@1.0.0 (location: C:\Program Files\Unity\Hub\Editor\6000.2.15f1\Editor\Data\Resources\PackageManager\BuiltInPackages\com.unity.modules.imageconversion)
    com.unity.modules.imgui@1.0.0 (location: C:\Program Files\Unity\Hub\Editor\6000.2.15f1\Editor\Data\Resources\PackageManager\BuiltInPackages\com.unity.modules.imgui)
    com.unity.modules.jsonserialize@1.0.0 (location: C:\Program Files\Unity\Hub\Editor\6000.2.15f1\Editor\Data\Resources\PackageManager\BuiltInPackages\com.unity.modules.jsonserialize)
    com.unity.modules.particlesystem@1.0.0 (location: C:\Program Files\Unity\Hub\Editor\6000.2.15f1\Editor\Data\Resources\PackageManager\BuiltInPackages\com.unity.modules.particlesystem)
    com.unity.modules.physics@1.0.0 (location: C:\Program Files\Unity\Hub\Editor\6000.2.15f1\Editor\Data\Resources\PackageManager\BuiltInPackages\com.unity.modules.physics)
    com.unity.modules.physics2d@1.0.0 (location: C:\Program Files\Unity\Hub\Editor\6000.2.15f1\Editor\Data\Resources\PackageManager\BuiltInPackages\com.unity.modules.physics2d)
    com.unity.modules.screencapture@1.0.0 (location: C:\Program Files\Unity\Hub\Editor\6000.2.15f1\Editor\Data\Resources\PackageManager\BuiltInPackages\com.unity.modules.screencapture)
    com.unity.modules.subsystems@1.0.0 (location: C:\Program Files\Unity\Hub\Editor\6000.2.15f1\Editor\Data\Resources\PackageManager\BuiltInPackages\com.unity.modules.subsystems)
    com.unity.modules.terrain@1.0.0 (location: C:\Program Files\Unity\Hub\Editor\6000.2.15f1\Editor\Data\Resources\PackageManager\BuiltInPackages\com.unity.modules.terrain)
    com.unity.modules.terrainphysics@1.0.0 (location: C:\Program Files\Unity\Hub\Editor\6000.2.15f1\Editor\Data\Resources\PackageManager\BuiltInPackages\com.unity.modules.terrainphysics)
    com.unity.modules.tilemap@1.0.0 (location: C:\Program Files\Unity\Hub\Editor\6000.2.15f1\Editor\Data\Resources\PackageManager\BuiltInPackages\com.unity.modules.tilemap)
    com.unity.modules.ui@1.0.0 (location: C:\Program Files\Unity\Hub\Editor\6000.2.15f1\Editor\Data\Resources\PackageManager\BuiltInPackages\com.unity.modules.ui)
    com.unity.modules.uielements@1.0.0 (location: C:\Program Files\Unity\Hub\Editor\6000.2.15f1\Editor\Data\Resources\PackageManager\BuiltInPackages\com.unity.modules.uielements)
    com.unity.modules.umbra@1.0.0 (location: C:\Program Files\Unity\Hub\Editor\6000.2.15f1\Editor\Data\Resources\PackageManager\BuiltInPackages\com.unity.modules.umbra)
    com.unity.modules.unityanalytics@1.0.0 (location: C:\Program Files\Unity\Hub\Editor\6000.2.15f1\Editor\Data\Resources\PackageManager\BuiltInPackages\com.unity.modules.unityanalytics)
    com.unity.modules.unitywebrequest@1.0.0 (location: C:\Program Files\Unity\Hub\Editor\6000.2.15f1\Editor\Data\Resources\PackageManager\BuiltInPackages\com.unity.modules.unitywebrequest)
    com.unity.modules.unitywebrequestassetbundle@1.0.0 (location: C:\Program Files\Unity\Hub\Editor\6000.2.15f1\Editor\Data\Resources\PackageManager\BuiltInPackages\com.unity.modules.unitywebrequestassetbundle)
    com.unity.modules.unitywebrequestaudio@1.0.0 (location: C:\Program Files\Unity\Hub\Editor\6000.2.15f1\Editor\Data\Resources\PackageManager\BuiltInPackages\com.unity.modules.unitywebrequestaudio)
    com.unity.modules.unitywebrequesttexture@1.0.0 (location: C:\Program Files\Unity\Hub\Editor\6000.2.15f1\Editor\Data\Resources\PackageManager\BuiltInPackages\com.unity.modules.unitywebrequesttexture)
    com.unity.modules.unitywebrequestwww@1.0.0 (location: C:\Program Files\Unity\Hub\Editor\6000.2.15f1\Editor\Data\Resources\PackageManager\BuiltInPackages\com.unity.modules.unitywebrequestwww)
    com.unity.modules.vehicles@1.0.0 (location: C:\Program Files\Unity\Hub\Editor\6000.2.15f1\Editor\Data\Resources\PackageManager\BuiltInPackages\com.unity.modules.vehicles)
    com.unity.modules.video@1.0.0 (location: C:\Program Files\Unity\Hub\Editor\6000.2.15f1\Editor\Data\Resources\PackageManager\BuiltInPackages\com.unity.modules.video)
    com.unity.modules.vr@1.0.0 (location: C:\Program Files\Unity\Hub\Editor\6000.2.15f1\Editor\Data\Resources\PackageManager\BuiltInPackages\com.unity.modules.vr)
    com.unity.modules.wind@1.0.0 (location: C:\Program Files\Unity\Hub\Editor\6000.2.15f1\Editor\Data\Resources\PackageManager\BuiltInPackages\com.unity.modules.wind)
    com.unity.modules.xr@1.0.0 (location: C:\Program Files\Unity\Hub\Editor\6000.2.15f1\Editor\Data\Resources\PackageManager\BuiltInPackages\com.unity.modules.xr)
    com.unity.render-pipelines.core@17.2.0 (location: C:\Users\Mathe\Desktop\Hegemonia-Mundial-main\Hegemonia-Mundial-main\Library\PackageCache\com.unity.render-pipelines.core@205f2b8ecf0f)
    com.unity.shadergraph@17.2.0 (location: C:\Users\Mathe\Desktop\Hegemonia-Mundial-main\Hegemonia-Mundial-main\Library\PackageCache\com.unity.shadergraph@bb4ad9d6ddac)
    com.unity.render-pipelines.universal-config@17.0.3 (location: C:\Users\Mathe\Desktop\Hegemonia-Mundial-main\Hegemonia-Mundial-main\Library\PackageCache\com.unity.render-pipelines.universal-config@8dc1aab4af1d)
    com.unity.rendering.light-transport@1.0.1 (location: C:\Users\Mathe\Desktop\Hegemonia-Mundial-main\Hegemonia-Mundial-main\Library\PackageCache\com.unity.rendering.light-transport@2c9279f90d7c)
  Embedded packages:
    com.tripo3d.unitybridge@file:C:\Users\Mathe\Desktop\Hegemonia-Mundial-main\Hegemonia-Mundial-main\Packages\com.tripo3d.unitybridge (location: C:\Users\Mathe\Desktop\Hegemonia-Mundial-main\Hegemonia-Mundial-main\Packages\com.tripo3d.unitybridge)
[Subsystems] No new subsystems found in resolved package list.
[Package Manager] Done registering packages in 0.04 seconds
Assembly reference Packages/com.unity.cinemachine/Editor/Samples/ExposeHDRPInternals/HDRP-Editor-ref.asmref has no target assembly definition
Assembly reference Packages/com.unity.cinemachine/Editor/Samples/ExposeHDRPInternals/HDRP-Editor-ref.asmref has no target assembly definition
Refreshing native plugins compatible for Editor in 3.40 ms, found 4 plugins.
Starting: C:\Program Files\Unity\Hub\Editor\6000.2.15f1\Editor\Data\bee_backend.exe --ipc --defer-dag-verification --dagfile="Library/Bee/1900b0aE.dag" --continue-on-failure --profile="Library/Bee/backend1.traceevents" ScriptAssemblies
WorkingDir: C:/Users/Mathe/Desktop/Hegemonia-Mundial-main/Hegemonia-Mundial-main
DisplayProgressbar: Compiling Scripts
ExitCode: 0 Duration: 0s676ms
[ 858/1117  0s] ILPP-Configuration Library/ilpp-configuration.nevergeneratedoutput
*** Tundra build success (0.59 seconds), 1 items updated, 1117 evaluated
AssetDatabase: script compilation time: 1.396474s
Begin MonoManager ReloadAssembly
- Loaded All Assemblies, in  1.695 seconds
'Packages/com.unity.cinemachine/Editor/Editors/CinemachineVirtualCameraBaseEditor.cs' contains partial class of Unity.Object, exactly 1 of the partial classes needs to be in a file with the same filename. This is to know the one that can be referenced from ie. GameObjects
'Packages/com.unity.cinemachine/Editor/Obsolete/CinemachineVirtualCameraBaseEditor.cs' contains partial class of Unity.Object, exactly 1 of the partial classes needs to be in a file with the same filename. This is to know the one that can be referenced from ie. GameObjects
Refreshing native plugins compatible for Editor in 4.21 ms, found 4 plugins.
Native extension for WindowsStandalone target not found
Assembly reference Packages/com.unity.cinemachine/Editor/Samples/ExposeHDRPInternals/HDRP-Editor-ref.asmref has no target assembly definition
Refreshing native plugins compatible for Editor in 3.56 ms, found 4 plugins.
Mono: successfully reloaded assembly
- Finished resetting the current domain, in  6.582 seconds
Domain Reload Profiling: 8266ms
	BeginReloadAssembly (379ms)
		ExecutionOrderSort (0ms)
		DisableScriptedObjects (18ms)
		BackupInstance (0ms)
		ReleaseScriptingObjects (0ms)
		CreateAndSetChildDomain (148ms)
	RebuildCommonClasses (57ms)
	RebuildNativeTypeToScriptingClass (21ms)
	initialDomainReloadingComplete (54ms)
	LoadAllAssembliesAndSetupDomain (1173ms)
		LoadAssemblies (766ms)
		RebuildTransferFunctionScriptingTraits (0ms)
		AnalyzeDomain (558ms)
			TypeCache.Refresh (406ms)
				TypeCache.ScanAssembly (386ms)
			BuildScriptInfoCaches (110ms)
			ResolveRequiredComponents (32ms)
	FinalizeReload (6583ms)
		ReleaseScriptCaches (0ms)
		RebuildScriptCaches (0ms)
		SetupLoadedEditorAssemblies (6188ms)
			LogAssemblyErrors (0ms)
			InitializePlatformSupportModulesInManaged (33ms)
			SetLoadedEditorAssemblies (5ms)
			BeforeProcessingInitializeOnLoad (295ms)
			ProcessInitializeOnLoadAttributes (5201ms)
			ProcessInitializeOnLoadMethodAttributes (641ms)
			AfterProcessingInitializeOnLoad (11ms)
			EditorAssembliesLoaded (1ms)
		ExecutionOrderSort2 (0ms)
		AwakeInstancesAfterBackupRestoration (16ms)
Asset Pipeline Refresh (id=5702b0f488fb1344da74d3359f76ed3c): Total: 11.951 seconds - Initiated by InitialRefreshV2(ForceSynchronousImport)
	Summary:
		Imports: total=0 (actual=0, local cache=0, cache server=0)
		Asset DB Process Time: managed=0 ms, native=8619 ms
		Asset DB Callback time: managed=75 ms, native=44 ms
		Scripting: domain reloads=1, domain reload time=1696 ms, compile time=1400 ms, other=114 ms
		Project Asset Count: scripts=2550, non-scripts=8430
		Asset File Changes: new=0, changed=0, moved=0, deleted=0
		Scan Filter Count: 0
	InvokeCustomDependenciesCallbacks: 0.001ms
	InvokePackagesCallback: 48.222ms
	ApplyChangesToAssetFolders: 1.147ms
	Scan: 833.768ms
	OnSourceAssetsModified: 0.004ms
	CategorizeAssetsWithTransientArtifact: 132.105ms
	ProcessAssetsWithTransientArtifactChanges: 193.638ms
	CategorizeAssets: 199.811ms
	ImportOutOfDateAssets: 6608.350ms (5199.874ms without children)
		CompileScripts: 1400.151ms
		ReloadNativeAssets: 0.044ms
		UnloadImportedAssets: 1.261ms
		EnsureUptoDateAssetsAreRegisteredWithGuidPM: 4.469ms
		InitializingProgressBar: 0.001ms
		PostProcessAllAssetNotificationsAddChangedAssets: 0.001ms
		OnDemandSchedulerStart: 2.549ms
	PostProcessAllAssets: 75.909ms
	GatherAllCurrentPrimaryArtifactRevisions: 0.004ms
	UnloadStreamsBegin: 4.699ms
	PersistCurrentRevisions: 0.634ms
	UnloadStreamsEnd: 0.002ms
	GenerateScriptTypeHashes: 12.990ms
	Untracked: 3853.055ms

Application.AssetDatabase Initial Refresh End
Scanning for USB devices : 6.602ms
Initializing Unity extensions:
[MODES] ModeService[none].Initialize
[MODES] ModeService[none].LoadModes
[MODES] Loading mode Default (0) for mode-current-id-Hegemonia Global
Unloading 42 Unused Serialized files (Serialized files now loaded: 0)
Unloading 8185 unused Assets / (4.3 MB). Loaded Objects now: 9150.
Memory consumption went from 261.7 MB to 257.4 MB.
Total: 17.584300 ms (FindLiveObjects: 1.339600 ms CreateObjectMapping: 1.197400 ms MarkObjects: 10.755500 ms  DeleteObjects: 4.290200 ms)

Microsoft Media Foundation video decoding to texture disabled: graphics device is Null, only Direct3D 11 and Direct3D 12 (only on desktop) are supported for hardware-accelerated video decoding.
[Project] Loading completed in 15.835 seconds
	Project init time: 				15.033 seconds
		Template init time: 		0.000 seconds
		Package Manager init time: 		0.430 seconds
		Asset Database init time: 		0.570 seconds
		Global illumination init time: 	0.004 seconds
		Assemblies load time: 			1.199 seconds
		Unity extensions init time: 	0.028 seconds
		Asset Database refresh time: 	11.952 seconds
	Scene opening time: 			0.678 seconds
##utp:{"type":"ProjectInfo","version":2,"phase":"Immediate","time":1787138794692,"processId":1976,"projectLoad":15.8346722,"projectInit":15.0334279,"templateInit":0.0,"packageManagerInit":0.4303821,"assetDatabaseInit":0.5700346,"globalIlluminationInit":0.0036674,"assembliesLoad":1.1986513,"unityExtensionsInit":0.0283544,"assetDatabaseRefresh":11.9517814,"sceneOpening":0.677833}
##utp:{"type":"EditorInfo","version":2,"phase":"Immediate","time":1787138794692,"processId":1976,"editorVersion":"6000.2.15f1 (0707b6d1e918)","branch":"6000.2/staging","buildType":"Release","platform":"Windows"}
Asset Pipeline Refresh (id=ac1816e3477f2534b895ee2a48d17a33): Total: 0.167 seconds - Initiated by RefreshV2(NoUpdateAssetOptions)
Shader 'WFX/Transparent Diffuse': fallback shader 'Particles/Alpha Blended' not found
Shader 'WFX/Transparent Specular': fallback shader 'Particles/Alpha Blended' not found
Shader Hidden/ProbeVolume/VoxelizeScene is not supported: GPU does not support conservative rasterization
Running tests for ExecutionSettings with details:
targetPlatform = 
playerHeartbeatTimeout = 600
filters[0] = 
   Filter with settings:
   testMode = PlayMode
   targetPlatform = 
   testNames = null
   groupNames = null
   categoryNames = null
   assemblyNames = null
ignoreTests = {}
featureFlags = null

UnityEngine.Debug:ExtractStackTraceNoAlloc (byte*,int,string)
UnityEngine.StackTraceUtility:ExtractStackTrace ()
UnityEngine.DebugLogHandler:Internal_Log (UnityEngine.LogType,UnityEngine.LogOption,string,UnityEngine.Object)
UnityEngine.DebugLogHandler:LogFormat (UnityEngine.LogType,UnityEngine.Object,string,object[])
UnityEngine.Logger:Log (UnityEngine.LogType,object)
UnityEngine.Debug:Log (object)
UnityEditor.TestTools.TestRunner.CommandLineTest.Executer:InitializeAndExecuteRun (string[]) (at ./Library/PackageCache/com.unity.test-framework@40e262928427/UnityEditor.TestRunner/CommandLineTest/Executer.cs:53)
UnityEditor.TestTools.TestRunner.CommandLineTest.TestStarter:InitializeAndExecuteRun () (at ./Library/PackageCache/com.unity.test-framework@40e262928427/UnityEditor.TestRunner/CommandLineTest/TestStarter.cs:64)
UnityEditor.EditorApplication:Internal_CallUpdateFunctions ()

(Filename: ./Library/PackageCache/com.unity.test-framework@40e262928427/UnityEditor.TestRunner/CommandLineTest/Executer.cs Line: 53)

[MissingScriptLocator] Nenhum script faltando encontrado nas cenas abertas.
UnityEngine.Debug:ExtractStackTraceNoAlloc (byte*,int,string)
UnityEngine.StackTraceUtility:ExtractStackTrace ()
UnityEngine.DebugLogHandler:Internal_Log (UnityEngine.LogType,UnityEngine.LogOption,string,UnityEngine.Object)
UnityEngine.DebugLogHandler:LogFormat (UnityEngine.LogType,UnityEngine.Object,string,object[])
UnityEngine.Logger:Log (UnityEngine.LogType,object)
UnityEngine.Debug:Log (object)
MissingScriptLocator:ScanOpenScenes () (at Assets/scripts/Editor/MissingScriptLocator.cs:46)
UnityEditor.EditorApplication:Internal_CallDelayFunctions ()

(Filename: Assets/scripts/Editor/MissingScriptLocator.cs Line: 46)

[UnityConnectServicesConfig] config is NOT valid, switching to default
Created GICache directory at C:/Users/Mathe/AppData/LocalLow/Unity/Caches/GiCache. Took: 0.026s, timestamps: [15.855 - 15.880]
Unloading 10 Unused Serialized files (Serialized files now loaded: 0)
Unloading 30 unused Assets / (6.5 KB). Loaded Objects now: 9190.
Memory consumption went from 259.7 MB to 259.7 MB.
Total: 20.071100 ms (FindLiveObjects: 0.651300 ms CreateObjectMapping: 0.434500 ms MarkObjects: 18.684900 ms  DeleteObjects: 0.298300 ms)

Start importing Assets/InitTestSceneb304eeb6-41a9-420e-b44f-5f22747e2de1.unity using Guid(665a82c0c54650841b6b894683cf4f1d) (DefaultImporter) -> (artifact id: 'a9c863ea2cf9f47d9ff0c32cb7546ec1') in 0.0139116 seconds
Refreshing native plugins compatible for Editor in 4.12 ms, found 4 plugins.
Preloading 0 native plugins for Editor in 0.00 ms.
Asset Pipeline Refresh (id=29b066a982cc7a54788fb5e4482f11ca): Total: 0.635 seconds - Initiated by StopAssetImportingV2(NoUpdateAssetOptions)
	Summary:
		Imports: total=1 (actual=1, local cache=0, cache server=0)
		Asset DB Process Time: managed=4 ms, native=296 ms
		Asset DB Callback time: managed=323 ms, native=10 ms
		Scripting: domain reloads=0, domain reload time=0 ms, compile time=0 ms, other=0 ms
		Project Asset Count: scripts=2550, non-scripts=8431
		Asset File Changes: new=1, changed=1, moved=0, deleted=0
		Scan Filter Count: 2
	InvokeCustomDependenciesCallbacks: 0.002ms
	InvokePackagesCallback: 0.001ms
	ApplyChangesToAssetFolders: 0.318ms
	Scan: 64.134ms
	OnSourceAssetsModified: 2.046ms
	CategorizeAssetsWithTransientArtifact: 0.033ms
	ProcessAssetsWithTransientArtifactChanges: 0.204ms
	CategorizeAssets: 68.611ms
	ImportOutOfDateAssets: 145.090ms (6.640ms without children)
		ImportManagerImport: 128.773ms (4.749ms without children)
			ImportInProcess: 123.950ms
			UpdateCategorizedAssets: 0.074ms
		ReloadNativeAssets: 0.104ms
		UnloadImportedAssets: 0.855ms
		ReloadImportedAssets: 0.001ms
		EnsureUptoDateAssetsAreRegisteredWithGuidPM: 7.639ms
		InitializingProgressBar: 0.021ms
		PostProcessAllAssetNotificationsAddChangedAssets: 0.002ms
		OnDemandSchedulerStart: 1.055ms
	PostProcessAllAssets: 325.829ms
	Hotreload: 6.244ms
	GatherAllCurrentPrimaryArtifactRevisions: 1.775ms
	UnloadStreamsBegin: 0.008ms
	PersistCurrentRevisions: 0.893ms
	UnloadStreamsEnd: 0.068ms
	Untracked: 19.857ms

Executing IPrebuildSetup for: Unity.PerformanceTesting.Editor.TestRunBuilder.
UnityEngine.Debug:ExtractStackTraceNoAlloc (byte*,int,string)
UnityEngine.StackTraceUtility:ExtractStackTrace ()
UnityEngine.DebugLogHandler:Internal_Log (UnityEngine.LogType,UnityEngine.LogOption,string,UnityEngine.Object)
UnityEngine.DebugLogHandler:LogFormat (UnityEngine.LogType,UnityEngine.Object,string,object[])
UnityEngine.Logger:Log (UnityEngine.LogType,object)
UnityEngine.Debug:Log (object)
UnityEditor.TestTools.TestRunner.TestRun.Tasks.BuildActionTaskBase`1/<ExecuteMethods>d__8<UnityEngine.TestTools.IPrebuildSetup>:MoveNext () (at ./Library/PackageCache/com.unity.test-framework@40e262928427/UnityEditor.TestRunner/TestRun/Tasks/BuildActionTaskBase.cs:48)
UnityEditor.TestTools.TestRunner.TestRun.Tasks.BuildActionTaskBase`1/<Execute>d__7<UnityEngine.TestTools.IPrebuildSetup>:MoveNext () (at ./Library/PackageCache/com.unity.test-framework@40e262928427/UnityEditor.TestRunner/TestRun/Tasks/BuildActionTaskBase.cs:34)
UnityEditor.TestTools.TestRunner.TestRun.TestJobRunner:ExecuteStep () (at ./Library/PackageCache/com.unity.test-framework@40e262928427/UnityEditor.TestRunner/TestRun/TestJobRunner.cs:173)
UnityEditor.TestTools.TestRunner.TestRun.TestJobRunner:ExecuteCallback () (at ./Library/PackageCache/com.unity.test-framework@40e262928427/UnityEditor.TestRunner/TestRun/TestJobRunner.cs:108)
UnityEditor.EditorApplication:Internal_CallUpdateFunctions ()

(Filename: ./Library/PackageCache/com.unity.test-framework@40e262928427/UnityEditor.TestRunner/TestRun/Tasks/BuildActionTaskBase.cs Line: 48)

Executing IPrebuildSetup for: Etapa12MinimalPlayModeSetup.
UnityEngine.Debug:ExtractStackTraceNoAlloc (byte*,int,string)
UnityEngine.StackTraceUtility:ExtractStackTrace ()
UnityEngine.DebugLogHandler:Internal_Log (UnityEngine.LogType,UnityEngine.LogOption,string,UnityEngine.Object)
UnityEngine.DebugLogHandler:LogFormat (UnityEngine.LogType,UnityEngine.Object,string,object[])
UnityEngine.Logger:Log (UnityEngine.LogType,object)
UnityEngine.Debug:Log (object)
UnityEditor.TestTools.TestRunner.TestRun.Tasks.BuildActionTaskBase`1/<ExecuteMethods>d__8<UnityEngine.TestTools.IPrebuildSetup>:MoveNext () (at ./Library/PackageCache/com.unity.test-framework@40e262928427/UnityEditor.TestRunner/TestRun/Tasks/BuildActionTaskBase.cs:48)
UnityEditor.TestTools.TestRunner.TestRun.Tasks.BuildActionTaskBase`1/<Execute>d__7<UnityEngine.TestTools.IPrebuildSetup>:MoveNext () (at ./Library/PackageCache/com.unity.test-framework@40e262928427/UnityEditor.TestRunner/TestRun/Tasks/BuildActionTaskBase.cs:34)
UnityEditor.TestTools.TestRunner.TestRun.TestJobRunner:ExecuteStep () (at ./Library/PackageCache/com.unity.test-framework@40e262928427/UnityEditor.TestRunner/TestRun/TestJobRunner.cs:173)
UnityEditor.TestTools.TestRunner.TestRun.TestJobRunner:ExecuteCallback () (at ./Library/PackageCache/com.unity.test-framework@40e262928427/UnityEditor.TestRunner/TestRun/TestJobRunner.cs:108)
UnityEditor.EditorApplication:Internal_CallUpdateFunctions ()

(Filename: ./Library/PackageCache/com.unity.test-framework@40e262928427/UnityEditor.TestRunner/TestRun/Tasks/BuildActionTaskBase.cs Line: 48)

Opening scene 'Assets/Tests/PlayMode/Etapa12MinimalPlayModeScene.unity additively'
Loaded scene 'Assets/Tests/PlayMode/Etapa12MinimalPlayModeScene.unity'
	Deserialize:            132.950 ms
	Integration:            0.627 ms
	Integration of assets:  0.055 ms
	Thread Wait Time:       -0.023 ms
	Total Operation Time:   133.610 ms
[Etapa12MinimalPlayModeSetup] Cena isolada aberta: Assets/Tests/PlayMode/Etapa12MinimalPlayModeScene.unity
UnityEngine.Debug:ExtractStackTraceNoAlloc (byte*,int,string)
UnityEngine.StackTraceUtility:ExtractStackTrace ()
UnityEngine.DebugLogHandler:Internal_Log (UnityEngine.LogType,UnityEngine.LogOption,string,UnityEngine.Object)
UnityEngine.DebugLogHandler:LogFormat (UnityEngine.LogType,UnityEngine.Object,string,object[])
UnityEngine.Logger:Log (UnityEngine.LogType,object)
UnityEngine.Debug:Log (object)
Etapa12MinimalPlayModeSetup:Setup () (at Assets/Tests/PlayMode/Etapa12MinimalPlayModeTests.cs:89)
UnityEditor.TestTools.TestRunner.TestRun.Tasks.PrebuildSetupTask:Action (UnityEngine.TestTools.IPrebuildSetup,UnityEditor.TestTools.TestRunner.TestRun.TestJobData) (at ./Library/PackageCache/com.unity.test-framework@40e262928427/UnityEditor.TestRunner/TestRun/Tasks/PrebuildSetupTask.cs:13)
UnityEditor.TestTools.TestRunner.TestRun.Tasks.BuildActionTaskBase`1/<ExecuteMethods>d__8<UnityEngine.TestTools.IPrebuildSetup>:MoveNext () (at ./Library/PackageCache/com.unity.test-framework@40e262928427/UnityEditor.TestRunner/TestRun/Tasks/BuildActionTaskBase.cs:53)
UnityEditor.TestTools.TestRunner.TestRun.Tasks.BuildActionTaskBase`1/<Execute>d__7<UnityEngine.TestTools.IPrebuildSetup>:MoveNext () (at ./Library/PackageCache/com.unity.test-framework@40e262928427/UnityEditor.TestRunner/TestRun/Tasks/BuildActionTaskBase.cs:34)
UnityEditor.TestTools.TestRunner.TestRun.TestJobRunner:ExecuteStep () (at ./Library/PackageCache/com.unity.test-framework@40e262928427/UnityEditor.TestRunner/TestRun/TestJobRunner.cs:173)
UnityEditor.TestTools.TestRunner.TestRun.TestJobRunner:ExecuteCallback () (at ./Library/PackageCache/com.unity.test-framework@40e262928427/UnityEditor.TestRunner/TestRun/TestJobRunner.cs:108)
UnityEditor.EditorApplication:Internal_CallUpdateFunctions ()

(Filename: Assets/Tests/PlayMode/Etapa12MinimalPlayModeTests.cs Line: 89)

Reloading assemblies for play mode.
Reloading assemblies after forced synchronous recompile.
Begin MonoManager ReloadAssembly
- Loaded All Assemblies, in  1.492 seconds
Refreshing native plugins compatible for Editor in 3.43 ms, found 4 plugins.
Native extension for WindowsStandalone target not found
Assembly reference Packages/com.unity.cinemachine/Editor/Samples/ExposeHDRPInternals/HDRP-Editor-ref.asmref has no target assembly definition
Mono: successfully reloaded assembly
- Finished resetting the current domain, in  2.499 seconds
Domain Reload Profiling: 3985ms
	BeginReloadAssembly (786ms)
		ExecutionOrderSort (0ms)
		DisableScriptedObjects (43ms)
		BackupInstance (0ms)
		ReleaseScriptingObjects (0ms)
		CreateAndSetChildDomain (476ms)
	RebuildCommonClasses (57ms)
	RebuildNativeTypeToScriptingClass (23ms)
	initialDomainReloadingComplete (54ms)
	LoadAllAssembliesAndSetupDomain (566ms)
		LoadAssemblies (271ms)
		RebuildTransferFunctionScriptingTraits (0ms)
		AnalyzeDomain (444ms)
			TypeCache.Refresh (14ms)
				TypeCache.ScanAssembly (0ms)
			BuildScriptInfoCaches (388ms)
			ResolveRequiredComponents (30ms)
	FinalizeReload (2500ms)
		ReleaseScriptCaches (0ms)
		RebuildScriptCaches (0ms)
		SetupLoadedEditorAssemblies (1844ms)
			LogAssemblyErrors (0ms)
			InitializePlatformSupportModulesInManaged (33ms)
			SetLoadedEditorAssemblies (6ms)
			BeforeProcessingInitializeOnLoad (274ms)
			ProcessInitializeOnLoadAttributes (842ms)
			ProcessInitializeOnLoadMethodAttributes (676ms)
			AfterProcessingInitializeOnLoad (12ms)
			EditorAssembliesLoaded (1ms)
		ExecutionOrderSort2 (0ms)
		AwakeInstancesAfterBackupRestoration (57ms)
Asset Pipeline Refresh (id=1a01c33af06ae304cb0d724b217db18a): Total: 4.388 seconds - Initiated by StopAssetImportingV2(ForceSynchronousImport | ForceDomainReload)
	Summary:
		Imports: total=0 (actual=0, local cache=0, cache server=0)
		Asset DB Process Time: managed=0 ms, native=2808 ms
		Asset DB Callback time: managed=50 ms, native=0 ms
		Scripting: domain reloads=1, domain reload time=1524 ms, compile time=2 ms, other=0 ms
		Project Asset Count: scripts=2550, non-scripts=8431
		Asset File Changes: new=0, changed=0, moved=0, deleted=0
		Scan Filter Count: 0
	InvokeCustomDependenciesCallbacks: 0.001ms
	InvokePackagesCallback: 4.115ms
	ApplyChangesToAssetFolders: 0.541ms
	Scan: 0.001ms
	OnSourceAssetsModified: 0.004ms
	CategorizeAssetsWithTransientArtifact: 0.012ms
	ProcessAssetsWithTransientArtifactChanges: 8.131ms
	CategorizeAssets: 204.150ms
	ImportOutOfDateAssets: 2521.976ms (2507.701ms without children)
		CompileScripts: 2.244ms
		CollectScriptTypesHashes: 3.972ms
		ReloadNativeAssets: 2.480ms
		UnloadImportedAssets: 0.213ms
		EnsureUptoDateAssetsAreRegisteredWithGuidPM: 3.782ms
		InitializingProgressBar: 0.001ms
		PostProcessAllAssetNotificationsAddChangedAssets: 0.001ms
		OnDemandSchedulerStart: 1.581ms
	PostProcessAllAssets: 50.792ms
	GatherAllCurrentPrimaryArtifactRevisions: 0.581ms
	UnloadStreamsBegin: 0.103ms
	PersistCurrentRevisions: 0.710ms
	UnloadStreamsEnd: 0.002ms
	GenerateScriptTypeHashes: 19.569ms
	Untracked: 1596.503ms

Refreshing native plugins compatible for Editor in 3.30 ms, found 4 plugins.
Preloading 0 native plugins for Editor in 0.00 ms.
[MenuConstrucao] Instancia ausente na cena. Criado bootstrap automatico.
UnityEngine.Debug:ExtractStackTraceNoAlloc (byte*,int,string)
UnityEngine.StackTraceUtility:ExtractStackTrace ()
UnityEngine.DebugLogHandler:Internal_Log (UnityEngine.LogType,UnityEngine.LogOption,string,UnityEngine.Object)
UnityEngine.DebugLogHandler:LogFormat (UnityEngine.LogType,UnityEngine.Object,string,object[])
UnityEngine.Logger:Log (UnityEngine.LogType,object)
UnityEngine.Debug:Log (object)
MenuConstrucao:GarantirInstanciaRuntime () (at Assets/scripts/Menus/MenuConstrucao.cs:120)

(Filename: Assets/scripts/Menus/MenuConstrucao.cs Line: 120)

Loaded scene 'Temp/__Backupscenes/0.backup'
	Deserialize:            1.410 ms
	Integration:            1743.870 ms
	Integration of assets:  0.002 ms
	Thread Wait Time:       0.029 ms
	Total Operation Time:   1745.309 ms
[SistemaIndustrial] Perfil geológico gerado para team 1: Ferro=Abundante Cobre=Alto Bauxita=Baixo Titânio=Medio Urânio=MuitoEscasso Mod=1,25
UnityEngine.Debug:ExtractStackTraceNoAlloc (byte*,int,string)
UnityEngine.StackTraceUtility:ExtractStackTrace ()
UnityEngine.DebugLogHandler:Internal_Log (UnityEngine.LogType,UnityEngine.LogOption,string,UnityEngine.Object)
UnityEngine.DebugLogHandler:LogFormat (UnityEngine.LogType,UnityEngine.Object,string,object[])
UnityEngine.Logger:Log (UnityEngine.LogType,object)
UnityEngine.Debug:Log (object)
PerfilMineralPais:GerarPerfil (int) (at Assets/scripts/Governo/PerfilMineralPais.cs:170)
SistemaIndustrialNacional:GarantirPerfil (int) (at Assets/scripts/Governo/SistemaIndustrialNacional.cs:188)
SistemaIndustrialNacional:GarantirPaisExistentes () (at Assets/scripts/Governo/SistemaIndustrialNacional.cs:177)
SistemaIndustrialNacional:Awake () (at Assets/scripts/Governo/SistemaIndustrialNacional.cs:91)
UnityEngine.GameObject:Internal_AddComponentWithType (System.Type)
UnityEngine.GameObject:AddComponent (System.Type)
UnityEngine.GameObject:AddComponent<SistemaIndustrialNacional> ()
SistemaGovernoMundial:GarantirSistemaIndustrial () (at Assets/scripts/Governo/SistemaGovernoMundial.cs:2482)
SistemaGovernoMundial:Awake () (at Assets/scripts/Governo/SistemaGovernoMundial.cs:69)
UnityEngine.GameObject:Internal_AddComponentWithType (System.Type)
UnityEngine.GameObject:AddComponent (System.Type)
UnityEngine.GameObject:AddComponent<SistemaGovernoMundial> ()
SistemaGovernoMundial:GarantirInstancia () (at Assets/scripts/Governo/SistemaGovernoMundial.cs:51)
Hegemonia.AI.Sovereign.AISovereignBootstrapper:Update () (at Assets/scripts/IA/Sovereign/AISovereignBootstrapper.cs:42)

(Filename: Assets/scripts/Governo/PerfilMineralPais.cs Line: 170)

[SistemaIndustrial] Perfil geológico gerado para team 2: Ferro=Medio Cobre=Escasso Bauxita=Alto Titânio=Alto Urânio=MuitoEscasso Mod=1,16
UnityEngine.Debug:ExtractStackTraceNoAlloc (byte*,int,string)
UnityEngine.StackTraceUtility:ExtractStackTrace ()
UnityEngine.DebugLogHandler:Internal_Log (UnityEngine.LogType,UnityEngine.LogOption,string,UnityEngine.Object)
UnityEngine.DebugLogHandler:LogFormat (UnityEngine.LogType,UnityEngine.Object,string,object[])
UnityEngine.Logger:Log (UnityEngine.LogType,object)
UnityEngine.Debug:Log (object)
PerfilMineralPais:GerarPerfil (int) (at Assets/scripts/Governo/PerfilMineralPais.cs:170)
SistemaIndustrialNacional:GarantirPerfil (int) (at Assets/scripts/Governo/SistemaIndustrialNacional.cs:188)
SistemaIndustrialNacional:GarantirPaisExistentes () (at Assets/scripts/Governo/SistemaIndustrialNacional.cs:177)
SistemaIndustrialNacional:Awake () (at Assets/scripts/Governo/SistemaIndustrialNacional.cs:91)
UnityEngine.GameObject:Internal_AddComponentWithType (System.Type)
UnityEngine.GameObject:AddComponent (System.Type)
UnityEngine.GameObject:AddComponent<SistemaIndustrialNacional> ()
SistemaGovernoMundial:GarantirSistemaIndustrial () (at Assets/scripts/Governo/SistemaGovernoMundial.cs:2482)
SistemaGovernoMundial:Awake () (at Assets/scripts/Governo/SistemaGovernoMundial.cs:69)
UnityEngine.GameObject:Internal_AddComponentWithType (System.Type)
UnityEngine.GameObject:AddComponent (System.Type)
UnityEngine.GameObject:AddComponent<SistemaGovernoMundial> ()
SistemaGovernoMundial:GarantirInstancia () (at Assets/scripts/Governo/SistemaGovernoMundial.cs:51)
Hegemonia.AI.Sovereign.AISovereignBootstrapper:Update () (at Assets/scripts/IA/Sovereign/AISovereignBootstrapper.cs:42)

(Filename: Assets/scripts/Governo/PerfilMineralPais.cs Line: 170)

[SistemaIndustrial] Perfil geológico gerado para team 3: Ferro=Medio Cobre=Baixo Bauxita=Alto Titânio=Alto Urânio=MuitoEscasso Mod=1,25
UnityEngine.Debug:ExtractStackTraceNoAlloc (byte*,int,string)
UnityEngine.StackTraceUtility:ExtractStackTrace ()
UnityEngine.DebugLogHandler:Internal_Log (UnityEngine.LogType,UnityEngine.LogOption,string,UnityEngine.Object)
UnityEngine.DebugLogHandler:LogFormat (UnityEngine.LogType,UnityEngine.Object,string,object[])
UnityEngine.Logger:Log (UnityEngine.LogType,object)
UnityEngine.Debug:Log (object)
PerfilMineralPais:GerarPerfil (int) (at Assets/scripts/Governo/PerfilMineralPais.cs:170)
SistemaIndustrialNacional:GarantirPerfil (int) (at Assets/scripts/Governo/SistemaIndustrialNacional.cs:188)
SistemaIndustrialNacional:GarantirPaisExistentes () (at Assets/scripts/Governo/SistemaIndustrialNacional.cs:177)
SistemaIndustrialNacional:Awake () (at Assets/scripts/Governo/SistemaIndustrialNacional.cs:91)
UnityEngine.GameObject:Internal_AddComponentWithType (System.Type)
UnityEngine.GameObject:AddComponent (System.Type)
UnityEngine.GameObject:AddComponent<SistemaIndustrialNacional> ()
SistemaGovernoMundial:GarantirSistemaIndustrial () (at Assets/scripts/Governo/SistemaGovernoMundial.cs:2482)
SistemaGovernoMundial:Awake () (at Assets/scripts/Governo/SistemaGovernoMundial.cs:69)
UnityEngine.GameObject:Internal_AddComponentWithType (System.Type)
UnityEngine.GameObject:AddComponent (System.Type)
UnityEngine.GameObject:AddComponent<SistemaGovernoMundial> ()
SistemaGovernoMundial:GarantirInstancia () (at Assets/scripts/Governo/SistemaGovernoMundial.cs:51)
Hegemonia.AI.Sovereign.AISovereignBootstrapper:Update () (at Assets/scripts/IA/Sovereign/AISovereignBootstrapper.cs:42)

(Filename: Assets/scripts/Governo/PerfilMineralPais.cs Line: 170)

[SistemaIndustrial] Perfil geológico gerado para team 4: Ferro=Escasso Cobre=Abundante Bauxita=Abundante Titânio=Medio Urânio=Escasso Mod=1,25
UnityEngine.Debug:ExtractStackTraceNoAlloc (byte*,int,string)
UnityEngine.StackTraceUtility:ExtractStackTrace ()
UnityEngine.DebugLogHandler:Internal_Log (UnityEngine.LogType,UnityEngine.LogOption,string,UnityEngine.Object)
UnityEngine.DebugLogHandler:LogFormat (UnityEngine.LogType,UnityEngine.Object,string,object[])
UnityEngine.Logger:Log (UnityEngine.LogType,object)
UnityEngine.Debug:Log (object)
PerfilMineralPais:GerarPerfil (int) (at Assets/scripts/Governo/PerfilMineralPais.cs:170)
SistemaIndustrialNacional:GarantirPerfil (int) (at Assets/scripts/Governo/SistemaIndustrialNacional.cs:188)
SistemaIndustrialNacional:GarantirPaisExistentes () (at Assets/scripts/Governo/SistemaIndustrialNacional.cs:177)
SistemaIndustrialNacional:Awake () (at Assets/scripts/Governo/SistemaIndustrialNacional.cs:91)
UnityEngine.GameObject:Internal_AddComponentWithType (System.Type)
UnityEngine.GameObject:AddComponent (System.Type)
UnityEngine.GameObject:AddComponent<SistemaIndustrialNacional> ()
SistemaGovernoMundial:GarantirSistemaIndustrial () (at Assets/scripts/Governo/SistemaGovernoMundial.cs:2482)
SistemaGovernoMundial:Awake () (at Assets/scripts/Governo/SistemaGovernoMundial.cs:69)
UnityEngine.GameObject:Internal_AddComponentWithType (System.Type)
UnityEngine.GameObject:AddComponent (System.Type)
UnityEngine.GameObject:AddComponent<SistemaGovernoMundial> ()
SistemaGovernoMundial:GarantirInstancia () (at Assets/scripts/Governo/SistemaGovernoMundial.cs:51)
Hegemonia.AI.Sovereign.AISovereignBootstrapper:Update () (at Assets/scripts/IA/Sovereign/AISovereignBootstrapper.cs:42)

(Filename: Assets/scripts/Governo/PerfilMineralPais.cs Line: 170)

[SistemaIndustrial] Perfil geológico gerado para team 5: Ferro=Escasso Cobre=Medio Bauxita=Abundante Titânio=Abundante Urânio=Baixo Mod=1,15
UnityEngine.Debug:ExtractStackTraceNoAlloc (byte*,int,string)
UnityEngine.StackTraceUtility:ExtractStackTrace ()
UnityEngine.DebugLogHandler:Internal_Log (UnityEngine.LogType,UnityEngine.LogOption,string,UnityEngine.Object)
UnityEngine.DebugLogHandler:LogFormat (UnityEngine.LogType,UnityEngine.Object,string,object[])
UnityEngine.Logger:Log (UnityEngine.LogType,object)
UnityEngine.Debug:Log (object)
PerfilMineralPais:GerarPerfil (int) (at Assets/scripts/Governo/PerfilMineralPais.cs:170)
SistemaIndustrialNacional:GarantirPerfil (int) (at Assets/scripts/Governo/SistemaIndustrialNacional.cs:188)
SistemaIndustrialNacional:GarantirPaisExistentes () (at Assets/scripts/Governo/SistemaIndustrialNacional.cs:177)
SistemaIndustrialNacional:Awake () (at Assets/scripts/Governo/SistemaIndustrialNacional.cs:91)
UnityEngine.GameObject:Internal_AddComponentWithType (System.Type)
UnityEngine.GameObject:AddComponent (System.Type)
UnityEngine.GameObject:AddComponent<SistemaIndustrialNacional> ()
SistemaGovernoMundial:GarantirSistemaIndustrial () (at Assets/scripts/Governo/SistemaGovernoMundial.cs:2482)
SistemaGovernoMundial:Awake () (at Assets/scripts/Governo/SistemaGovernoMundial.cs:69)
UnityEngine.GameObject:Internal_AddComponentWithType (System.Type)
UnityEngine.GameObject:AddComponent (System.Type)
UnityEngine.GameObject:AddComponent<SistemaGovernoMundial> ()
SistemaGovernoMundial:GarantirInstancia () (at Assets/scripts/Governo/SistemaGovernoMundial.cs:51)
Hegemonia.AI.Sovereign.AISovereignBootstrapper:Update () (at Assets/scripts/IA/Sovereign/AISovereignBootstrapper.cs:42)

(Filename: Assets/scripts/Governo/PerfilMineralPais.cs Line: 170)

[MODES] ModeService[none].Initialize
[MODES] ModeService[none].LoadModes
[AuditoriaConteudo] Torre Turistica: prefab sem collider
UnityEngine.Debug:ExtractStackTraceNoAlloc (byte*,int,string)
UnityEngine.StackTraceUtility:ExtractStackTrace ()
UnityEngine.DebugLogHandler:Internal_Log (UnityEngine.LogType,UnityEngine.LogOption,string,UnityEngine.Object)
UnityEngine.DebugLogHandler:LogFormat (UnityEngine.LogType,UnityEngine.Object,string,object[])
UnityEngine.Logger:Log (UnityEngine.LogType,object,UnityEngine.Object)
UnityEngine.Debug:LogWarning (object,UnityEngine.Object)
AuditoriaConteudoJogo:Emitir (string,string,int&,int) (at Assets/scripts/AuditoriaConteudoJogo.cs:600)
AuditoriaConteudoJogo:AuditarFicha (DadosConstrucao,int&,int&,int&,int) (at Assets/scripts/AuditoriaConteudoJogo.cs:396)
AuditoriaConteudoJogo:AuditarFichaOuRegistrarNula (DadosConstrucao,int&,int&,int&,int) (at Assets/scripts/AuditoriaConteudoJogo.cs:218)
AuditoriaConteudoJogo/<RodarAuditoriaEmEtapas>d__30:MoveNext () (at Assets/scripts/AuditoriaConteudoJogo.cs:188)
UnityEngine.SetupCoroutine:InvokeMoveNext (System.Collections.IEnumerator,intptr)

(Filename: Assets/scripts/AuditoriaConteudoJogo.cs Line: 600)

[AuditoriaConteudo] Torre Turistica: prefab sem SaveableEntity para save completo
UnityEngine.Debug:ExtractStackTraceNoAlloc (byte*,int,string)
UnityEngine.StackTraceUtility:ExtractStackTrace ()
UnityEngine.DebugLogHandler:Internal_Log (UnityEngine.LogType,UnityEngine.LogOption,string,UnityEngine.Object)
UnityEngine.DebugLogHandler:LogFormat (UnityEngine.LogType,UnityEngine.Object,string,object[])
UnityEngine.Logger:Log (UnityEngine.LogType,object,UnityEngine.Object)
UnityEngine.Debug:LogWarning (object,UnityEngine.Object)
AuditoriaConteudoJogo:Emitir (string,string,int&,int) (at Assets/scripts/AuditoriaConteudoJogo.cs:600)
AuditoriaConteudoJogo:AuditarFicha (DadosConstrucao,int&,int&,int&,int) (at Assets/scripts/AuditoriaConteudoJogo.cs:403)
AuditoriaConteudoJogo:AuditarFichaOuRegistrarNula (DadosConstrucao,int&,int&,int&,int) (at Assets/scripts/AuditoriaConteudoJogo.cs:218)
AuditoriaConteudoJogo/<RodarAuditoriaEmEtapas>d__30:MoveNext () (at Assets/scripts/AuditoriaConteudoJogo.cs:188)
UnityEngine.SetupCoroutine:InvokeMoveNext (System.Collections.IEnumerator,intptr)

(Filename: Assets/scripts/AuditoriaConteudoJogo.cs Line: 600)

[AuditoriaConteudo] Torre Turistica: prefab sem SistemaDeDanos
UnityEngine.Debug:ExtractStackTraceNoAlloc (byte*,int,string)
UnityEngine.StackTraceUtility:ExtractStackTrace ()
UnityEngine.DebugLogHandler:Internal_Log (UnityEngine.LogType,UnityEngine.LogOption,string,UnityEngine.Object)
UnityEngine.DebugLogHandler:LogFormat (UnityEngine.LogType,UnityEngine.Object,string,object[])
UnityEngine.Logger:Log (UnityEngine.LogType,object,UnityEngine.Object)
UnityEngine.Debug:LogWarning (object,UnityEngine.Object)
AuditoriaConteudoJogo:Emitir (string,string,int&,int) (at Assets/scripts/AuditoriaConteudoJogo.cs:600)
AuditoriaConteudoJogo:AuditarFicha (DadosConstrucao,int&,int&,int&,int) (at Assets/scripts/AuditoriaConteudoJogo.cs:438)
AuditoriaConteudoJogo:AuditarFichaOuRegistrarNula (DadosConstrucao,int&,int&,int&,int) (at Assets/scripts/AuditoriaConteudoJogo.cs:218)
AuditoriaConteudoJogo/<RodarAuditoriaEmEtapas>d__30:MoveNext () (at Assets/scripts/AuditoriaConteudoJogo.cs:188)
UnityEngine.SetupCoroutine:InvokeMoveNext (System.Collections.IEnumerator,intptr)

(Filename: Assets/scripts/AuditoriaConteudoJogo.cs Line: 600)

[AuditoriaConteudo] Estadio Nacional: prefab sem collider
UnityEngine.Debug:ExtractStackTraceNoAlloc (byte*,int,string)
UnityEngine.StackTraceUtility:ExtractStackTrace ()
UnityEngine.DebugLogHandler:Internal_Log (UnityEngine.LogType,UnityEngine.LogOption,string,UnityEngine.Object)
UnityEngine.DebugLogHandler:LogFormat (UnityEngine.LogType,UnityEngine.Object,string,object[])
UnityEngine.Logger:Log (UnityEngine.LogType,object,UnityEngine.Object)
UnityEngine.Debug:LogWarning (object,UnityEngine.Object)
AuditoriaConteudoJogo:Emitir (string,string,int&,int) (at Assets/scripts/AuditoriaConteudoJogo.cs:600)
AuditoriaConteudoJogo:AuditarFicha (DadosConstrucao,int&,int&,int&,int) (at Assets/scripts/AuditoriaConteudoJogo.cs:396)
AuditoriaConteudoJogo:AuditarFichaOuRegistrarNula (DadosConstrucao,int&,int&,int&,int) (at Assets/scripts/AuditoriaConteudoJogo.cs:218)
AuditoriaConteudoJogo/<RodarAuditoriaEmEtapas>d__30:MoveNext () (at Assets/scripts/AuditoriaConteudoJogo.cs:188)
UnityEngine.SetupCoroutine:InvokeMoveNext (System.Collections.IEnumerator,intptr)

(Filename: Assets/scripts/AuditoriaConteudoJogo.cs Line: 600)

[AuditoriaConteudo] Gate de conteudo aprovado: fichas=8 erros=0 avisos=9 cena=Etapa12MinimalPlayModeScene avisosConsoleSuprimidos=5
UnityEngine.Debug:ExtractStackTraceNoAlloc (byte*,int,string)
UnityEngine.StackTraceUtility:ExtractStackTrace ()
UnityEngine.DebugLogHandler:Internal_Log (UnityEngine.LogType,UnityEngine.LogOption,string,UnityEngine.Object)
UnityEngine.DebugLogHandler:LogFormat (UnityEngine.LogType,UnityEngine.Object,string,object[])
UnityEngine.Logger:Log (UnityEngine.LogType,object,UnityEngine.Object)
UnityEngine.Debug:Log (object,UnityEngine.Object)
AuditoriaConteudoJogo:FinalizarAuditoria (int,int) (at Assets/scripts/AuditoriaConteudoJogo.cs:240)
AuditoriaConteudoJogo/<RodarAuditoriaEmEtapas>d__30:MoveNext () (at Assets/scripts/AuditoriaConteudoJogo.cs:195)
UnityEngine.SetupCoroutine:InvokeMoveNext (System.Collections.IEnumerator,intptr)

(Filename: Assets/scripts/AuditoriaConteudoJogo.cs Line: 240)

TrimDiskCacheJob: Current cache size 0mb
[Cartel Init] Start cena=Etapa12MinimalPlayModeScene automatico=False dia=1
UnityEngine.Debug:ExtractStackTraceNoAlloc (byte*,int,string)
UnityEngine.StackTraceUtility:ExtractStackTrace ()
UnityEngine.DebugLogHandler:Internal_Log (UnityEngine.LogType,UnityEngine.LogOption,string,UnityEngine.Object)
UnityEngine.DebugLogHandler:LogFormat (UnityEngine.LogType,UnityEngine.Object,string,object[])
UnityEngine.Logger:Log (UnityEngine.LogType,object)
UnityEngine.Debug:Log (object)
Hegemonia.Cartel.CartelAIController:Start () (at Assets/scripts/Cartel/CartelAIController.cs:223)

(Filename: Assets/scripts/Cartel/CartelAIController.cs Line: 223)

[Cartel Init] Dia liberado; creates=2 basesAntes=0 baseCreates=1 areaCreates=1
UnityEngine.Debug:ExtractStackTraceNoAlloc (byte*,int,string)
UnityEngine.StackTraceUtility:ExtractStackTrace ()
UnityEngine.DebugLogHandler:Internal_Log (UnityEngine.LogType,UnityEngine.LogOption,string,UnityEngine.Object)
UnityEngine.DebugLogHandler:LogFormat (UnityEngine.LogType,UnityEngine.Object,string,object[])
UnityEngine.Logger:Log (UnityEngine.LogType,object)
UnityEngine.Debug:Log (object)
Hegemonia.Cartel.CartelAIController:InitializeInternal (bool) (at Assets/scripts/Cartel/CartelAIController.cs:315)
Hegemonia.Cartel.CartelAIController:Initialize () (at Assets/scripts/Cartel/CartelAIController.cs:299)
System.Reflection.RuntimeMethodInfo:Invoke (object,System.Reflection.BindingFlags,System.Reflection.Binder,object[],System.Globalization.CultureInfo)
System.Reflection.MethodBase:Invoke (object,object[])
CartelCreatePlayModeTests:Call (object,string,object[]) (at Assets/Tests/PlayMode/CartelCreatePlayModeTests.cs:166)
CartelCreatePlayModeTests/<PlayMode_ControllerBuildsBaseInsideConfiguredArea>d__6:MoveNext () (at Assets/Tests/PlayMode/CartelCreatePlayModeTests.cs:65)
UnityEngine.TestTools.TestEnumerator/<Execute>d__7:MoveNext () (at ./Library/PackageCache/com.unity.test-framework@40e262928427/UnityEngine.TestRunner/NUnitExtensions/Attributes/TestEnumerator.cs:44)
UnityEngine.TestTools.EnumerableTestMethodCommand/<ExecuteEnumerableAndRecordExceptions>d__4:MoveNext () (at ./Library/PackageCache/com.unity.test-framework@40e262928427/UnityEngine.TestRunner/NUnitExtensions/Commands/EnumerableTestMethodCommand.cs:79)
UnityEngine.TestTools.EnumerableTestMethodCommand:AdvanceEnumerator (System.Collections.IEnumerator) (at ./Library/PackageCache/com.unity.test-framework@40e262928427/UnityEngine.TestRunner/NUnitExtensions/Commands/EnumerableTestMethodCommand.cs:64)
UnityEngine.TestTools.EnumerableTestMethodCommand/<ExecuteEnumerable>d__2:MoveNext () (at ./Library/PackageCache/com.unity.test-framework@40e262928427/UnityEngine.TestRunner/NUnitExtensions/Commands/EnumerableTestMethodCommand.cs:47)
UnityEngine.TestRunner.NUnitExtensions.Runner.UnityLogCheckDelegatingCommand/<ExecuteEnumerable>d__3:MoveNext () (at ./Library/PackageCache/com.unity.test-framework@40e262928427/UnityEngine.TestRunner/NUnitExtensions/Runner/UnityLogCheckDelegatingCommand.cs:48)
UnityEngine.TestTools.BeforeAfterTestCommandBase`1/<ExecuteEnumerable>d__16<NUnit.Framework.ITestAction>:MoveNext () (at ./Library/PackageCache/com.unity.test-framework@40e262928427/UnityEngine.TestRunner/NUnitExtensions/Commands/BeforeAfterTestCommandBase.cs:212)
UnityEngine.TestTools.BeforeAfterTestCommandBase`1/<ExecuteEnumerable>d__16<System.Reflection.MethodInfo>:MoveNext () (at ./Library/PackageCache/com.unity.test-framework@40e262928427/UnityEngine.TestRunner/NUnitExtensions/Commands/BeforeAfterTestCommandBase.cs:212)
UnityEngine.TestTools.BeforeAfterTestCommandBase`1/<ExecuteEnumerable>d__16<System.Reflection.MethodInfo>:MoveNext () (at ./Library/PackageCache/com.unity.test-framework@40e262928427/UnityEngine.TestRunner/NUnitExtensions/Commands/BeforeAfterTestCommandBase.cs:212)
UnityEngine.TestTools.BeforeAfterTestCommandBase`1/<ExecuteEnumerable>d__16<UnityEngine.TestTools.IOuterUnityTestAction>:MoveNext () (at ./Library/PackageCache/com.unity.test-framework@40e262928427/UnityEngine.TestRunner/NUnitExtensions/Commands/BeforeAfterTestCommandBase.cs:212)
UnityEngine.TestTools.RetryCommand/<ExecuteEnumerable>d__2:MoveNext () (at ./Library/PackageCache/com.unity.test-framework@40e262928427/UnityEngine.TestRunner/NUnitExtensions/Commands/RetryCommand.cs:37)
UnityEngine.TestTools.RepeatCommand/<ExecuteEnumerable>d__2:MoveNext () (at ./Library/PackageCache/com.unity.test-framework@40e262928427/UnityEngine.TestRunner/NUnitExtensions/Commands/RepeatCommand.cs:36)
UnityEngine.TestTools.IgnoreTestCommand/<ExecuteEnumerable>d__3:MoveNext () (at ./Library/PackageCache/com.unity.test-framework@40e262928427/UnityEngine.TestRunner/NUnitExtensions/Commands/IgnoreTestCommand.cs:42)
UnityEngine.TestTools.StrictCheckCommand/<ExecuteEnumerable>d__2:MoveNext () (at ./Library/PackageCache/com.unity.test-framework@40e262928427/UnityEngine.TestRunner/NUnitExtensions/Commands/StrictCheckCommand.cs:29)
UnityEngine.TestTools.Utils.CoroutineRunner/<WrapEnumeratorForChecks>d__8:MoveNext () (at ./Library/PackageCache/com.unity.test-framework@40e262928427/UnityEngine.TestRunner/Utils/CoroutineRunner.cs:58)
UnityEngine.SetupCoroutine:InvokeMoveNext (System.Collections.IEnumerator,intptr)

(Filename: Assets/scripts/Cartel/CartelAIController.cs Line: 315)

[Cartel Init] Base inicial apos EnsureInitialBase: bases=1 estado=BuildingBase status=Base criada em Pais01_BaseCreate_01 dentro da area manual.
UnityEngine.Debug:ExtractStackTraceNoAlloc (byte*,int,string)
UnityEngine.StackTraceUtility:ExtractStackTrace ()
UnityEngine.DebugLogHandler:Internal_Log (UnityEngine.LogType,UnityEngine.LogOption,string,UnityEngine.Object)
UnityEngine.DebugLogHandler:LogFormat (UnityEngine.LogType,UnityEngine.Object,string,object[])
UnityEngine.Logger:Log (UnityEngine.LogType,object)
UnityEngine.Debug:Log (object)
Hegemonia.Cartel.CartelAIController:InitializeInternal (bool) (at Assets/scripts/Cartel/CartelAIController.cs:321)
Hegemonia.Cartel.CartelAIController:Initialize () (at Assets/scripts/Cartel/CartelAIController.cs:299)
System.Reflection.RuntimeMethodInfo:Invoke (object,System.Reflection.BindingFlags,System.Reflection.Binder,object[],System.Globalization.CultureInfo)
System.Reflection.MethodBase:Invoke (object,object[])
CartelCreatePlayModeTests:Call (object,string,object[]) (at Assets/Tests/PlayMode/CartelCreatePlayModeTests.cs:166)
CartelCreatePlayModeTests/<PlayMode_ControllerBuildsBaseInsideConfiguredArea>d__6:MoveNext () (at Assets/Tests/PlayMode/CartelCreatePlayModeTests.cs:65)
UnityEngine.TestTools.TestEnumerator/<Execute>d__7:MoveNext () (at ./Library/PackageCache/com.unity.test-framework@40e262928427/UnityEngine.TestRunner/NUnitExtensions/Attributes/TestEnumerator.cs:44)
UnityEngine.TestTools.EnumerableTestMethodCommand/<ExecuteEnumerableAndRecordExceptions>d__4:MoveNext () (at ./Library/PackageCache/com.unity.test-framework@40e262928427/UnityEngine.TestRunner/NUnitExtensions/Commands/EnumerableTestMethodCommand.cs:79)
UnityEngine.TestTools.EnumerableTestMethodCommand:AdvanceEnumerator (System.Collections.IEnumerator) (at ./Library/PackageCache/com.unity.test-framework@40e262928427/UnityEngine.TestRunner/NUnitExtensions/Commands/EnumerableTestMethodCommand.cs:64)
UnityEngine.TestTools.EnumerableTestMethodCommand/<ExecuteEnumerable>d__2:MoveNext () (at ./Library/PackageCache/com.unity.test-framework@40e262928427/UnityEngine.TestRunner/NUnitExtensions/Commands/EnumerableTestMethodCommand.cs:47)
UnityEngine.TestRunner.NUnitExtensions.Runner.UnityLogCheckDelegatingCommand/<ExecuteEnumerable>d__3:MoveNext () (at ./Library/PackageCache/com.unity.test-framework@40e262928427/UnityEngine.TestRunner/NUnitExtensions/Runner/UnityLogCheckDelegatingCommand.cs:48)
UnityEngine.TestTools.BeforeAfterTestCommandBase`1/<ExecuteEnumerable>d__16<NUnit.Framework.ITestAction>:MoveNext () (at ./Library/PackageCache/com.unity.test-framework@40e262928427/UnityEngine.TestRunner/NUnitExtensions/Commands/BeforeAfterTestCommandBase.cs:212)
UnityEngine.TestTools.BeforeAfterTestCommandBase`1/<ExecuteEnumerable>d__16<System.Reflection.MethodInfo>:MoveNext () (at ./Library/PackageCache/com.unity.test-framework@40e262928427/UnityEngine.TestRunner/NUnitExtensions/Commands/BeforeAfterTestCommandBase.cs:212)
UnityEngine.TestTools.BeforeAfterTestCommandBase`1/<ExecuteEnumerable>d__16<System.Reflection.MethodInfo>:MoveNext () (at ./Library/PackageCache/com.unity.test-framework@40e262928427/UnityEngine.TestRunner/NUnitExtensions/Commands/BeforeAfterTestCommandBase.cs:212)
UnityEngine.TestTools.BeforeAfterTestCommandBase`1/<ExecuteEnumerable>d__16<UnityEngine.TestTools.IOuterUnityTestAction>:MoveNext () (at ./Library/PackageCache/com.unity.test-framework@40e262928427/UnityEngine.TestRunner/NUnitExtensions/Commands/BeforeAfterTestCommandBase.cs:212)
UnityEngine.TestTools.RetryCommand/<ExecuteEnumerable>d__2:MoveNext () (at ./Library/PackageCache/com.unity.test-framework@40e262928427/UnityEngine.TestRunner/NUnitExtensions/Commands/RetryCommand.cs:37)
UnityEngine.TestTools.RepeatCommand/<ExecuteEnumerable>d__2:MoveNext () (at ./Library/PackageCache/com.unity.test-framework@40e262928427/UnityEngine.TestRunner/NUnitExtensions/Commands/RepeatCommand.cs:36)
UnityEngine.TestTools.IgnoreTestCommand/<ExecuteEnumerable>d__3:MoveNext () (at ./Library/PackageCache/com.unity.test-framework@40e262928427/UnityEngine.TestRunner/NUnitExtensions/Commands/IgnoreTestCommand.cs:42)
UnityEngine.TestTools.StrictCheckCommand/<ExecuteEnumerable>d__2:MoveNext () (at ./Library/PackageCache/com.unity.test-framework@40e262928427/UnityEngine.TestRunner/NUnitExtensions/Commands/StrictCheckCommand.cs:29)
UnityEngine.TestTools.Utils.CoroutineRunner/<WrapEnumeratorForChecks>d__8:MoveNext () (at ./Library/PackageCache/com.unity.test-framework@40e262928427/UnityEngine.TestRunner/Utils/CoroutineRunner.cs:58)
UnityEngine.SetupCoroutine:InvokeMoveNext (System.Collections.IEnumerator,intptr)

(Filename: Assets/scripts/Cartel/CartelAIController.cs Line: 321)

[Cartel Init] Start cena=Etapa12MinimalPlayModeScene automatico=False dia=1
UnityEngine.Debug:ExtractStackTraceNoAlloc (byte*,int,string)
UnityEngine.StackTraceUtility:ExtractStackTrace ()
UnityEngine.DebugLogHandler:Internal_Log (UnityEngine.LogType,UnityEngine.LogOption,string,UnityEngine.Object)
UnityEngine.DebugLogHandler:LogFormat (UnityEngine.LogType,UnityEngine.Object,string,object[])
UnityEngine.Logger:Log (UnityEngine.LogType,object)
UnityEngine.Debug:Log (object)
Hegemonia.Cartel.CartelAIController:Start () (at Assets/scripts/Cartel/CartelAIController.cs:223)

(Filename: Assets/scripts/Cartel/CartelAIController.cs Line: 223)

[Cartel Init] Dia liberado; creates=5 basesAntes=0 baseCreates=2 areaCreates=2
UnityEngine.Debug:ExtractStackTraceNoAlloc (byte*,int,string)
UnityEngine.StackTraceUtility:ExtractStackTrace ()
UnityEngine.DebugLogHandler:Internal_Log (UnityEngine.LogType,UnityEngine.LogOption,string,UnityEngine.Object)
UnityEngine.DebugLogHandler:LogFormat (UnityEngine.LogType,UnityEngine.Object,string,object[])
UnityEngine.Logger:Log (UnityEngine.LogType,object)
UnityEngine.Debug:Log (object)
Hegemonia.Cartel.CartelAIController:InitializeInternal (bool) (at Assets/scripts/Cartel/CartelAIController.cs:315)
Hegemonia.Cartel.CartelAIController:Initialize () (at Assets/scripts/Cartel/CartelAIController.cs:299)
System.Reflection.RuntimeMethodInfo:Invoke (object,System.Reflection.BindingFlags,System.Reflection.Binder,object[],System.Globalization.CultureInfo)
System.Reflection.MethodBase:Invoke (object,object[])
CartelCreatePlayModeTests:Call (object,string,object[]) (at Assets/Tests/PlayMode/CartelCreatePlayModeTests.cs:166)
CartelCreatePlayModeTests/<PlayMode_ControllerChoosesCandidateFartherFromCity>d__7:MoveNext () (at Assets/Tests/PlayMode/CartelCreatePlayModeTests.cs:94)
UnityEngine.TestTools.TestEnumerator/<Execute>d__7:MoveNext () (at ./Library/PackageCache/com.unity.test-framework@40e262928427/UnityEngine.TestRunner/NUnitExtensions/Attributes/TestEnumerator.cs:44)
UnityEngine.TestTools.EnumerableTestMethodCommand/<ExecuteEnumerableAndRecordExceptions>d__4:MoveNext () (at ./Library/PackageCache/com.unity.test-framework@40e262928427/UnityEngine.TestRunner/NUnitExtensions/Commands/EnumerableTestMethodCommand.cs:79)
UnityEngine.TestTools.EnumerableTestMethodCommand:AdvanceEnumerator (System.Collections.IEnumerator) (at ./Library/PackageCache/com.unity.test-framework@40e262928427/UnityEngine.TestRunner/NUnitExtensions/Commands/EnumerableTestMethodCommand.cs:64)
UnityEngine.TestTools.EnumerableTestMethodCommand/<ExecuteEnumerable>d__2:MoveNext () (at ./Library/PackageCache/com.unity.test-framework@40e262928427/UnityEngine.TestRunner/NUnitExtensions/Commands/EnumerableTestMethodCommand.cs:47)
UnityEngine.TestRunner.NUnitExtensions.Runner.UnityLogCheckDelegatingCommand/<ExecuteEnumerable>d__3:MoveNext () (at ./Library/PackageCache/com.unity.test-framework@40e262928427/UnityEngine.TestRunner/NUnitExtensions/Runner/UnityLogCheckDelegatingCommand.cs:48)
UnityEngine.TestTools.BeforeAfterTestCommandBase`1/<ExecuteEnumerable>d__16<NUnit.Framework.ITestAction>:MoveNext () (at ./Library/PackageCache/com.unity.test-framework@40e262928427/UnityEngine.TestRunner/NUnitExtensions/Commands/BeforeAfterTestCommandBase.cs:212)
UnityEngine.TestTools.BeforeAfterTestCommandBase`1/<ExecuteEnumerable>d__16<System.Reflection.MethodInfo>:MoveNext () (at ./Library/PackageCache/com.unity.test-framework@40e262928427/UnityEngine.TestRunner/NUnitExtensions/Commands/BeforeAfterTestCommandBase.cs:212)
UnityEngine.TestTools.BeforeAfterTestCommandBase`1/<ExecuteEnumerable>d__16<System.Reflection.MethodInfo>:MoveNext () (at ./Library/PackageCache/com.unity.test-framework@40e262928427/UnityEngine.TestRunner/NUnitExtensions/Commands/BeforeAfterTestCommandBase.cs:212)
UnityEngine.TestTools.BeforeAfterTestCommandBase`1/<ExecuteEnumerable>d__16<UnityEngine.TestTools.IOuterUnityTestAction>:MoveNext () (at ./Library/PackageCache/com.unity.test-framework@40e262928427/UnityEngine.TestRunner/NUnitExtensions/Commands/BeforeAfterTestCommandBase.cs:212)
UnityEngine.TestTools.RetryCommand/<ExecuteEnumerable>d__2:MoveNext () (at ./Library/PackageCache/com.unity.test-framework@40e262928427/UnityEngine.TestRunner/NUnitExtensions/Commands/RetryCommand.cs:37)
UnityEngine.TestTools.RepeatCommand/<ExecuteEnumerable>d__2:MoveNext () (at ./Library/PackageCache/com.unity.test-framework@40e262928427/UnityEngine.TestRunner/NUnitExtensions/Commands/RepeatCommand.cs:36)
UnityEngine.TestTools.IgnoreTestCommand/<ExecuteEnumerable>d__3:MoveNext () (at ./Library/PackageCache/com.unity.test-framework@40e262928427/UnityEngine.TestRunner/NUnitExtensions/Commands/IgnoreTestCommand.cs:42)
UnityEngine.TestTools.StrictCheckCommand/<ExecuteEnumerable>d__2:MoveNext () (at ./Library/PackageCache/com.unity.test-framework@40e262928427/UnityEngine.TestRunner/NUnitExtensions/Commands/StrictCheckCommand.cs:29)
UnityEngine.TestTools.Utils.CoroutineRunner/<WrapEnumeratorForChecks>d__8:MoveNext () (at ./Library/PackageCache/com.unity.test-framework@40e262928427/UnityEngine.TestRunner/Utils/CoroutineRunner.cs:58)
UnityEngine.SetupCoroutine:InvokeMoveNext (System.Collections.IEnumerator,intptr)

(Filename: Assets/scripts/Cartel/CartelAIController.cs Line: 315)

[Cartel Init] Base inicial apos EnsureInitialBase: bases=1 estado=BuildingBase status=Base criada em Pais02_BaseCreate_02 dentro da area manual.
UnityEngine.Debug:ExtractStackTraceNoAlloc (byte*,int,string)
UnityEngine.StackTraceUtility:ExtractStackTrace ()
UnityEngine.DebugLogHandler:Internal_Log (UnityEngine.LogType,UnityEngine.LogOption,string,UnityEngine.Object)
UnityEngine.DebugLogHandler:LogFormat (UnityEngine.LogType,UnityEngine.Object,string,object[])
UnityEngine.Logger:Log (UnityEngine.LogType,object)
UnityEngine.Debug:Log (object)
Hegemonia.Cartel.CartelAIController:InitializeInternal (bool) (at Assets/scripts/Cartel/CartelAIController.cs:321)
Hegemonia.Cartel.CartelAIController:Initialize () (at Assets/scripts/Cartel/CartelAIController.cs:299)
System.Reflection.RuntimeMethodInfo:Invoke (object,System.Reflection.BindingFlags,System.Reflection.Binder,object[],System.Globalization.CultureInfo)
System.Reflection.MethodBase:Invoke (object,object[])
CartelCreatePlayModeTests:Call (object,string,object[]) (at Assets/Tests/PlayMode/CartelCreatePlayModeTests.cs:166)
CartelCreatePlayModeTests/<PlayMode_ControllerChoosesCandidateFartherFromCity>d__7:MoveNext () (at Assets/Tests/PlayMode/CartelCreatePlayModeTests.cs:94)
UnityEngine.TestTools.TestEnumerator/<Execute>d__7:MoveNext () (at ./Library/PackageCache/com.unity.test-framework@40e262928427/UnityEngine.TestRunner/NUnitExtensions/Attributes/TestEnumerator.cs:44)
UnityEngine.TestTools.EnumerableTestMethodCommand/<ExecuteEnumerableAndRecordExceptions>d__4:MoveNext () (at ./Library/PackageCache/com.unity.test-framework@40e262928427/UnityEngine.TestRunner/NUnitExtensions/Commands/EnumerableTestMethodCommand.cs:79)
UnityEngine.TestTools.EnumerableTestMethodCommand:AdvanceEnumerator (System.Collections.IEnumerator) (at ./Library/PackageCache/com.unity.test-framework@40e262928427/UnityEngine.TestRunner/NUnitExtensions/Commands/EnumerableTestMethodCommand.cs:64)
UnityEngine.TestTools.EnumerableTestMethodCommand/<ExecuteEnumerable>d__2:MoveNext () (at ./Library/PackageCache/com.unity.test-framework@40e262928427/UnityEngine.TestRunner/NUnitExtensions/Commands/EnumerableTestMethodCommand.cs:47)
UnityEngine.TestRunner.NUnitExtensions.Runner.UnityLogCheckDelegatingCommand/<ExecuteEnumerable>d__3:MoveNext () (at ./Library/PackageCache/com.unity.test-framework@40e262928427/UnityEngine.TestRunner/NUnitExtensions/Runner/UnityLogCheckDelegatingCommand.cs:48)
UnityEngine.TestTools.BeforeAfterTestCommandBase`1/<ExecuteEnumerable>d__16<NUnit.Framework.ITestAction>:MoveNext () (at ./Library/PackageCache/com.unity.test-framework@40e262928427/UnityEngine.TestRunner/NUnitExtensions/Commands/BeforeAfterTestCommandBase.cs:212)
UnityEngine.TestTools.BeforeAfterTestCommandBase`1/<ExecuteEnumerable>d__16<System.Reflection.MethodInfo>:MoveNext () (at ./Library/PackageCache/com.unity.test-framework@40e262928427/UnityEngine.TestRunner/NUnitExtensions/Commands/BeforeAfterTestCommandBase.cs:212)
UnityEngine.TestTools.BeforeAfterTestCommandBase`1/<ExecuteEnumerable>d__16<System.Reflection.MethodInfo>:MoveNext () (at ./Library/PackageCache/com.unity.test-framework@40e262928427/UnityEngine.TestRunner/NUnitExtensions/Commands/BeforeAfterTestCommandBase.cs:212)
UnityEngine.TestTools.BeforeAfterTestCommandBase`1/<ExecuteEnumerable>d__16<UnityEngine.TestTools.IOuterUnityTestAction>:MoveNext () (at ./Library/PackageCache/com.unity.test-framework@40e262928427/UnityEngine.TestRunner/NUnitExtensions/Commands/BeforeAfterTestCommandBase.cs:212)
UnityEngine.TestTools.RetryCommand/<ExecuteEnumerable>d__2:MoveNext () (at ./Library/PackageCache/com.unity.test-framework@40e262928427/UnityEngine.TestRunner/NUnitExtensions/Commands/RetryCommand.cs:37)
UnityEngine.TestTools.RepeatCommand/<ExecuteEnumerable>d__2:MoveNext () (at ./Library/PackageCache/com.unity.test-framework@40e262928427/UnityEngine.TestRunner/NUnitExtensions/Commands/RepeatCommand.cs:36)
UnityEngine.TestTools.IgnoreTestCommand/<ExecuteEnumerable>d__3:MoveNext () (at ./Library/PackageCache/com.unity.test-framework@40e262928427/UnityEngine.TestRunner/NUnitExtensions/Commands/IgnoreTestCommand.cs:42)
UnityEngine.TestTools.StrictCheckCommand/<ExecuteEnumerable>d__2:MoveNext () (at ./Library/PackageCache/com.unity.test-framework@40e262928427/UnityEngine.TestRunner/NUnitExtensions/Commands/StrictCheckCommand.cs:29)
UnityEngine.TestTools.Utils.CoroutineRunner/<WrapEnumeratorForChecks>d__8:MoveNext () (at ./Library/PackageCache/com.unity.test-framework@40e262928427/UnityEngine.TestRunner/Utils/CoroutineRunner.cs:58)
UnityEngine.SetupCoroutine:InvokeMoveNext (System.Collections.IEnumerator,intptr)

(Filename: Assets/scripts/Cartel/CartelAIController.cs Line: 321)

[Etapa12MinimalPlayModeTests] UnityTest iniciou.
UnityEngine.Debug:ExtractStackTraceNoAlloc (byte*,int,string)
UnityEngine.StackTraceUtility:ExtractStackTrace ()
UnityEngine.DebugLogHandler:Internal_Log (UnityEngine.LogType,UnityEngine.LogOption,string,UnityEngine.Object)
UnityEngine.DebugLogHandler:LogFormat (UnityEngine.LogType,UnityEngine.Object,string,object[])
UnityEngine.Logger:Log (UnityEngine.LogType,object)
UnityEngine.Debug:Log (object)
Etapa12MinimalPlayModeTests/<UnityTestStartsAndYieldsOneFrame>d__0:MoveNext () (at Assets/Tests/PlayMode/Etapa12MinimalPlayModeTests.cs:18)
UnityEngine.TestTools.TestEnumerator/<Execute>d__7:MoveNext () (at ./Library/PackageCache/com.unity.test-framework@40e262928427/UnityEngine.TestRunner/NUnitExtensions/Attributes/TestEnumerator.cs:44)
UnityEngine.TestTools.EnumerableTestMethodCommand/<ExecuteEnumerableAndRecordExceptions>d__4:MoveNext () (at ./Library/PackageCache/com.unity.test-framework@40e262928427/UnityEngine.TestRunner/NUnitExtensions/Commands/EnumerableTestMethodCommand.cs:79)
UnityEngine.TestTools.EnumerableTestMethodCommand:AdvanceEnumerator (System.Collections.IEnumerator) (at ./Library/PackageCache/com.unity.test-framework@40e262928427/UnityEngine.TestRunner/NUnitExtensions/Commands/EnumerableTestMethodCommand.cs:64)
UnityEngine.TestTools.EnumerableTestMethodCommand/<ExecuteEnumerable>d__2:MoveNext () (at ./Library/PackageCache/com.unity.test-framework@40e262928427/UnityEngine.TestRunner/NUnitExtensions/Commands/EnumerableTestMethodCommand.cs:47)
UnityEngine.TestRunner.NUnitExtensions.Runner.UnityLogCheckDelegatingCommand/<ExecuteEnumerable>d__3:MoveNext () (at ./Library/PackageCache/com.unity.test-framework@40e262928427/UnityEngine.TestRunner/NUnitExtensions/Runner/UnityLogCheckDelegatingCommand.cs:48)
UnityEngine.TestTools.BeforeAfterTestCommandBase`1/<ExecuteEnumerable>d__16<NUnit.Framework.ITestAction>:MoveNext () (at ./Library/PackageCache/com.unity.test-framework@40e262928427/UnityEngine.TestRunner/NUnitExtensions/Commands/BeforeAfterTestCommandBase.cs:212)
UnityEngine.TestTools.BeforeAfterTestCommandBase`1/<ExecuteEnumerable>d__16<System.Reflection.MethodInfo>:MoveNext () (at ./Library/PackageCache/com.unity.test-framework@40e262928427/UnityEngine.TestRunner/NUnitExtensions/Commands/BeforeAfterTestCommandBase.cs:212)
UnityEngine.TestTools.BeforeAfterTestCommandBase`1/<ExecuteEnumerable>d__16<System.Reflection.MethodInfo>:MoveNext () (at ./Library/PackageCache/com.unity.test-framework@40e262928427/UnityEngine.TestRunner/NUnitExtensions/Commands/BeforeAfterTestCommandBase.cs:212)
UnityEngine.TestTools.BeforeAfterTestCommandBase`1/<ExecuteEnumerable>d__16<UnityEngine.TestTools.IOuterUnityTestAction>:MoveNext () (at ./Library/PackageCache/com.unity.test-framework@40e262928427/UnityEngine.TestRunner/NUnitExtensions/Commands/BeforeAfterTestCommandBase.cs:212)
UnityEngine.TestTools.RetryCommand/<ExecuteEnumerable>d__2:MoveNext () (at ./Library/PackageCache/com.unity.test-framework@40e262928427/UnityEngine.TestRunner/NUnitExtensions/Commands/RetryCommand.cs:37)
UnityEngine.TestTools.RepeatCommand/<ExecuteEnumerable>d__2:MoveNext () (at ./Library/PackageCache/com.unity.test-framework@40e262928427/UnityEngine.TestRunner/NUnitExtensions/Commands/RepeatCommand.cs:36)
UnityEngine.TestTools.IgnoreTestCommand/<ExecuteEnumerable>d__3:MoveNext () (at ./Library/PackageCache/com.unity.test-framework@40e262928427/UnityEngine.TestRunner/NUnitExtensions/Commands/IgnoreTestCommand.cs:42)
UnityEngine.TestTools.StrictCheckCommand/<ExecuteEnumerable>d__2:MoveNext () (at ./Library/PackageCache/com.unity.test-framework@40e262928427/UnityEngine.TestRunner/NUnitExtensions/Commands/StrictCheckCommand.cs:29)
UnityEngine.TestTools.Utils.CoroutineRunner/<WrapEnumeratorForChecks>d__8:MoveNext () (at ./Library/PackageCache/com.unity.test-framework@40e262928427/UnityEngine.TestRunner/Utils/CoroutineRunner.cs:58)
UnityEngine.SetupCoroutine:InvokeMoveNext (System.Collections.IEnumerator,intptr)

(Filename: Assets/Tests/PlayMode/Etapa12MinimalPlayModeTests.cs Line: 18)

Unloading 580 Unused Serialized files (Serialized files now loaded: 0)
UnloadTime: 10.728400 ms
[Mapa] Terrain configurado: nome=Terrain camadas=4 controles=1 fallback=False
UnityEngine.Debug:ExtractStackTraceNoAlloc (byte*,int,string)
UnityEngine.StackTraceUtility:ExtractStackTrace ()
UnityEngine.DebugLogHandler:Internal_Log (UnityEngine.LogType,UnityEngine.LogOption,string,UnityEngine.Object)
UnityEngine.DebugLogHandler:LogFormat (UnityEngine.LogType,UnityEngine.Object,string,object[])
UnityEngine.Logger:Log (UnityEngine.LogType,object)
UnityEngine.Debug:Log (object)
InicializadorSuperficiesMapa:ConfigurarMaterialTerrain (UnityEngine.Terrain,UnityEngine.Material) (at Assets/scripts/Ambiente/InicializadorSuperficiesMapa.cs:282)
InicializadorSuperficiesMapa:CorrigirCenaAtual () (at Assets/scripts/Ambiente/InicializadorSuperficiesMapa.cs:117)
InicializadorSuperficiesMapa:OnSceneLoaded (UnityEngine.SceneManagement.Scene,UnityEngine.SceneManagement.LoadSceneMode) (at Assets/scripts/Ambiente/InicializadorSuperficiesMapa.cs:48)
UnityEngine.SceneManagement.SceneManager:Internal_SceneLoaded (UnityEngine.SceneManagement.Scene,UnityEngine.SceneManagement.LoadSceneMode)

(Filename: Assets/scripts/Ambiente/InicializadorSuperficiesMapa.cs Line: 282)

[Mapa] Terrain configurado: nome=Terrain_(0.00, 0.00, -100.00) camadas=3 controles=1 fallback=False
UnityEngine.Debug:ExtractStackTraceNoAlloc (byte*,int,string)
UnityEngine.StackTraceUtility:ExtractStackTrace ()
UnityEngine.DebugLogHandler:Internal_Log (UnityEngine.LogType,UnityEngine.LogOption,string,UnityEngine.Object)
UnityEngine.DebugLogHandler:LogFormat (UnityEngine.LogType,UnityEngine.Object,string,object[])
UnityEngine.Logger:Log (UnityEngine.LogType,object)
UnityEngine.Debug:Log (object)
InicializadorSuperficiesMapa:ConfigurarMaterialTerrain (UnityEngine.Terrain,UnityEngine.Material) (at Assets/scripts/Ambiente/InicializadorSuperficiesMapa.cs:282)
InicializadorSuperficiesMapa:CorrigirCenaAtual () (at Assets/scripts/Ambiente/InicializadorSuperficiesMapa.cs:117)
InicializadorSuperficiesMapa:OnSceneLoaded (UnityEngine.SceneManagement.Scene,UnityEngine.SceneManagement.LoadSceneMode) (at Assets/scripts/Ambiente/InicializadorSuperficiesMapa.cs:48)
UnityEngine.SceneManagement.SceneManager:Internal_SceneLoaded (UnityEngine.SceneManagement.Scene,UnityEngine.SceneManagement.LoadSceneMode)

(Filename: Assets/scripts/Ambiente/InicializadorSuperficiesMapa.cs Line: 282)

[Mapa] superfícies corrigidas: terrenos=2, reativados=0, marcadores=2
UnityEngine.Debug:ExtractStackTraceNoAlloc (byte*,int,string)
UnityEngine.StackTraceUtility:ExtractStackTrace ()
UnityEngine.DebugLogHandler:Internal_Log (UnityEngine.LogType,UnityEngine.LogOption,string,UnityEngine.Object)
UnityEngine.DebugLogHandler:LogFormat (UnityEngine.LogType,UnityEngine.Object,string,object[])
UnityEngine.Logger:Log (UnityEngine.LogType,object)
UnityEngine.Debug:Log (object)
InicializadorSuperficiesMapa:CorrigirCenaAtual () (at Assets/scripts/Ambiente/InicializadorSuperficiesMapa.cs:155)
InicializadorSuperficiesMapa:OnSceneLoaded (UnityEngine.SceneManagement.Scene,UnityEngine.SceneManagement.LoadSceneMode) (at Assets/scripts/Ambiente/InicializadorSuperficiesMapa.cs:48)
UnityEngine.SceneManagement.SceneManager:Internal_SceneLoaded (UnityEngine.SceneManagement.Scene,UnityEngine.SceneManagement.LoadSceneMode)

(Filename: Assets/scripts/Ambiente/InicializadorSuperficiesMapa.cs Line: 155)

Loaded scene 'Assets/Scenes/Menu cena.unity'
	Deserialize:            15732.604 ms
	Integration:            1263.475 ms
	Integration of assets:  150.417 ms
	Thread Wait Time:       8.521 ms
	Total Operation Time:   17155.016 ms
Unloading 4029 unused Assets / (39.3 MB). Loaded Objects now: 13395.
Memory consumption went from 0.63 GB to 0.59 GB.
Total: 27.944400 ms (FindLiveObjects: 1.451000 ms CreateObjectMapping: 0.764900 ms MarkObjects: 18.657600 ms  DeleteObjects: 7.069500 ms)

[NovoJogo] modo=medio | dinheiro inicial=70000000000 | cena=cena19)
UnityEngine.Debug:ExtractStackTraceNoAlloc (byte*,int,string)
UnityEngine.StackTraceUtility:ExtractStackTrace ()
UnityEngine.DebugLogHandler:Internal_Log (UnityEngine.LogType,UnityEngine.LogOption,string,UnityEngine.Object)
UnityEngine.DebugLogHandler:LogFormat (UnityEngine.LogType,UnityEngine.Object,string,object[])
UnityEngine.Logger:Log (UnityEngine.LogType,object)
UnityEngine.Debug:Log (object)
SistemaSaveGame:IniciarNovoJogo (string) (at Assets/scripts/SistemaSaveGame.cs:557)
MenuInicialController:IniciarCampanhaSelecionada (string) (at Assets/scripts/Menus/MenuInicialController.cs:325)
System.Reflection.RuntimeMethodInfo:Invoke (object,System.Reflection.BindingFlags,System.Reflection.Binder,object[],System.Globalization.CultureInfo)
System.Reflection.MethodBase:Invoke (object,object[])
IA01ConstructionGovernorPlayModeTests:InvokeInstance (object,string,object[]) (at Assets/Tests/PlayMode/IA01ConstructionGovernorPlayModeTests.cs:962)
IA01ConstructionGovernorPlayModeTests/<LoadFreshCampaign>d__26:MoveNext () (at Assets/Tests/PlayMode/IA01ConstructionGovernorPlayModeTests.cs:383)
UnityEngine.TestTools.TestEnumerator/<Execute>d__7:MoveNext () (at ./Library/PackageCache/com.unity.test-framework@40e262928427/UnityEngine.TestRunner/NUnitExtensions/Attributes/TestEnumerator.cs:44)
UnityEngine.TestTools.EnumerableTestMethodCommand/<ExecuteEnumerableAndRecordExceptions>d__4:MoveNext () (at ./Library/PackageCache/com.unity.test-framework@40e262928427/UnityEngine.TestRunner/NUnitExtensions/Commands/EnumerableTestMethodCommand.cs:79)
UnityEngine.SetupCoroutine:InvokeMoveNext (System.Collections.IEnumerator,intptr)

(Filename: Assets/scripts/SistemaSaveGame.cs Line: 557)

The referenced script (Unknown) on this Behaviour is missing!
The referenced script (Unknown) on this Behaviour is missing!
The referenced script (Unknown) on this Behaviour is missing!
The referenced script (Unknown) on this Behaviour is missing!
The referenced script (Unknown) on this Behaviour is missing!
Unloading 1582 Unused Serialized files (Serialized files now loaded: 0)
[AuditoriaConteudo] Torre Turistica: prefab sem collider
UnityEngine.Debug:ExtractStackTraceNoAlloc (byte*,int,string)
UnityEngine.StackTraceUtility:ExtractStackTrace ()
UnityEngine.DebugLogHandler:Internal_Log (UnityEngine.LogType,UnityEngine.LogOption,string,UnityEngine.Object)
UnityEngine.DebugLogHandler:LogFormat (UnityEngine.LogType,UnityEngine.Object,string,object[])
UnityEngine.Logger:Log (UnityEngine.LogType,object,UnityEngine.Object)
UnityEngine.Debug:LogWarning (object,UnityEngine.Object)
AuditoriaConteudoJogo:Emitir (string,string,int&,int) (at Assets/scripts/AuditoriaConteudoJogo.cs:600)
AuditoriaConteudoJogo:AuditarFicha (DadosConstrucao,int&,int&,int&,int) (at Assets/scripts/AuditoriaConteudoJogo.cs:396)
AuditoriaConteudoJogo:AuditarFichaOuRegistrarNula (DadosConstrucao,int&,int&,int&,int) (at Assets/scripts/AuditoriaConteudoJogo.cs:218)
AuditoriaConteudoJogo/<RodarAuditoriaEmEtapas>d__30:MoveNext () (at Assets/scripts/AuditoriaConteudoJogo.cs:188)
UnityEngine.SetupCoroutine:InvokeMoveNext (System.Collections.IEnumerator,intptr)

(Filename: Assets/scripts/AuditoriaConteudoJogo.cs Line: 600)

[AuditoriaConteudo] Torre Turistica: prefab sem SaveableEntity para save completo
UnityEngine.Debug:ExtractStackTraceNoAlloc (byte*,int,string)
UnityEngine.StackTraceUtility:ExtractStackTrace ()
UnityEngine.DebugLogHandler:Internal_Log (UnityEngine.LogType,UnityEngine.LogOption,string,UnityEngine.Object)
UnityEngine.DebugLogHandler:LogFormat (UnityEngine.LogType,UnityEngine.Object,string,object[])
UnityEngine.Logger:Log (UnityEngine.LogType,object,UnityEngine.Object)
UnityEngine.Debug:LogWarning (object,UnityEngine.Object)
AuditoriaConteudoJogo:Emitir (string,string,int&,int) (at Assets/scripts/AuditoriaConteudoJogo.cs:600)
AuditoriaConteudoJogo:AuditarFicha (DadosConstrucao,int&,int&,int&,int) (at Assets/scripts/AuditoriaConteudoJogo.cs:403)
AuditoriaConteudoJogo:AuditarFichaOuRegistrarNula (DadosConstrucao,int&,int&,int&,int) (at Assets/scripts/AuditoriaConteudoJogo.cs:218)
AuditoriaConteudoJogo/<RodarAuditoriaEmEtapas>d__30:MoveNext () (at Assets/scripts/AuditoriaConteudoJogo.cs:188)
UnityEngine.SetupCoroutine:InvokeMoveNext (System.Collections.IEnumerator,intptr)

(Filename: Assets/scripts/AuditoriaConteudoJogo.cs Line: 600)

[AuditoriaConteudo] Torre Turistica: prefab sem SistemaDeDanos
UnityEngine.Debug:ExtractStackTraceNoAlloc (byte*,int,string)
UnityEngine.StackTraceUtility:ExtractStackTrace ()
UnityEngine.DebugLogHandler:Internal_Log (UnityEngine.LogType,UnityEngine.LogOption,string,UnityEngine.Object)
UnityEngine.DebugLogHandler:LogFormat (UnityEngine.LogType,UnityEngine.Object,string,object[])
UnityEngine.Logger:Log (UnityEngine.LogType,object,UnityEngine.Object)
UnityEngine.Debug:LogWarning (object,UnityEngine.Object)
AuditoriaConteudoJogo:Emitir (string,string,int&,int) (at Assets/scripts/AuditoriaConteudoJogo.cs:600)
AuditoriaConteudoJogo:AuditarFicha (DadosConstrucao,int&,int&,int&,int) (at Assets/scripts/AuditoriaConteudoJogo.cs:438)
AuditoriaConteudoJogo:AuditarFichaOuRegistrarNula (DadosConstrucao,int&,int&,int&,int) (at Assets/scripts/AuditoriaConteudoJogo.cs:218)
AuditoriaConteudoJogo/<RodarAuditoriaEmEtapas>d__30:MoveNext () (at Assets/scripts/AuditoriaConteudoJogo.cs:188)
UnityEngine.SetupCoroutine:InvokeMoveNext (System.Collections.IEnumerator,intptr)

(Filename: Assets/scripts/AuditoriaConteudoJogo.cs Line: 600)

[AuditoriaConteudo] Estadio Nacional: prefab sem collider
UnityEngine.Debug:ExtractStackTraceNoAlloc (byte*,int,string)
UnityEngine.StackTraceUtility:ExtractStackTrace ()
UnityEngine.DebugLogHandler:Internal_Log (UnityEngine.LogType,UnityEngine.LogOption,string,UnityEngine.Object)
UnityEngine.DebugLogHandler:LogFormat (UnityEngine.LogType,UnityEngine.Object,string,object[])
UnityEngine.Logger:Log (UnityEngine.LogType,object,UnityEngine.Object)
UnityEngine.Debug:LogWarning (object,UnityEngine.Object)
AuditoriaConteudoJogo:Emitir (string,string,int&,int) (at Assets/scripts/AuditoriaConteudoJogo.cs:600)
AuditoriaConteudoJogo:AuditarFicha (DadosConstrucao,int&,int&,int&,int) (at Assets/scripts/AuditoriaConteudoJogo.cs:396)
AuditoriaConteudoJogo:AuditarFichaOuRegistrarNula (DadosConstrucao,int&,int&,int&,int) (at Assets/scripts/AuditoriaConteudoJogo.cs:218)
AuditoriaConteudoJogo/<RodarAuditoriaEmEtapas>d__30:MoveNext () (at Assets/scripts/AuditoriaConteudoJogo.cs:188)
UnityEngine.SetupCoroutine:InvokeMoveNext (System.Collections.IEnumerator,intptr)

(Filename: Assets/scripts/AuditoriaConteudoJogo.cs Line: 600)

[AuditoriaConteudo] Gate de conteudo aprovado: fichas=8 erros=0 avisos=9 cena=Menu cena avisosConsoleSuprimidos=5
UnityEngine.Debug:ExtractStackTraceNoAlloc (byte*,int,string)
UnityEngine.StackTraceUtility:ExtractStackTrace ()
UnityEngine.DebugLogHandler:Internal_Log (UnityEngine.LogType,UnityEngine.LogOption,string,UnityEngine.Object)
UnityEngine.DebugLogHandler:LogFormat (UnityEngine.LogType,UnityEngine.Object,string,object[])
UnityEngine.Logger:Log (UnityEngine.LogType,object,UnityEngine.Object)
UnityEngine.Debug:Log (object,UnityEngine.Object)
AuditoriaConteudoJogo:FinalizarAuditoria (int,int) (at Assets/scripts/AuditoriaConteudoJogo.cs:240)
AuditoriaConteudoJogo/<RodarAuditoriaEmEtapas>d__30:MoveNext () (at Assets/scripts/AuditoriaConteudoJogo.cs:195)
UnityEngine.SetupCoroutine:InvokeMoveNext (System.Collections.IEnumerator,intptr)

(Filename: Assets/scripts/AuditoriaConteudoJogo.cs Line: 240)

UnloadTime: 56.111700 ms
[Gameplay Bootstrap] cena=cena19) IA01Manager=ativo controllers=1 registrados=1 Cartel=ativo
UnityEngine.Debug:ExtractStackTraceNoAlloc (byte*,int,string)
UnityEngine.StackTraceUtility:ExtractStackTrace ()
UnityEngine.DebugLogHandler:Internal_Log (UnityEngine.LogType,UnityEngine.LogOption,string,UnityEngine.Object)
UnityEngine.DebugLogHandler:LogFormat (UnityEngine.LogType,UnityEngine.Object,string,object[])
UnityEngine.Logger:Log (UnityEngine.LogType,object)
UnityEngine.Debug:Log (object)
FluxoInicialJogo:GarantirSistemasDeCampanha (string) (at Assets/scripts/Menus/FluxoInicialJogo.cs:131)
FluxoInicialJogo:AoCarregarCena (UnityEngine.SceneManagement.Scene,UnityEngine.SceneManagement.LoadSceneMode) (at Assets/scripts/Menus/FluxoInicialJogo.cs:72)
UnityEngine.SceneManagement.SceneManager:Internal_SceneLoaded (UnityEngine.SceneManagement.Scene,UnityEngine.SceneManagement.LoadSceneMode)

(Filename: Assets/scripts/Menus/FluxoInicialJogo.cs Line: 131)

[Gameplay Bootstrap] controller=IA01Controller team=2 layout=ia01.layout
UnityEngine.Debug:ExtractStackTraceNoAlloc (byte*,int,string)
UnityEngine.StackTraceUtility:ExtractStackTrace ()
UnityEngine.DebugLogHandler:Internal_Log (UnityEngine.LogType,UnityEngine.LogOption,string,UnityEngine.Object)
UnityEngine.DebugLogHandler:LogFormat (UnityEngine.LogType,UnityEngine.Object,string,object[])
UnityEngine.Logger:Log (UnityEngine.LogType,object)
UnityEngine.Debug:Log (object)
FluxoInicialJogo:GarantirSistemasDeCampanha (string) (at Assets/scripts/Menus/FluxoInicialJogo.cs:141)
FluxoInicialJogo:AoCarregarCena (UnityEngine.SceneManagement.Scene,UnityEngine.SceneManagement.LoadSceneMode) (at Assets/scripts/Menus/FluxoInicialJogo.cs:72)
UnityEngine.SceneManagement.SceneManager:Internal_SceneLoaded (UnityEngine.SceneManagement.Scene,UnityEngine.SceneManagement.LoadSceneMode)

(Filename: Assets/scripts/Menus/FluxoInicialJogo.cs Line: 141)

[Mapa] Terrain configurado: nome=MapaMundi camadas=2 controles=1 fallback=False
UnityEngine.Debug:ExtractStackTraceNoAlloc (byte*,int,string)
UnityEngine.StackTraceUtility:ExtractStackTrace ()
UnityEngine.DebugLogHandler:Internal_Log (UnityEngine.LogType,UnityEngine.LogOption,string,UnityEngine.Object)
UnityEngine.DebugLogHandler:LogFormat (UnityEngine.LogType,UnityEngine.Object,string,object[])
UnityEngine.Logger:Log (UnityEngine.LogType,object)
UnityEngine.Debug:Log (object)
InicializadorSuperficiesMapa:ConfigurarMaterialTerrain (UnityEngine.Terrain,UnityEngine.Material) (at Assets/scripts/Ambiente/InicializadorSuperficiesMapa.cs:282)
InicializadorSuperficiesMapa:CorrigirCenaAtual () (at Assets/scripts/Ambiente/InicializadorSuperficiesMapa.cs:117)
InicializadorSuperficiesMapa:OnSceneLoaded (UnityEngine.SceneManagement.Scene,UnityEngine.SceneManagement.LoadSceneMode) (at Assets/scripts/Ambiente/InicializadorSuperficiesMapa.cs:48)
UnityEngine.SceneManagement.SceneManager:Internal_SceneLoaded (UnityEngine.SceneManagement.Scene,UnityEngine.SceneManagement.LoadSceneMode)

(Filename: Assets/scripts/Ambiente/InicializadorSuperficiesMapa.cs Line: 282)

[Mapa] Terrain IA usando material de solo estavel: nome=Mapa inimigo
UnityEngine.Debug:ExtractStackTraceNoAlloc (byte*,int,string)
UnityEngine.StackTraceUtility:ExtractStackTrace ()
UnityEngine.DebugLogHandler:Internal_Log (UnityEngine.LogType,UnityEngine.LogOption,string,UnityEngine.Object)
UnityEngine.DebugLogHandler:LogFormat (UnityEngine.LogType,UnityEngine.Object,string,object[])
UnityEngine.Logger:Log (UnityEngine.LogType,object)
UnityEngine.Debug:Log (object)
InicializadorSuperficiesMapa:ConfigurarMaterialTerrain (UnityEngine.Terrain,UnityEngine.Material) (at Assets/scripts/Ambiente/InicializadorSuperficiesMapa.cs:195)
InicializadorSuperficiesMapa:CorrigirCenaAtual () (at Assets/scripts/Ambiente/InicializadorSuperficiesMapa.cs:117)
InicializadorSuperficiesMapa:OnSceneLoaded (UnityEngine.SceneManagement.Scene,UnityEngine.SceneManagement.LoadSceneMode) (at Assets/scripts/Ambiente/InicializadorSuperficiesMapa.cs:48)
UnityEngine.SceneManagement.SceneManager:Internal_SceneLoaded (UnityEngine.SceneManagement.Scene,UnityEngine.SceneManagement.LoadSceneMode)

(Filename: Assets/scripts/Ambiente/InicializadorSuperficiesMapa.cs Line: 195)

[Mapa] Terrain IA usando material de solo estavel: nome=Ilha 
UnityEngine.Debug:ExtractStackTraceNoAlloc (byte*,int,string)
UnityEngine.StackTraceUtility:ExtractStackTrace ()
UnityEngine.DebugLogHandler:Internal_Log (UnityEngine.LogType,UnityEngine.LogOption,string,UnityEngine.Object)
UnityEngine.DebugLogHandler:LogFormat (UnityEngine.LogType,UnityEngine.Object,string,object[])
UnityEngine.Logger:Log (UnityEngine.LogType,object)
UnityEngine.Debug:Log (object)
InicializadorSuperficiesMapa:ConfigurarMaterialTerrain (UnityEngine.Terrain,UnityEngine.Material) (at Assets/scripts/Ambiente/InicializadorSuperficiesMapa.cs:195)
InicializadorSuperficiesMapa:CorrigirCenaAtual () (at Assets/scripts/Ambiente/InicializadorSuperficiesMapa.cs:117)
InicializadorSuperficiesMapa:OnSceneLoaded (UnityEngine.SceneManagement.Scene,UnityEngine.SceneManagement.LoadSceneMode) (at Assets/scripts/Ambiente/InicializadorSuperficiesMapa.cs:48)
UnityEngine.SceneManagement.SceneManager:Internal_SceneLoaded (UnityEngine.SceneManagement.Scene,UnityEngine.SceneManagement.LoadSceneMode)

(Filename: Assets/scripts/Ambiente/InicializadorSuperficiesMapa.cs Line: 195)

[Mapa] Terrain configurado: nome=paredao inimigo camadas=1 controles=1 fallback=False
UnityEngine.Debug:ExtractStackTraceNoAlloc (byte*,int,string)
UnityEngine.StackTraceUtility:ExtractStackTrace ()
UnityEngine.DebugLogHandler:Internal_Log (UnityEngine.LogType,UnityEngine.LogOption,string,UnityEngine.Object)
UnityEngine.DebugLogHandler:LogFormat (UnityEngine.LogType,UnityEngine.Object,string,object[])
UnityEngine.Logger:Log (UnityEngine.LogType,object)
UnityEngine.Debug:Log (object)
InicializadorSuperficiesMapa:ConfigurarMaterialTerrain (UnityEngine.Terrain,UnityEngine.Material) (at Assets/scripts/Ambiente/InicializadorSuperficiesMapa.cs:282)
InicializadorSuperficiesMapa:CorrigirCenaAtual () (at Assets/scripts/Ambiente/InicializadorSuperficiesMapa.cs:117)
InicializadorSuperficiesMapa:OnSceneLoaded (UnityEngine.SceneManagement.Scene,UnityEngine.SceneManagement.LoadSceneMode) (at Assets/scripts/Ambiente/InicializadorSuperficiesMapa.cs:48)
UnityEngine.SceneManagement.SceneManager:Internal_SceneLoaded (UnityEngine.SceneManagement.Scene,UnityEngine.SceneManagement.LoadSceneMode)

(Filename: Assets/scripts/Ambiente/InicializadorSuperficiesMapa.cs Line: 282)

[Mapa] Terrain configurado: nome=pais4 camadas=1 controles=1 fallback=False
UnityEngine.Debug:ExtractStackTraceNoAlloc (byte*,int,string)
UnityEngine.StackTraceUtility:ExtractStackTrace ()
UnityEngine.DebugLogHandler:Internal_Log (UnityEngine.LogType,UnityEngine.LogOption,string,UnityEngine.Object)
UnityEngine.DebugLogHandler:LogFormat (UnityEngine.LogType,UnityEngine.Object,string,object[])
UnityEngine.Logger:Log (UnityEngine.LogType,object)
UnityEngine.Debug:Log (object)
InicializadorSuperficiesMapa:ConfigurarMaterialTerrain (UnityEngine.Terrain,UnityEngine.Material) (at Assets/scripts/Ambiente/InicializadorSuperficiesMapa.cs:282)
InicializadorSuperficiesMapa:CorrigirCenaAtual () (at Assets/scripts/Ambiente/InicializadorSuperficiesMapa.cs:117)
InicializadorSuperficiesMapa:OnSceneLoaded (UnityEngine.SceneManagement.Scene,UnityEngine.SceneManagement.LoadSceneMode) (at Assets/scripts/Ambiente/InicializadorSuperficiesMapa.cs:48)
UnityEngine.SceneManagement.SceneManager:Internal_SceneLoaded (UnityEngine.SceneManagement.Scene,UnityEngine.SceneManagement.LoadSceneMode)

(Filename: Assets/scripts/Ambiente/InicializadorSuperficiesMapa.cs Line: 282)

[Mapa] Terrain configurado: nome=pais3 camadas=1 controles=1 fallback=False
UnityEngine.Debug:ExtractStackTraceNoAlloc (byte*,int,string)
UnityEngine.StackTraceUtility:ExtractStackTrace ()
UnityEngine.DebugLogHandler:Internal_Log (UnityEngine.LogType,UnityEngine.LogOption,string,UnityEngine.Object)
UnityEngine.DebugLogHandler:LogFormat (UnityEngine.LogType,UnityEngine.Object,string,object[])
UnityEngine.Logger:Log (UnityEngine.LogType,object)
UnityEngine.Debug:Log (object)
InicializadorSuperficiesMapa:ConfigurarMaterialTerrain (UnityEngine.Terrain,UnityEngine.Material) (at Assets/scripts/Ambiente/InicializadorSuperficiesMapa.cs:282)
InicializadorSuperficiesMapa:CorrigirCenaAtual () (at Assets/scripts/Ambiente/InicializadorSuperficiesMapa.cs:117)
InicializadorSuperficiesMapa:OnSceneLoaded (UnityEngine.SceneManagement.Scene,UnityEngine.SceneManagement.LoadSceneMode) (at Assets/scripts/Ambiente/InicializadorSuperficiesMapa.cs:48)
UnityEngine.SceneManagement.SceneManager:Internal_SceneLoaded (UnityEngine.SceneManagement.Scene,UnityEngine.SceneManagement.LoadSceneMode)

(Filename: Assets/scripts/Ambiente/InicializadorSuperficiesMapa.cs Line: 282)

[Mapa] superfícies corrigidas: terrenos=8, reativados=0, marcadores=1
UnityEngine.Debug:ExtractStackTraceNoAlloc (byte*,int,string)
UnityEngine.StackTraceUtility:ExtractStackTrace ()
UnityEngine.DebugLogHandler:Internal_Log (UnityEngine.LogType,UnityEngine.LogOption,string,UnityEngine.Object)
UnityEngine.DebugLogHandler:LogFormat (UnityEngine.LogType,UnityEngine.Object,string,object[])
UnityEngine.Logger:Log (UnityEngine.LogType,object)
UnityEngine.Debug:Log (object)
InicializadorSuperficiesMapa:CorrigirCenaAtual () (at Assets/scripts/Ambiente/InicializadorSuperficiesMapa.cs:155)
InicializadorSuperficiesMapa:OnSceneLoaded (UnityEngine.SceneManagement.Scene,UnityEngine.SceneManagement.LoadSceneMode) (at Assets/scripts/Ambiente/InicializadorSuperficiesMapa.cs:48)
UnityEngine.SceneManagement.SceneManager:Internal_SceneLoaded (UnityEngine.SceneManagement.Scene,UnityEngine.SceneManagement.LoadSceneMode)

(Filename: Assets/scripts/Ambiente/InicializadorSuperficiesMapa.cs Line: 155)

Loaded scene 'Assets/Scenes/cena19).unity'
	Deserialize:            67688.047 ms
	Integration:            16515.922 ms
	Integration of assets:  226.073 ms
	Thread Wait Time:       11815.875 ms
	Total Operation Time:   96245.914 ms
[MapaGeral] Limites do mapa: centro=(2521, -2684) metade=13580 zoomMaximo=13580.
UnityEngine.Debug:ExtractStackTraceNoAlloc (byte*,int,string)
UnityEngine.StackTraceUtility:ExtractStackTrace ()
UnityEngine.DebugLogHandler:Internal_Log (UnityEngine.LogType,UnityEngine.LogOption,string,UnityEngine.Object)
UnityEngine.DebugLogHandler:LogFormat (UnityEngine.LogType,UnityEngine.Object,string,object[])
UnityEngine.Logger:Log (UnityEngine.LogType,object)
UnityEngine.Debug:Log (object)
MapaGeralController:AtualizarLimitesMapa () (at Assets/scripts/MapaGeralController.cs:261)
MapaGeralController:Start () (at Assets/scripts/MapaGeralController.cs:96)

(Filename: Assets/scripts/MapaGeralController.cs Line: 261)

[MenuComando] Limites do mapa tático: centro=(2521, -2684) metade=13580.
UnityEngine.Debug:ExtractStackTraceNoAlloc (byte*,int,string)
UnityEngine.StackTraceUtility:ExtractStackTrace ()
UnityEngine.DebugLogHandler:Internal_Log (UnityEngine.LogType,UnityEngine.LogOption,string,UnityEngine.Object)
UnityEngine.DebugLogHandler:LogFormat (UnityEngine.LogType,UnityEngine.Object,string,object[])
UnityEngine.Logger:Log (UnityEngine.LogType,object)
UnityEngine.Debug:Log (object)
MenuComandoController:AtualizarLimitesMapa () (at Assets/scripts/UI/MenuComandoController.cs:356)
MenuComandoController:Start () (at Assets/scripts/UI/MenuComandoController.cs:236)

(Filename: Assets/scripts/UI/MenuComandoController.cs Line: 356)

[Cartel Init] Start cena=cena19) automatico=True dia=1
UnityEngine.Debug:ExtractStackTraceNoAlloc (byte*,int,string)
UnityEngine.StackTraceUtility:ExtractStackTrace ()
UnityEngine.DebugLogHandler:Internal_Log (UnityEngine.LogType,UnityEngine.LogOption,string,UnityEngine.Object)
UnityEngine.DebugLogHandler:LogFormat (UnityEngine.LogType,UnityEngine.Object,string,object[])
UnityEngine.Logger:Log (UnityEngine.LogType,object)
UnityEngine.Debug:Log (object)
Hegemonia.Cartel.CartelAIController:Start () (at Assets/scripts/Cartel/CartelAIController.cs:223)

(Filename: Assets/scripts/Cartel/CartelAIController.cs Line: 223)

[Cartel Init] Tentando ativar: dia=1 requerido=5
UnityEngine.Debug:ExtractStackTraceNoAlloc (byte*,int,string)
UnityEngine.StackTraceUtility:ExtractStackTrace ()
UnityEngine.DebugLogHandler:Internal_Log (UnityEngine.LogType,UnityEngine.LogOption,string,UnityEngine.Object)
UnityEngine.DebugLogHandler:LogFormat (UnityEngine.LogType,UnityEngine.Object,string,object[])
UnityEngine.Logger:Log (UnityEngine.LogType,object)
UnityEngine.Debug:Log (object)
Hegemonia.Cartel.CartelAIController:TryInitializeForCurrentDay () (at Assets/scripts/Cartel/CartelAIController.cs:350)
Hegemonia.Cartel.CartelAIController:Start () (at Assets/scripts/Cartel/CartelAIController.cs:239)

(Filename: Assets/scripts/Cartel/CartelAIController.cs Line: 350)

[IA01 WorldReady] layout, identidade e governo prontos; execução liberada.
UnityEngine.Debug:ExtractStackTraceNoAlloc (byte*,int,string)
UnityEngine.StackTraceUtility:ExtractStackTrace ()
UnityEngine.DebugLogHandler:Internal_Log (UnityEngine.LogType,UnityEngine.LogOption,string,UnityEngine.Object)
UnityEngine.DebugLogHandler:LogFormat (UnityEngine.LogType,UnityEngine.Object,string,object[])
UnityEngine.Logger:Log (UnityEngine.LogType,object)
UnityEngine.Debug:Log (object)
Hegemonia.AI.IA01.IA01Manager:TryPrepareWorld (string&) (at Assets/scripts/IA01/IA01Manager.cs:581)
Hegemonia.AI.IA01.IA01Manager:ExecuteTick (single,single,single) (at Assets/scripts/IA01/IA01Manager.cs:330)
Hegemonia.AI.IA01.IA01Manager:ExecutarTickGlobal (single) (at Assets/scripts/IA01/IA01Manager.cs:273)
Hegemonia.RTS.OrquestradorGlobalSimulacao:ExecutarCamada (Hegemonia.RTS.CamadaSimulacao,single,single,bool) (at Assets/scripts/RTS/OrquestradorGlobalSimulacao.cs:379)
Hegemonia.RTS.OrquestradorGlobalSimulacao:Update () (at Assets/scripts/RTS/OrquestradorGlobalSimulacao.cs:236)

(Filename: Assets/scripts/IA01/IA01Manager.cs Line: 581)

RenderTexture.Create failed
UnityEngine.Debug:ExtractStackTraceNoAlloc (byte*,int,string)
UnityEngine.StackTraceUtility:ExtractStackTrace ()
UnityEngine.RenderTexture:Create ()
UnityEngine.Rendering.RTHandleSystem:CreateRenderTexture (int,int,UnityEngine.Experimental.Rendering.GraphicsFormat,int,UnityEngine.FilterMode,UnityEngine.TextureWrapMode,UnityEngine.TextureWrapMode,UnityEngine.TextureWrapMode,UnityEngine.Rendering.TextureDimension,bool,bool,bool,bool,int,single,UnityEngine.Rendering.MSAASamples,bool,bool,bool,UnityEngine.RenderTextureMemoryless,UnityEngine.VRTextureUsage,bool,string) (at ./Library/PackageCache/com.unity.render-pipelines.core@205f2b8ecf0f/Runtime/Textures/RTHandleSystem.cs:908)
UnityEngine.Rendering.RTHandleSystem:Alloc (int,int,UnityEngine.Experimental.Rendering.GraphicsFormat,UnityEngine.TextureWrapMode,UnityEngine.TextureWrapMode,UnityEngine.TextureWrapMode,int,UnityEngine.FilterMode,UnityEngine.Rendering.TextureDimension,bool,bool,bool,bool,int,single,UnityEngine.Rendering.MSAASamples,bool,bool,bool,UnityEngine.RenderTextureMemoryless,UnityEngine.VRTextureUsage,string) (at ./Library/PackageCache/com.unity.render-pipelines.core@205f2b8ecf0f/Runtime/Textures/RTHandleSystem.cs:774)
UnityEngine.Rendering.RTHandleSystem:Alloc (int,int,UnityEngine.Experimental.Rendering.GraphicsFormat,int,UnityEngine.FilterMode,UnityEngine.TextureWrapMode,UnityEngine.Rendering.TextureDimension,bool,bool,bool,bool,int,single,UnityEngine.Rendering.MSAASamples,bool,bool,bool,UnityEngine.RenderTextureMemoryless,UnityEngine.VRTextureUsage,string) (at ./Library/PackageCache/com.unity.render-pipelines.core@205f2b8ecf0f/Runtime/Textures/RTHandleSystem.cs:638)
UnityEngine.Rendering.RTHandles:Alloc (int,int,UnityEngine.Experimental.Rendering.GraphicsFormat,int,UnityEngine.FilterMode,UnityEngine.TextureWrapMode,UnityEngine.Rendering.TextureDimension,bool,bool,bool,bool,int,single,UnityEngine.Rendering.MSAASamples,bool,bool,bool,UnityEngine.RenderTextureMemoryless,UnityEngine.VRTextureUsage,string) (at ./Library/PackageCache/com.unity.render-pipelines.core@205f2b8ecf0f/Runtime/Textures/RTHandles.cs:169)
UnityEngine.Rendering.RenderGraphModule.RenderGraphDefaultResources:InitDefaultResourcesIfNeeded () (at ./Library/PackageCache/com.unity.render-pipelines.core@205f2b8ecf0f/Runtime/RenderGraph/RenderGraphDefaultResources.cs:52)
UnityEngine.Rendering.RenderGraphModule.RenderGraphDefaultResources:.ctor () (at ./Library/PackageCache/com.unity.render-pipelines.core@205f2b8ecf0f/Runtime/RenderGraph/RenderGraphDefaultResources.cs:39)
UnityEngine.Rendering.RenderGraphModule.RenderGraph:.ctor (string) (at ./Library/PackageCache/com.unity.render-pipelines.core@205f2b8ecf0f/Runtime/RenderGraph/RenderGraph.cs:422)
UnityEngine.Rendering.Universal.UniversalRenderPipeline:.ctor (UnityEngine.Rendering.Universal.UniversalRenderPipelineAsset) (at ./Library/PackageCache/com.unity.render-pipelines.universal@65a6875fdfbc/Runtime/UniversalRenderPipeline.cs:269)
UnityEngine.Rendering.Universal.UniversalRenderPipelineAsset:CreatePipeline () (at ./Library/PackageCache/com.unity.render-pipelines.universal@65a6875fdfbc/Runtime/Data/UniversalRenderPipelineAsset.cs:800)
UnityEngine.Rendering.RenderPipelineAsset:InternalCreatePipeline ()
UnityEngine.Rendering.RenderPipelineManager:TryPrepareRenderPipeline (UnityEngine.Rendering.RenderPipelineAsset)
UnityEngine.Rendering.RenderPipelineManager:DoRenderLoop_Internal (UnityEngine.Rendering.RenderPipelineAsset,intptr,UnityEngine.Object,Unity.Collections.LowLevel.Unsafe.AtomicSafetyHandle)

[./Library/PackageCache/com.unity.render-pipelines.core@205f2b8ecf0f/Runtime/Textures/RTHandleSystem.cs line 908]

RenderTexture.Create failed
UnityEngine.Debug:ExtractStackTraceNoAlloc (byte*,int,string)
UnityEngine.StackTraceUtility:ExtractStackTrace ()
UnityEngine.Graphics:ExecuteCommandBuffer (UnityEngine.Rendering.CommandBuffer)
UnityEngine.Rendering.RenderGraphModule.RenderGraphDefaultResources:InitDefaultResourcesIfNeeded () (at ./Library/PackageCache/com.unity.render-pipelines.core@205f2b8ecf0f/Runtime/RenderGraph/RenderGraphDefaultResources.cs:58)
UnityEngine.Rendering.RenderGraphModule.RenderGraphDefaultResources:.ctor () (at ./Library/PackageCache/com.unity.render-pipelines.core@205f2b8ecf0f/Runtime/RenderGraph/RenderGraphDefaultResources.cs:39)
UnityEngine.Rendering.RenderGraphModule.RenderGraph:.ctor (string) (at ./Library/PackageCache/com.unity.render-pipelines.core@205f2b8ecf0f/Runtime/RenderGraph/RenderGraph.cs:422)
UnityEngine.Rendering.Universal.UniversalRenderPipeline:.ctor (UnityEngine.Rendering.Universal.UniversalRenderPipelineAsset) (at ./Library/PackageCache/com.unity.render-pipelines.universal@65a6875fdfbc/Runtime/UniversalRenderPipeline.cs:269)
UnityEngine.Rendering.Universal.UniversalRenderPipelineAsset:CreatePipeline () (at ./Library/PackageCache/com.unity.render-pipelines.universal@65a6875fdfbc/Runtime/Data/UniversalRenderPipelineAsset.cs:800)
UnityEngine.Rendering.RenderPipelineAsset:InternalCreatePipeline ()
UnityEngine.Rendering.RenderPipelineManager:TryPrepareRenderPipeline (UnityEngine.Rendering.RenderPipelineAsset)
UnityEngine.Rendering.RenderPipelineManager:DoRenderLoop_Internal (UnityEngine.Rendering.RenderPipelineAsset,intptr,UnityEngine.Object,Unity.Collections.LowLevel.Unsafe.AtomicSafetyHandle)

[./Library/PackageCache/com.unity.render-pipelines.core@205f2b8ecf0f/Runtime/RenderGraph/RenderGraphDefaultResources.cs line 58]

Failed to set the active render target, ensure that it is a valid render target.
UnityEngine.Debug:ExtractStackTraceNoAlloc (byte*,int,string)
UnityEngine.StackTraceUtility:ExtractStackTrace ()
UnityEngine.Graphics:ExecuteCommandBuffer (UnityEngine.Rendering.CommandBuffer)
UnityEngine.Rendering.RenderGraphModule.RenderGraphDefaultResources:InitDefaultResourcesIfNeeded () (at ./Library/PackageCache/com.unity.render-pipelines.core@205f2b8ecf0f/Runtime/RenderGraph/RenderGraphDefaultResources.cs:58)
UnityEngine.Rendering.RenderGraphModule.RenderGraphDefaultResources:.ctor () (at ./Library/PackageCache/com.unity.render-pipelines.core@205f2b8ecf0f/Runtime/RenderGraph/RenderGraphDefaultResources.cs:39)
UnityEngine.Rendering.RenderGraphModule.RenderGraph:.ctor (string) (at ./Library/PackageCache/com.unity.render-pipelines.core@205f2b8ecf0f/Runtime/RenderGraph/RenderGraph.cs:422)
UnityEngine.Rendering.Universal.UniversalRenderPipeline:.ctor (UnityEngine.Rendering.Universal.UniversalRenderPipelineAsset) (at ./Library/PackageCache/com.unity.render-pipelines.universal@65a6875fdfbc/Runtime/UniversalRenderPipeline.cs:269)
UnityEngine.Rendering.Universal.UniversalRenderPipelineAsset:CreatePipeline () (at ./Library/PackageCache/com.unity.render-pipelines.universal@65a6875fdfbc/Runtime/Data/UniversalRenderPipelineAsset.cs:800)
UnityEngine.Rendering.RenderPipelineAsset:InternalCreatePipeline ()
UnityEngine.Rendering.RenderPipelineManager:TryPrepareRenderPipeline (UnityEngine.Rendering.RenderPipelineAsset)
UnityEngine.Rendering.RenderPipelineManager:DoRenderLoop_Internal (UnityEngine.Rendering.RenderPipelineAsset,intptr,UnityEngine.Object,Unity.Collections.LowLevel.Unsafe.AtomicSafetyHandle)

[./Library/PackageCache/com.unity.render-pipelines.core@205f2b8ecf0f/Runtime/RenderGraph/RenderGraphDefaultResources.cs line 58]

Launched and connected shader compiler UnityShaderCompiler.exe after 0.02 seconds
RenderTexture.Create failed
UnityEngine.Debug:ExtractStackTraceNoAlloc (byte*,int,string)
UnityEngine.StackTraceUtility:ExtractStackTrace ()
UnityEngine.RenderTexture:Create ()
UnityEngine.Rendering.RTHandleSystem:CreateRenderTexture (int,int,UnityEngine.Experimental.Rendering.GraphicsFormat,int,UnityEngine.FilterMode,UnityEngine.TextureWrapMode,UnityEngine.TextureWrapMode,UnityEngine.TextureWrapMode,UnityEngine.Rendering.TextureDimension,bool,bool,bool,bool,int,single,UnityEngine.Rendering.MSAASamples,bool,bool,bool,UnityEngine.RenderTextureMemoryless,UnityEngine.VRTextureUsage,bool,string) (at ./Library/PackageCache/com.unity.render-pipelines.core@205f2b8ecf0f/Runtime/Textures/RTHandleSystem.cs:908)
UnityEngine.Rendering.RTHandleSystem:Alloc (int,int,UnityEngine.Rendering.RTHandleAllocInfo) (at ./Library/PackageCache/com.unity.render-pipelines.core@205f2b8ecf0f/Runtime/Textures/RTHandleSystem.cs:925)
UnityEngine.Rendering.RTHandles:Alloc (int,int,UnityEngine.Rendering.RTHandleAllocInfo) (at ./Library/PackageCache/com.unity.render-pipelines.core@205f2b8ecf0f/Runtime/Textures/RTHandles.cs:282)
UnityEngine.Rendering.Universal.RenderingUtils:ReAllocateHandleIfNeeded (UnityEngine.Rendering.RTHandle&,UnityEngine.RenderTextureDescriptor&,UnityEngine.FilterMode,UnityEngine.TextureWrapMode,int,single,string) (at ./Library/PackageCache/com.unity.render-pipelines.universal@65a6875fdfbc/Runtime/RenderingUtils.cs:856)
UnityEngine.Rendering.Universal.UniversalRenderer:CreateIntermediateCameraDepthAttachment (UnityEngine.Rendering.RenderGraphModule.RenderGraph,UnityEngine.Rendering.Universal.UniversalCameraData,bool,UnityEngine.Color,bool) (at ./Library/PackageCache/com.unity.render-pipelines.universal@65a6875fdfbc/Runtime/UniversalRendererRenderGraph.cs:1827)
UnityEngine.Rendering.Universal.UniversalRenderer:CreateRenderGraphCameraRenderTargets (UnityEngine.Rendering.RenderGraphModule.RenderGraph,bool,UnityEngine.Rendering.Universal.UniversalRenderer/RenderPassInputSummary&,bool,bool) (at ./Library/PackageCache/com.unity.render-pipelines.universal@65a6875fdfbc/Runtime/UniversalRendererRenderGraph.cs:376)
UnityEngine.Rendering.Universal.UniversalRenderer:OnRecordRenderGraph (UnityEngine.Rendering.RenderGraphModule.RenderGraph,UnityEngine.Rendering.ScriptableRenderContext) (at ./Library/PackageCache/com.unity.render-pipelines.universal@65a6875fdfbc/Runtime/UniversalRendererRenderGraph.cs:605)
UnityEngine.Rendering.Universal.ScriptableRenderer:RecordRenderGraph (UnityEngine.Rendering.RenderGraphModule.RenderGraph,UnityEngine.Rendering.ScriptableRenderContext) (at ./Library/PackageCache/com.unity.render-pipelines.universal@65a6875fdfbc/Runtime/ScriptableRenderer.cs:1247)
UnityEngine.Rendering.Universal.UniversalRenderPipeline:RecordAndExecuteRenderGraph (UnityEngine.Rendering.RenderGraphModule.RenderGraph,UnityEngine.Rendering.ScriptableRenderContext,UnityEngine.Rendering.Universal.ScriptableRenderer,UnityEngine.Rendering.CommandBuffer,UnityEngine.Camera,string) (at ./Library/PackageCache/com.unity.render-pipelines.universal@65a6875fdfbc/Runtime/UniversalRenderPipelineRenderGraph.cs:21)
UnityEngine.Rendering.Universal.UniversalRenderPipeline:RenderSingleCamera (UnityEngine.Rendering.ScriptableRenderContext,UnityEngine.Rendering.Universal.UniversalCameraData) (at ./Library/PackageCache/com.unity.render-pipelines.universal@65a6875fdfbc/Runtime/UniversalRenderPipeline.cs:861)
UnityEngine.Rendering.Universal.UniversalRenderPipeline:RenderCameraStack (UnityEngine.Rendering.ScriptableRenderContext,UnityEngine.Camera,bool) (at ./Library/PackageCache/com.unity.render-pipelines.universal@65a6875fdfbc/Runtime/UniversalRenderPipeline.cs:1093)
UnityEngine.Rendering.Universal.UniversalRenderPipeline:Render (UnityEngine.Rendering.ScriptableRenderContext,System.Collections.Generic.List`1<UnityEngine.Camera>) (at ./Library/PackageCache/com.unity.render-pipelines.universal@65a6875fdfbc/Runtime/UniversalRenderPipeline.cs:470)
UnityEngine.Rendering.RenderPipeline:InternalRender (UnityEngine.Rendering.ScriptableRenderContext,System.Collections.Generic.List`1<UnityEngine.Camera>)
UnityEngine.Rendering.RenderPipelineManager:DoRenderLoop_Internal (UnityEngine.Rendering.RenderPipelineAsset,intptr,UnityEngine.Object,Unity.Collections.LowLevel.Unsafe.AtomicSafetyHandle)

[./Library/PackageCache/com.unity.render-pipelines.core@205f2b8ecf0f/Runtime/Textures/RTHandleSystem.cs line 908]

RenderTexture.Create failed
UnityEngine.Debug:ExtractStackTraceNoAlloc (byte*,int,string)
UnityEngine.StackTraceUtility:ExtractStackTrace ()
UnityEngine.RenderTexture:Create ()
UnityEngine.Rendering.RTHandleSystem:CreateRenderTexture (int,int,UnityEngine.Experimental.Rendering.GraphicsFormat,int,UnityEngine.FilterMode,UnityEngine.TextureWrapMode,UnityEngine.TextureWrapMode,UnityEngine.TextureWrapMode,UnityEngine.Rendering.TextureDimension,bool,bool,bool,bool,int,single,UnityEngine.Rendering.MSAASamples,bool,bool,bool,UnityEngine.RenderTextureMemoryless,UnityEngine.VRTextureUsage,bool,string) (at ./Library/PackageCache/com.unity.render-pipelines.core@205f2b8ecf0f/Runtime/Textures/RTHandleSystem.cs:908)
UnityEngine.Rendering.RTHandleSystem:Alloc (int,int,UnityEngine.Rendering.RTHandleAllocInfo) (at ./Library/PackageCache/com.unity.render-pipelines.core@205f2b8ecf0f/Runtime/Textures/RTHandleSystem.cs:925)
UnityEngine.Rendering.RTHandles:Alloc (int,int,UnityEngine.Rendering.RTHandleAllocInfo) (at ./Library/PackageCache/com.unity.render-pipelines.core@205f2b8ecf0f/Runtime/Textures/RTHandles.cs:282)
UnityEngine.Rendering.RenderGraphModule.TextureResource:CreateGraphicsResource () (at ./Library/PackageCache/com.unity.render-pipelines.core@205f2b8ecf0f/Runtime/RenderGraph/RenderGraphResourceTexture.cs:526)
UnityEngine.Rendering.RenderGraphModule.RenderGraphResource`2<UnityEngine.Rendering.RenderGraphModule.TextureDesc, UnityEngine.Rendering.RTHandle>:CreatePooledGraphicsResource () (at ./Library/PackageCache/com.unity.render-pipelines.core@205f2b8ecf0f/Runtime/RenderGraph/RenderGraphResources.cs:257)
UnityEngine.Rendering.RenderGraphModule.RenderGraphResourceRegistry:CreatePooledResource (UnityEngine.Rendering.RenderGraphModule.InternalRenderGraphContext,int,int) (at ./Library/PackageCache/com.unity.render-pipelines.core@205f2b8ecf0f/Runtime/RenderGraph/RenderGraphResourceRegistry.cs:1036)
UnityEngine.Rendering.RenderGraphModule.NativeRenderPassCompiler.NativePassCompiler:ExecuteInitializeResource (UnityEngine.Rendering.RenderGraphModule.InternalRenderGraphContext,UnityEngine.Rendering.RenderGraphModule.RenderGraphResourceRegistry,UnityEngine.Rendering.RenderGraphModule.NativeRenderPassCompiler.PassData&) (at ./Library/PackageCache/com.unity.render-pipelines.core@205f2b8ecf0f/Runtime/RenderGraph/Compiler/NativePassCompiler.cs:764)
UnityEngine.Rendering.RenderGraphModule.NativeRenderPassCompiler.NativePassCompiler:ExecuteGraph (UnityEngine.Rendering.RenderGraphModule.InternalRenderGraphContext,UnityEngine.Rendering.RenderGraphModule.RenderGraphResourceRegistry,System.Collections.Generic.List`1<UnityEngine.Rendering.RenderGraphModule.RenderGraphPass>&) (at ./Library/PackageCache/com.unity.render-pipelines.core@205f2b8ecf0f/Runtime/RenderGraph/Compiler/NativePassCompiler.cs:1447)
UnityEngine.Rendering.RenderGraphModule.RenderGraph:ExecuteNativeRenderGraph () (at ./Library/PackageCache/com.unity.render-pipelines.core@205f2b8ecf0f/Runtime/RenderGraph/RenderGraph.Compiler.cs:42)
UnityEngine.Rendering.RenderGraphModule.RenderGraph:Execute () (at ./Library/PackageCache/com.unity.render-pipelines.core@205f2b8ecf0f/Runtime/RenderGraph/RenderGraph.cs:1575)
UnityEngine.Rendering.RenderGraphModule.RenderGraph:EndRecordingAndExecute () (at ./Library/PackageCache/com.unity.render-pipelines.core@205f2b8ecf0f/Runtime/RenderGraph/RenderGraph.cs:1517)
UnityEngine.Rendering.Universal.UniversalRenderPipeline:RecordAndExecuteRenderGraph (UnityEngine.Rendering.RenderGraphModule.RenderGraph,UnityEngine.Rendering.ScriptableRenderContext,UnityEngine.Rendering.Universal.ScriptableRenderer,UnityEngine.Rendering.CommandBuffer,UnityEngine.Camera,string) (at ./Library/PackageCache/com.unity.render-pipelines.universal@65a6875fdfbc/Runtime/UniversalRenderPipelineRenderGraph.cs:29)
UnityEngine.Rendering.Universal.UniversalRenderPipeline:RenderSingleCamera (UnityEngine.Rendering.ScriptableRenderContext,UnityEngine.Rendering.Universal.UniversalCameraData) (at ./Library/PackageCache/com.unity.render-pipelines.universal@65a6875fdfbc/Runtime/UniversalRenderPipeline.cs:861)
UnityEngine.Rendering.Universal.UniversalRenderPipeline:RenderCameraStack (UnityEngine.Rendering.ScriptableRenderContext,UnityEngine.Camera,bool) (at ./Library/PackageCache/com.unity.render-pipelines.universal@65a6875fdfbc/Runtime/UniversalRenderPipeline.cs:1093)
UnityEngine.Rendering.Universal.UniversalRenderPipeline:Render (UnityEngine.Rendering.ScriptableRenderContext,System.Collections.Generic.List`1<UnityEngine.Camera>) (at ./Library/PackageCache/com.unity.render-pipelines.universal@65a6875fdfbc/Runtime/UniversalRenderPipeline.cs:470)
UnityEngine.Rendering.RenderPipeline:InternalRender (UnityEngine.Rendering.ScriptableRenderContext,System.Collections.Generic.List`1<UnityEngine.Camera>)
UnityEngine.Rendering.RenderPipelineManager:DoRenderLoop_Internal (UnityEngine.Rendering.RenderPipelineAsset,intptr,UnityEngine.Object,Unity.Collections.LowLevel.Unsafe.AtomicSafetyHandle)

[./Library/PackageCache/com.unity.render-pipelines.core@205f2b8ecf0f/Runtime/Textures/RTHandleSystem.cs line 908]

SetConstantBuffer: The current renderer does not support constant buffers. This call will have no effect.
UnityEngine.Debug:ExtractStackTraceNoAlloc (byte*,int,string)
UnityEngine.StackTraceUtility:ExtractStackTrace ()
UnityEngine.Rendering.ScriptableRenderContext:Submit ()
UnityEngine.Rendering.Universal.UniversalRenderPipeline:RenderSingleCamera (UnityEngine.Rendering.ScriptableRenderContext,UnityEngine.Rendering.Universal.UniversalCameraData) (at ./Library/PackageCache/com.unity.render-pipelines.universal@65a6875fdfbc/Runtime/UniversalRenderPipeline.cs:891)
UnityEngine.Rendering.Universal.UniversalRenderPipeline:RenderCameraStack (UnityEngine.Rendering.ScriptableRenderContext,UnityEngine.Camera,bool) (at ./Library/PackageCache/com.unity.render-pipelines.universal@65a6875fdfbc/Runtime/UniversalRenderPipeline.cs:1093)
UnityEngine.Rendering.Universal.UniversalRenderPipeline:Render (UnityEngine.Rendering.ScriptableRenderContext,System.Collections.Generic.List`1<UnityEngine.Camera>) (at ./Library/PackageCache/com.unity.render-pipelines.universal@65a6875fdfbc/Runtime/UniversalRenderPipeline.cs:470)
UnityEngine.Rendering.RenderPipeline:InternalRender (UnityEngine.Rendering.ScriptableRenderContext,System.Collections.Generic.List`1<UnityEngine.Camera>)
UnityEngine.Rendering.RenderPipelineManager:DoRenderLoop_Internal (UnityEngine.Rendering.RenderPipelineAsset,intptr,UnityEngine.Object,Unity.Collections.LowLevel.Unsafe.AtomicSafetyHandle)

[./Library/PackageCache/com.unity.render-pipelines.universal@65a6875fdfbc/Runtime/UniversalRenderPipeline.cs line 891]

SetConstantBuffer: The current renderer does not support constant buffers. This call will have no effect.
UnityEngine.Debug:ExtractStackTraceNoAlloc (byte*,int,string)
UnityEngine.StackTraceUtility:ExtractStackTrace ()
UnityEngine.Rendering.ScriptableRenderContext:Submit ()
UnityEngine.Rendering.Universal.UniversalRenderPipeline:RenderSingleCamera (UnityEngine.Rendering.ScriptableRenderContext,UnityEngine.Rendering.Universal.UniversalCameraData) (at ./Library/PackageCache/com.unity.render-pipelines.universal@65a6875fdfbc/Runtime/UniversalRenderPipeline.cs:891)
UnityEngine.Rendering.Universal.UniversalRenderPipeline:RenderCameraStack (UnityEngine.Rendering.ScriptableRenderContext,UnityEngine.Camera,bool) (at ./Library/PackageCache/com.unity.render-pipelines.universal@65a6875fdfbc/Runtime/UniversalRenderPipeline.cs:1093)
UnityEngine.Rendering.Universal.UniversalRenderPipeline:Render (UnityEngine.Rendering.ScriptableRenderContext,System.Collections.Generic.List`1<UnityEngine.Camera>) (at ./Library/PackageCache/com.unity.render-pipelines.universal@65a6875fdfbc/Runtime/UniversalRenderPipeline.cs:470)
UnityEngine.Rendering.RenderPipeline:InternalRender (UnityEngine.Rendering.ScriptableRenderContext,System.Collections.Generic.List`1<UnityEngine.Camera>)
UnityEngine.Rendering.RenderPipelineManager:DoRenderLoop_Internal (UnityEngine.Rendering.RenderPipelineAsset,intptr,UnityEngine.Object,Unity.Collections.LowLevel.Unsafe.AtomicSafetyHandle)

[./Library/PackageCache/com.unity.render-pipelines.universal@65a6875fdfbc/Runtime/UniversalRenderPipeline.cs line 891]

RenderTexture.Create failed
UnityEngine.Debug:ExtractStackTraceNoAlloc (byte*,int,string)
UnityEngine.StackTraceUtility:ExtractStackTrace ()
UnityEngine.Rendering.ScriptableRenderContext:Submit ()
UnityEngine.Rendering.Universal.UniversalRenderPipeline:RenderSingleCamera (UnityEngine.Rendering.ScriptableRenderContext,UnityEngine.Rendering.Universal.UniversalCameraData) (at ./Library/PackageCache/com.unity.render-pipelines.universal@65a6875fdfbc/Runtime/UniversalRenderPipeline.cs:891)
UnityEngine.Rendering.Universal.UniversalRenderPipeline:RenderCameraStack (UnityEngine.Rendering.ScriptableRenderContext,UnityEngine.Camera,bool) (at ./Library/PackageCache/com.unity.render-pipelines.universal@65a6875fdfbc/Runtime/UniversalRenderPipeline.cs:1093)
UnityEngine.Rendering.Universal.UniversalRenderPipeline:Render (UnityEngine.Rendering.ScriptableRenderContext,System.Collections.Generic.List`1<UnityEngine.Camera>) (at ./Library/PackageCache/com.unity.render-pipelines.universal@65a6875fdfbc/Runtime/UniversalRenderPipeline.cs:470)
UnityEngine.Rendering.RenderPipeline:InternalRender (UnityEngine.Rendering.ScriptableRenderContext,System.Collections.Generic.List`1<UnityEngine.Camera>)
UnityEngine.Rendering.RenderPipelineManager:DoRenderLoop_Internal (UnityEngine.Rendering.RenderPipelineAsset,intptr,UnityEngine.Object,Unity.Collections.LowLevel.Unsafe.AtomicSafetyHandle)

[./Library/PackageCache/com.unity.render-pipelines.universal@65a6875fdfbc/Runtime/UniversalRenderPipeline.cs line 891]

RenderTexture.Create failed
UnityEngine.Debug:ExtractStackTraceNoAlloc (byte*,int,string)
UnityEngine.StackTraceUtility:ExtractStackTrace ()
UnityEngine.Rendering.ScriptableRenderContext:Submit ()
UnityEngine.Rendering.Universal.UniversalRenderPipeline:RenderSingleCamera (UnityEngine.Rendering.ScriptableRenderContext,UnityEngine.Rendering.Universal.UniversalCameraData) (at ./Library/PackageCache/com.unity.render-pipelines.universal@65a6875fdfbc/Runtime/UniversalRenderPipeline.cs:891)
UnityEngine.Rendering.Universal.UniversalRenderPipeline:RenderCameraStack (UnityEngine.Rendering.ScriptableRenderContext,UnityEngine.Camera,bool) (at ./Library/PackageCache/com.unity.render-pipelines.universal@65a6875fdfbc/Runtime/UniversalRenderPipeline.cs:1093)
UnityEngine.Rendering.Universal.UniversalRenderPipeline:Render (UnityEngine.Rendering.ScriptableRenderContext,System.Collections.Generic.List`1<UnityEngine.Camera>) (at ./Library/PackageCache/com.unity.render-pipelines.universal@65a6875fdfbc/Runtime/UniversalRenderPipeline.cs:470)
UnityEngine.Rendering.RenderPipeline:InternalRender (UnityEngine.Rendering.ScriptableRenderContext,System.Collections.Generic.List`1<UnityEngine.Camera>)
UnityEngine.Rendering.RenderPipelineManager:DoRenderLoop_Internal (UnityEngine.Rendering.RenderPipelineAsset,intptr,UnityEngine.Object,Unity.Collections.LowLevel.Unsafe.AtomicSafetyHandle)

[./Library/PackageCache/com.unity.render-pipelines.universal@65a6875fdfbc/Runtime/UniversalRenderPipeline.cs line 891]

RenderTexture.Create failed
UnityEngine.Debug:ExtractStackTraceNoAlloc (byte*,int,string)
UnityEngine.StackTraceUtility:ExtractStackTrace ()
UnityEngine.Rendering.ScriptableRenderContext:Submit ()
UnityEngine.Rendering.Universal.UniversalRenderPipeline:RenderSingleCamera (UnityEngine.Rendering.ScriptableRenderContext,UnityEngine.Rendering.Universal.UniversalCameraData) (at ./Library/PackageCache/com.unity.render-pipelines.universal@65a6875fdfbc/Runtime/UniversalRenderPipeline.cs:891)
UnityEngine.Rendering.Universal.UniversalRenderPipeline:RenderCameraStack (UnityEngine.Rendering.ScriptableRenderContext,UnityEngine.Camera,bool) (at ./Library/PackageCache/com.unity.render-pipelines.universal@65a6875fdfbc/Runtime/UniversalRenderPipeline.cs:1093)
UnityEngine.Rendering.Universal.UniversalRenderPipeline:Render (UnityEngine.Rendering.ScriptableRenderContext,System.Collections.Generic.List`1<UnityEngine.Camera>) (at ./Library/PackageCache/com.unity.render-pipelines.universal@65a6875fdfbc/Runtime/UniversalRenderPipeline.cs:470)
UnityEngine.Rendering.RenderPipeline:InternalRender (UnityEngine.Rendering.ScriptableRenderContext,System.Collections.Generic.List`1<UnityEngine.Camera>)
UnityEngine.Rendering.RenderPipelineManager:DoRenderLoop_Internal (UnityEngine.Rendering.RenderPipelineAsset,intptr,UnityEngine.Object,Unity.Collections.LowLevel.Unsafe.AtomicSafetyHandle)

[./Library/PackageCache/com.unity.render-pipelines.universal@65a6875fdfbc/Runtime/UniversalRenderPipeline.cs line 891]

DrawDepthNormalPrepass: Unable to find surface for attachment 0
UnityEngine.Debug:ExtractStackTraceNoAlloc (byte*,int,string)
UnityEngine.StackTraceUtility:ExtractStackTrace ()
UnityEngine.Rendering.ScriptableRenderContext:Submit ()
UnityEngine.Rendering.Universal.UniversalRenderPipeline:RenderSingleCamera (UnityEngine.Rendering.ScriptableRenderContext,UnityEngine.Rendering.Universal.UniversalCameraData) (at ./Library/PackageCache/com.unity.render-pipelines.universal@65a6875fdfbc/Runtime/UniversalRenderPipeline.cs:891)
UnityEngine.Rendering.Universal.UniversalRenderPipeline:RenderCameraStack (UnityEngine.Rendering.ScriptableRenderContext,UnityEngine.Camera,bool) (at ./Library/PackageCache/com.unity.render-pipelines.universal@65a6875fdfbc/Runtime/UniversalRenderPipeline.cs:1093)
UnityEngine.Rendering.Universal.UniversalRenderPipeline:Render (UnityEngine.Rendering.ScriptableRenderContext,System.Collections.Generic.List`1<UnityEngine.Camera>) (at ./Library/PackageCache/com.unity.render-pipelines.universal@65a6875fdfbc/Runtime/UniversalRenderPipeline.cs:470)
UnityEngine.Rendering.RenderPipeline:InternalRender (UnityEngine.Rendering.ScriptableRenderContext,System.Collections.Generic.List`1<UnityEngine.Camera>)
UnityEngine.Rendering.RenderPipelineManager:DoRenderLoop_Internal (UnityEngine.Rendering.RenderPipelineAsset,intptr,UnityEngine.Object,Unity.Collections.LowLevel.Unsafe.AtomicSafetyHandle)

[./Library/PackageCache/com.unity.render-pipelines.universal@65a6875fdfbc/Runtime/UniversalRenderPipeline.cs line 891]

EndRenderPass: Not inside a Renderpass
UnityEngine.Debug:ExtractStackTraceNoAlloc (byte*,int,string)
UnityEngine.StackTraceUtility:ExtractStackTrace ()
UnityEngine.Rendering.ScriptableRenderContext:Submit ()
UnityEngine.Rendering.Universal.UniversalRenderPipeline:RenderSingleCamera (UnityEngine.Rendering.ScriptableRenderContext,UnityEngine.Rendering.Universal.UniversalCameraData) (at ./Library/PackageCache/com.unity.render-pipelines.universal@65a6875fdfbc/Runtime/UniversalRenderPipeline.cs:891)
UnityEngine.Rendering.Universal.UniversalRenderPipeline:RenderCameraStack (UnityEngine.Rendering.ScriptableRenderContext,UnityEngine.Camera,bool) (at ./Library/PackageCache/com.unity.render-pipelines.universal@65a6875fdfbc/Runtime/UniversalRenderPipeline.cs:1093)
UnityEngine.Rendering.Universal.UniversalRenderPipeline:Render (UnityEngine.Rendering.ScriptableRenderContext,System.Collections.Generic.List`1<UnityEngine.Camera>) (at ./Library/PackageCache/com.unity.render-pipelines.universal@65a6875fdfbc/Runtime/UniversalRenderPipeline.cs:470)
UnityEngine.Rendering.RenderPipeline:InternalRender (UnityEngine.Rendering.ScriptableRenderContext,System.Collections.Generic.List`1<UnityEngine.Camera>)
UnityEngine.Rendering.RenderPipelineManager:DoRenderLoop_Internal (UnityEngine.Rendering.RenderPipelineAsset,intptr,UnityEngine.Object,Unity.Collections.LowLevel.Unsafe.AtomicSafetyHandle)

[./Library/PackageCache/com.unity.render-pipelines.universal@65a6875fdfbc/Runtime/UniversalRenderPipeline.cs line 891]

RenderTexture.Create failed
UnityEngine.Debug:ExtractStackTraceNoAlloc (byte*,int,string)
UnityEngine.StackTraceUtility:ExtractStackTrace ()
UnityEngine.Rendering.ScriptableRenderContext:Submit ()
UnityEngine.Rendering.Universal.UniversalRenderPipeline:RenderSingleCamera (UnityEngine.Rendering.ScriptableRenderContext,UnityEngine.Rendering.Universal.UniversalCameraData) (at ./Library/PackageCache/com.unity.render-pipelines.universal@65a6875fdfbc/Runtime/UniversalRenderPipeline.cs:891)
UnityEngine.Rendering.Universal.UniversalRenderPipeline:RenderCameraStack (UnityEngine.Rendering.ScriptableRenderContext,UnityEngine.Camera,bool) (at ./Library/PackageCache/com.unity.render-pipelines.universal@65a6875fdfbc/Runtime/UniversalRenderPipeline.cs:1093)
UnityEngine.Rendering.Universal.UniversalRenderPipeline:Render (UnityEngine.Rendering.ScriptableRenderContext,System.Collections.Generic.List`1<UnityEngine.Camera>) (at ./Library/PackageCache/com.unity.render-pipelines.universal@65a6875fdfbc/Runtime/UniversalRenderPipeline.cs:470)
UnityEngine.Rendering.RenderPipeline:InternalRender (UnityEngine.Rendering.ScriptableRenderContext,System.Collections.Generic.List`1<UnityEngine.Camera>)
UnityEngine.Rendering.RenderPipelineManager:DoRenderLoop_Internal (UnityEngine.Rendering.RenderPipelineAsset,intptr,UnityEngine.Object,Unity.Collections.LowLevel.Unsafe.AtomicSafetyHandle)

[./Library/PackageCache/com.unity.render-pipelines.universal@65a6875fdfbc/Runtime/UniversalRenderPipeline.cs line 891]

RenderTexture.Create failed
UnityEngine.Debug:ExtractStackTraceNoAlloc (byte*,int,string)
UnityEngine.StackTraceUtility:ExtractStackTrace ()
UnityEngine.Rendering.ScriptableRenderContext:Submit ()
UnityEngine.Rendering.Universal.UniversalRenderPipeline:RenderSingleCamera (UnityEngine.Rendering.ScriptableRenderContext,UnityEngine.Rendering.Universal.UniversalCameraData) (at ./Library/PackageCache/com.unity.render-pipelines.universal@65a6875fdfbc/Runtime/UniversalRenderPipeline.cs:891)
UnityEngine.Rendering.Universal.UniversalRenderPipeline:RenderCameraStack (UnityEngine.Rendering.ScriptableRenderContext,UnityEngine.Camera,bool) (at ./Library/PackageCache/com.unity.render-pipelines.universal@65a6875fdfbc/Runtime/UniversalRenderPipeline.cs:1093)
UnityEngine.Rendering.Universal.UniversalRenderPipeline:Render (UnityEngine.Rendering.ScriptableRenderContext,System.Collections.Generic.List`1<UnityEngine.Camera>) (at ./Library/PackageCache/com.unity.render-pipelines.universal@65a6875fdfbc/Runtime/UniversalRenderPipeline.cs:470)
UnityEngine.Rendering.RenderPipeline:InternalRender (UnityEngine.Rendering.ScriptableRenderContext,System.Collections.Generic.List`1<UnityEngine.Camera>)
UnityEngine.Rendering.RenderPipelineManager:DoRenderLoop_Internal (UnityEngine.Rendering.RenderPipelineAsset,intptr,UnityEngine.Object,Unity.Collections.LowLevel.Unsafe.AtomicSafetyHandle)

[./Library/PackageCache/com.unity.render-pipelines.universal@65a6875fdfbc/Runtime/UniversalRenderPipeline.cs line 891]

RenderTexture.Create failed
UnityEngine.Debug:ExtractStackTraceNoAlloc (byte*,int,string)
UnityEngine.StackTraceUtility:ExtractStackTrace ()
UnityEngine.Rendering.ScriptableRenderContext:Submit ()
UnityEngine.Rendering.Universal.UniversalRenderPipeline:RenderSingleCamera (UnityEngine.Rendering.ScriptableRenderContext,UnityEngine.Rendering.Universal.UniversalCameraData) (at ./Library/PackageCache/com.unity.render-pipelines.universal@65a6875fdfbc/Runtime/UniversalRenderPipeline.cs:891)
UnityEngine.Rendering.Universal.UniversalRenderPipeline:RenderCameraStack (UnityEngine.Rendering.ScriptableRenderContext,UnityEngine.Camera,bool) (at ./Library/PackageCache/com.unity.render-pipelines.universal@65a6875fdfbc/Runtime/UniversalRenderPipeline.cs:1093)
UnityEngine.Rendering.Universal.UniversalRenderPipeline:Render (UnityEngine.Rendering.ScriptableRenderContext,System.Collections.Generic.List`1<UnityEngine.Camera>) (at ./Library/PackageCache/com.unity.render-pipelines.universal@65a6875fdfbc/Runtime/UniversalRenderPipeline.cs:470)
UnityEngine.Rendering.RenderPipeline:InternalRender (UnityEngine.Rendering.ScriptableRenderContext,System.Collections.Generic.List`1<UnityEngine.Camera>)
UnityEngine.Rendering.RenderPipelineManager:DoRenderLoop_Internal (UnityEngine.Rendering.RenderPipelineAsset,intptr,UnityEngine.Object,Unity.Collections.LowLevel.Unsafe.AtomicSafetyHandle)

[./Library/PackageCache/com.unity.render-pipelines.universal@65a6875fdfbc/Runtime/UniversalRenderPipeline.cs line 891]

DrawOpaqueObjects: Unable to find surface for attachment 0
UnityEngine.Debug:ExtractStackTraceNoAlloc (byte*,int,string)
UnityEngine.StackTraceUtility:ExtractStackTrace ()
UnityEngine.Rendering.ScriptableRenderContext:Submit ()
UnityEngine.Rendering.Universal.UniversalRenderPipeline:RenderSingleCamera (UnityEngine.Rendering.ScriptableRenderContext,UnityEngine.Rendering.Universal.UniversalCameraData) (at ./Library/PackageCache/com.unity.render-pipelines.universal@65a6875fdfbc/Runtime/UniversalRenderPipeline.cs:891)
UnityEngine.Rendering.Universal.UniversalRenderPipeline:RenderCameraStack (UnityEngine.Rendering.ScriptableRenderContext,UnityEngine.Camera,bool) (at ./Library/PackageCache/com.unity.render-pipelines.universal@65a6875fdfbc/Runtime/UniversalRenderPipeline.cs:1093)
UnityEngine.Rendering.Universal.UniversalRenderPipeline:Render (UnityEngine.Rendering.ScriptableRenderContext,System.Collections.Generic.List`1<UnityEngine.Camera>) (at ./Library/PackageCache/com.unity.render-pipelines.universal@65a6875fdfbc/Runtime/UniversalRenderPipeline.cs:470)
UnityEngine.Rendering.RenderPipeline:InternalRender (UnityEngine.Rendering.ScriptableRenderContext,System.Collections.Generic.List`1<UnityEngine.Camera>)
UnityEngine.Rendering.RenderPipelineManager:DoRenderLoop_Internal (UnityEngine.Rendering.RenderPipelineAsset,intptr,UnityEngine.Object,Unity.Collections.LowLevel.Unsafe.AtomicSafetyHandle)

[./Library/PackageCache/com.unity.render-pipelines.universal@65a6875fdfbc/Runtime/UniversalRenderPipeline.cs line 891]

EndRenderPass: Not inside a Renderpass
UnityEngine.Debug:ExtractStackTraceNoAlloc (byte*,int,string)
UnityEngine.StackTraceUtility:ExtractStackTrace ()
UnityEngine.Rendering.ScriptableRenderContext:Submit ()
UnityEngine.Rendering.Universal.UniversalRenderPipeline:RenderSingleCamera (UnityEngine.Rendering.ScriptableRenderContext,UnityEngine.Rendering.Universal.UniversalCameraData) (at ./Library/PackageCache/com.unity.render-pipelines.universal@65a6875fdfbc/Runtime/UniversalRenderPipeline.cs:891)
UnityEngine.Rendering.Universal.UniversalRenderPipeline:RenderCameraStack (UnityEngine.Rendering.ScriptableRenderContext,UnityEngine.Camera,bool) (at ./Library/PackageCache/com.unity.render-pipelines.universal@65a6875fdfbc/Runtime/UniversalRenderPipeline.cs:1093)
UnityEngine.Rendering.Universal.UniversalRenderPipeline:Render (UnityEngine.Rendering.ScriptableRenderContext,System.Collections.Generic.List`1<UnityEngine.Camera>) (at ./Library/PackageCache/com.unity.render-pipelines.universal@65a6875fdfbc/Runtime/UniversalRenderPipeline.cs:470)
UnityEngine.Rendering.RenderPipeline:InternalRender (UnityEngine.Rendering.ScriptableRenderContext,System.Collections.Generic.List`1<UnityEngine.Camera>)
UnityEngine.Rendering.RenderPipelineManager:DoRenderLoop_Internal (UnityEngine.Rendering.RenderPipelineAsset,intptr,UnityEngine.Object,Unity.Collections.LowLevel.Unsafe.AtomicSafetyHandle)

[./Library/PackageCache/com.unity.render-pipelines.universal@65a6875fdfbc/Runtime/UniversalRenderPipeline.cs line 891]

RenderTexture.Create failed
UnityEngine.Debug:ExtractStackTraceNoAlloc (byte*,int,string)
UnityEngine.StackTraceUtility:ExtractStackTrace ()
UnityEngine.Rendering.ScriptableRenderContext:Submit ()
UnityEngine.Rendering.Universal.UniversalRenderPipeline:RenderSingleCamera (UnityEngine.Rendering.ScriptableRenderContext,UnityEngine.Rendering.Universal.UniversalCameraData) (at ./Library/PackageCache/com.unity.render-pipelines.universal@65a6875fdfbc/Runtime/UniversalRenderPipeline.cs:891)
UnityEngine.Rendering.Universal.UniversalRenderPipeline:RenderCameraStack (UnityEngine.Rendering.ScriptableRenderContext,UnityEngine.Camera,bool) (at ./Library/PackageCache/com.unity.render-pipelines.universal@65a6875fdfbc/Runtime/UniversalRenderPipeline.cs:1093)
UnityEngine.Rendering.Universal.UniversalRenderPipeline:Render (UnityEngine.Rendering.ScriptableRenderContext,System.Collections.Generic.List`1<UnityEngine.Camera>) (at ./Library/PackageCache/com.unity.render-pipelines.universal@65a6875fdfbc/Runtime/UniversalRenderPipeline.cs:470)
UnityEngine.Rendering.RenderPipeline:InternalRender (UnityEngine.Rendering.ScriptableRenderContext,System.Collections.Generic.List`1<UnityEngine.Camera>)
UnityEngine.Rendering.RenderPipelineManager:DoRenderLoop_Internal (UnityEngine.Rendering.RenderPipelineAsset,intptr,UnityEngine.Object,Unity.Collections.LowLevel.Unsafe.AtomicSafetyHandle)

[./Library/PackageCache/com.unity.render-pipelines.universal@65a6875fdfbc/Runtime/UniversalRenderPipeline.cs line 891]

RenderTexture.Create failed
UnityEngine.Debug:ExtractStackTraceNoAlloc (byte*,int,string)
UnityEngine.StackTraceUtility:ExtractStackTrace ()
UnityEngine.Rendering.ScriptableRenderContext:Submit ()
UnityEngine.Rendering.Universal.UniversalRenderPipeline:RenderSingleCamera (UnityEngine.Rendering.ScriptableRenderContext,UnityEngine.Rendering.Universal.UniversalCameraData) (at ./Library/PackageCache/com.unity.render-pipelines.universal@65a6875fdfbc/Runtime/UniversalRenderPipeline.cs:891)
UnityEngine.Rendering.Universal.UniversalRenderPipeline:RenderCameraStack (UnityEngine.Rendering.ScriptableRenderContext,UnityEngine.Camera,bool) (at ./Library/PackageCache/com.unity.render-pipelines.universal@65a6875fdfbc/Runtime/UniversalRenderPipeline.cs:1093)
UnityEngine.Rendering.Universal.UniversalRenderPipeline:Render (UnityEngine.Rendering.ScriptableRenderContext,System.Collections.Generic.List`1<UnityEngine.Camera>) (at ./Library/PackageCache/com.unity.render-pipelines.universal@65a6875fdfbc/Runtime/UniversalRenderPipeline.cs:470)
UnityEngine.Rendering.RenderPipeline:InternalRender (UnityEngine.Rendering.ScriptableRenderContext,System.Collections.Generic.List`1<UnityEngine.Camera>)
UnityEngine.Rendering.RenderPipelineManager:DoRenderLoop_Internal (UnityEngine.Rendering.RenderPipelineAsset,intptr,UnityEngine.Object,Unity.Collections.LowLevel.Unsafe.AtomicSafetyHandle)

[./Library/PackageCache/com.unity.render-pipelines.universal@65a6875fdfbc/Runtime/UniversalRenderPipeline.cs line 891]

RenderTexture.Create failed
UnityEngine.Debug:ExtractStackTraceNoAlloc (byte*,int,string)
UnityEngine.StackTraceUtility:ExtractStackTrace ()
UnityEngine.Rendering.ScriptableRenderContext:Submit ()
UnityEngine.Rendering.Universal.UniversalRenderPipeline:RenderSingleCamera (UnityEngine.Rendering.ScriptableRenderContext,UnityEngine.Rendering.Universal.UniversalCameraData) (at ./Library/PackageCache/com.unity.render-pipelines.universal@65a6875fdfbc/Runtime/UniversalRenderPipeline.cs:891)
UnityEngine.Rendering.Universal.UniversalRenderPipeline:RenderCameraStack (UnityEngine.Rendering.ScriptableRenderContext,UnityEngine.Camera,bool) (at ./Library/PackageCache/com.unity.render-pipelines.universal@65a6875fdfbc/Runtime/UniversalRenderPipeline.cs:1093)
UnityEngine.Rendering.Universal.UniversalRenderPipeline:Render (UnityEngine.Rendering.ScriptableRenderContext,System.Collections.Generic.List`1<UnityEngine.Camera>) (at ./Library/PackageCache/com.unity.render-pipelines.universal@65a6875fdfbc/Runtime/UniversalRenderPipeline.cs:470)
UnityEngine.Rendering.RenderPipeline:InternalRender (UnityEngine.Rendering.ScriptableRenderContext,System.Collections.Generic.List`1<UnityEngine.Camera>)
UnityEngine.Rendering.RenderPipelineManager:DoRenderLoop_Internal (UnityEngine.Rendering.RenderPipelineAsset,intptr,UnityEngine.Object,Unity.Collections.LowLevel.Unsafe.AtomicSafetyHandle)

[./Library/PackageCache/com.unity.render-pipelines.universal@65a6875fdfbc/Runtime/UniversalRenderPipeline.cs line 891]

DrawTransparentObjects: Unable to find surface for attachment 0
UnityEngine.Debug:ExtractStackTraceNoAlloc (byte*,int,string)
UnityEngine.StackTraceUtility:ExtractStackTrace ()
UnityEngine.Rendering.ScriptableRenderContext:Submit ()
UnityEngine.Rendering.Universal.UniversalRenderPipeline:RenderSingleCamera (UnityEngine.Rendering.ScriptableRenderContext,UnityEngine.Rendering.Universal.UniversalCameraData) (at ./Library/PackageCache/com.unity.render-pipelines.universal@65a6875fdfbc/Runtime/UniversalRenderPipeline.cs:891)
UnityEngine.Rendering.Universal.UniversalRenderPipeline:RenderCameraStack (UnityEngine.Rendering.ScriptableRenderContext,UnityEngine.Camera,bool) (at ./Library/PackageCache/com.unity.render-pipelines.universal@65a6875fdfbc/Runtime/UniversalRenderPipeline.cs:1093)
UnityEngine.Rendering.Universal.UniversalRenderPipeline:Render (UnityEngine.Rendering.ScriptableRenderContext,System.Collections.Generic.List`1<UnityEngine.Camera>) (at ./Library/PackageCache/com.unity.render-pipelines.universal@65a6875fdfbc/Runtime/UniversalRenderPipeline.cs:470)
UnityEngine.Rendering.RenderPipeline:InternalRender (UnityEngine.Rendering.ScriptableRenderContext,System.Collections.Generic.List`1<UnityEngine.Camera>)
UnityEngine.Rendering.RenderPipelineManager:DoRenderLoop_Internal (UnityEngine.Rendering.RenderPipelineAsset,intptr,UnityEngine.Object,Unity.Collections.LowLevel.Unsafe.AtomicSafetyHandle)

[./Library/PackageCache/com.unity.render-pipelines.universal@65a6875fdfbc/Runtime/UniversalRenderPipeline.cs line 891]

EndRenderPass: Not inside a Renderpass
UnityEngine.Debug:ExtractStackTraceNoAlloc (byte*,int,string)
UnityEngine.StackTraceUtility:ExtractStackTrace ()
UnityEngine.Rendering.ScriptableRenderContext:Submit ()
UnityEngine.Rendering.Universal.UniversalRenderPipeline:RenderSingleCamera (UnityEngine.Rendering.ScriptableRenderContext,UnityEngine.Rendering.Universal.UniversalCameraData) (at ./Library/PackageCache/com.unity.render-pipelines.universal@65a6875fdfbc/Runtime/UniversalRenderPipeline.cs:891)
UnityEngine.Rendering.Universal.UniversalRenderPipeline:RenderCameraStack (UnityEngine.Rendering.ScriptableRenderContext,UnityEngine.Camera,bool) (at ./Library/PackageCache/com.unity.render-pipelines.universal@65a6875fdfbc/Runtime/UniversalRenderPipeline.cs:1093)
UnityEngine.Rendering.Universal.UniversalRenderPipeline:Render (UnityEngine.Rendering.ScriptableRenderContext,System.Collections.Generic.List`1<UnityEngine.Camera>) (at ./Library/PackageCache/com.unity.render-pipelines.universal@65a6875fdfbc/Runtime/UniversalRenderPipeline.cs:470)
UnityEngine.Rendering.RenderPipeline:InternalRender (UnityEngine.Rendering.ScriptableRenderContext,System.Collections.Generic.List`1<UnityEngine.Camera>)
UnityEngine.Rendering.RenderPipelineManager:DoRenderLoop_Internal (UnityEngine.Rendering.RenderPipelineAsset,intptr,UnityEngine.Object,Unity.Collections.LowLevel.Unsafe.AtomicSafetyHandle)

[./Library/PackageCache/com.unity.render-pipelines.universal@65a6875fdfbc/Runtime/UniversalRenderPipeline.cs line 891]

Unloading 3070 unused Assets / (59.0 MB). Loaded Objects now: 61745.
Memory consumption went from 2.89 GB to 2.83 GB.
Total: 44.199400 ms (FindLiveObjects: 6.490000 ms CreateObjectMapping: 7.126200 ms MarkObjects: 24.396200 ms  DeleteObjects: 6.184100 ms)

SetConstantBuffer: The current renderer does not support constant buffers. This call will have no effect.
UnityEngine.Debug:ExtractStackTraceNoAlloc (byte*,int,string)
UnityEngine.StackTraceUtility:ExtractStackTrace ()
UnityEngine.Rendering.ScriptableRenderContext:Submit ()
UnityEngine.Rendering.Universal.UniversalRenderPipeline:RenderSingleCamera (UnityEngine.Rendering.ScriptableRenderContext,UnityEngine.Rendering.Universal.UniversalCameraData) (at ./Library/PackageCache/com.unity.render-pipelines.universal@65a6875fdfbc/Runtime/UniversalRenderPipeline.cs:891)
UnityEngine.Rendering.Universal.UniversalRenderPipeline:RenderCameraStack (UnityEngine.Rendering.ScriptableRenderContext,UnityEngine.Camera,bool) (at ./Library/PackageCache/com.unity.render-pipelines.universal@65a6875fdfbc/Runtime/UniversalRenderPipeline.cs:1093)
UnityEngine.Rendering.Universal.UniversalRenderPipeline:Render (UnityEngine.Rendering.ScriptableRenderContext,System.Collections.Generic.List`1<UnityEngine.Camera>) (at ./Library/PackageCache/com.unity.render-pipelines.universal@65a6875fdfbc/Runtime/UniversalRenderPipeline.cs:470)
UnityEngine.Rendering.RenderPipeline:InternalRender (UnityEngine.Rendering.ScriptableRenderContext,System.Collections.Generic.List`1<UnityEngine.Camera>)
UnityEngine.Rendering.RenderPipelineManager:DoRenderLoop_Internal (UnityEngine.Rendering.RenderPipelineAsset,intptr,UnityEngine.Object,Unity.Collections.LowLevel.Unsafe.AtomicSafetyHandle)

[./Library/PackageCache/com.unity.render-pipelines.universal@65a6875fdfbc/Runtime/UniversalRenderPipeline.cs line 891]

SetConstantBuffer: The current renderer does not support constant buffers. This call will have no effect.
UnityEngine.Debug:ExtractStackTraceNoAlloc (byte*,int,string)
UnityEngine.StackTraceUtility:ExtractStackTrace ()
UnityEngine.Rendering.ScriptableRenderContext:Submit ()
UnityEngine.Rendering.Universal.UniversalRenderPipeline:RenderSingleCamera (UnityEngine.Rendering.ScriptableRenderContext,UnityEngine.Rendering.Universal.UniversalCameraData) (at ./Library/PackageCache/com.unity.render-pipelines.universal@65a6875fdfbc/Runtime/UniversalRenderPipeline.cs:891)
UnityEngine.Rendering.Universal.UniversalRenderPipeline:RenderCameraStack (UnityEngine.Rendering.ScriptableRenderContext,UnityEngine.Camera,bool) (at ./Library/PackageCache/com.unity.render-pipelines.universal@65a6875fdfbc/Runtime/UniversalRenderPipeline.cs:1093)
UnityEngine.Rendering.Universal.UniversalRenderPipeline:Render (UnityEngine.Rendering.ScriptableRenderContext,System.Collections.Generic.List`1<UnityEngine.Camera>) (at ./Library/PackageCache/com.unity.render-pipelines.universal@65a6875fdfbc/Runtime/UniversalRenderPipeline.cs:470)
UnityEngine.Rendering.RenderPipeline:InternalRender (UnityEngine.Rendering.ScriptableRenderContext,System.Collections.Generic.List`1<UnityEngine.Camera>)
UnityEngine.Rendering.RenderPipelineManager:DoRenderLoop_Internal (UnityEngine.Rendering.RenderPipelineAsset,intptr,UnityEngine.Object,Unity.Collections.LowLevel.Unsafe.AtomicSafetyHandle)

[./Library/PackageCache/com.unity.render-pipelines.universal@65a6875fdfbc/Runtime/UniversalRenderPipeline.cs line 891]

RenderTexture.Create failed
UnityEngine.Debug:ExtractStackTraceNoAlloc (byte*,int,string)
UnityEngine.StackTraceUtility:ExtractStackTrace ()
UnityEngine.Rendering.ScriptableRenderContext:Submit ()
UnityEngine.Rendering.Universal.UniversalRenderPipeline:RenderSingleCamera (UnityEngine.Rendering.ScriptableRenderContext,UnityEngine.Rendering.Universal.UniversalCameraData) (at ./Library/PackageCache/com.unity.render-pipelines.universal@65a6875fdfbc/Runtime/UniversalRenderPipeline.cs:891)
UnityEngine.Rendering.Universal.UniversalRenderPipeline:RenderCameraStack (UnityEngine.Rendering.ScriptableRenderContext,UnityEngine.Camera,bool) (at ./Library/PackageCache/com.unity.render-pipelines.universal@65a6875fdfbc/Runtime/UniversalRenderPipeline.cs:1093)
UnityEngine.Rendering.Universal.UniversalRenderPipeline:Render (UnityEngine.Rendering.ScriptableRenderContext,System.Collections.Generic.List`1<UnityEngine.Camera>) (at ./Library/PackageCache/com.unity.render-pipelines.universal@65a6875fdfbc/Runtime/UniversalRenderPipeline.cs:470)
UnityEngine.Rendering.RenderPipeline:InternalRender (UnityEngine.Rendering.ScriptableRenderContext,System.Collections.Generic.List`1<UnityEngine.Camera>)
UnityEngine.Rendering.RenderPipelineManager:DoRenderLoop_Internal (UnityEngine.Rendering.RenderPipelineAsset,intptr,UnityEngine.Object,Unity.Collections.LowLevel.Unsafe.AtomicSafetyHandle)

[./Library/PackageCache/com.unity.render-pipelines.universal@65a6875fdfbc/Runtime/UniversalRenderPipeline.cs line 891]

RenderTexture.Create failed
UnityEngine.Debug:ExtractStackTraceNoAlloc (byte*,int,string)
UnityEngine.StackTraceUtility:ExtractStackTrace ()
UnityEngine.Rendering.ScriptableRenderContext:Submit ()
UnityEngine.Rendering.Universal.UniversalRenderPipeline:RenderSingleCamera (UnityEngine.Rendering.ScriptableRenderContext,UnityEngine.Rendering.Universal.UniversalCameraData) (at ./Library/PackageCache/com.unity.render-pipelines.universal@65a6875fdfbc/Runtime/UniversalRenderPipeline.cs:891)
UnityEngine.Rendering.Universal.UniversalRenderPipeline:RenderCameraStack (UnityEngine.Rendering.ScriptableRenderContext,UnityEngine.Camera,bool) (at ./Library/PackageCache/com.unity.render-pipelines.universal@65a6875fdfbc/Runtime/UniversalRenderPipeline.cs:1093)
UnityEngine.Rendering.Universal.UniversalRenderPipeline:Render (UnityEngine.Rendering.ScriptableRenderContext,System.Collections.Generic.List`1<UnityEngine.Camera>) (at ./Library/PackageCache/com.unity.render-pipelines.universal@65a6875fdfbc/Runtime/UniversalRenderPipeline.cs:470)
UnityEngine.Rendering.RenderPipeline:InternalRender (UnityEngine.Rendering.ScriptableRenderContext,System.Collections.Generic.List`1<UnityEngine.Camera>)
UnityEngine.Rendering.RenderPipelineManager:DoRenderLoop_Internal (UnityEngine.Rendering.RenderPipelineAsset,intptr,UnityEngine.Object,Unity.Collections.LowLevel.Unsafe.AtomicSafetyHandle)

[./Library/PackageCache/com.unity.render-pipelines.universal@65a6875fdfbc/Runtime/UniversalRenderPipeline.cs line 891]

RenderTexture.Create failed
UnityEngine.Debug:ExtractStackTraceNoAlloc (byte*,int,string)
UnityEngine.StackTraceUtility:ExtractStackTrace ()
UnityEngine.Rendering.ScriptableRenderContext:Submit ()
UnityEngine.Rendering.Universal.UniversalRenderPipeline:RenderSingleCamera (UnityEngine.Rendering.ScriptableRenderContext,UnityEngine.Rendering.Universal.UniversalCameraData) (at ./Library/PackageCache/com.unity.render-pipelines.universal@65a6875fdfbc/Runtime/UniversalRenderPipeline.cs:891)
UnityEngine.Rendering.Universal.UniversalRenderPipeline:RenderCameraStack (UnityEngine.Rendering.ScriptableRenderContext,UnityEngine.Camera,bool) (at ./Library/PackageCache/com.unity.render-pipelines.universal@65a6875fdfbc/Runtime/UniversalRenderPipeline.cs:1093)
UnityEngine.Rendering.Universal.UniversalRenderPipeline:Render (UnityEngine.Rendering.ScriptableRenderContext,System.Collections.Generic.List`1<UnityEngine.Camera>) (at ./Library/PackageCache/com.unity.render-pipelines.universal@65a6875fdfbc/Runtime/UniversalRenderPipeline.cs:470)
UnityEngine.Rendering.RenderPipeline:InternalRender (UnityEngine.Rendering.ScriptableRenderContext,System.Collections.Generic.List`1<UnityEngine.Camera>)
UnityEngine.Rendering.RenderPipelineManager:DoRenderLoop_Internal (UnityEngine.Rendering.RenderPipelineAsset,intptr,UnityEngine.Object,Unity.Collections.LowLevel.Unsafe.AtomicSafetyHandle)

[./Library/PackageCache/com.unity.render-pipelines.universal@65a6875fdfbc/Runtime/UniversalRenderPipeline.cs line 891]

DrawDepthNormalPrepass: Unable to find surface for attachment 0
UnityEngine.Debug:ExtractStackTraceNoAlloc (byte*,int,string)
UnityEngine.StackTraceUtility:ExtractStackTrace ()
UnityEngine.Rendering.ScriptableRenderContext:Submit ()
UnityEngine.Rendering.Universal.UniversalRenderPipeline:RenderSingleCamera (UnityEngine.Rendering.ScriptableRenderContext,UnityEngine.Rendering.Universal.UniversalCameraData) (at ./Library/PackageCache/com.unity.render-pipelines.universal@65a6875fdfbc/Runtime/UniversalRenderPipeline.cs:891)
UnityEngine.Rendering.Universal.UniversalRenderPipeline:RenderCameraStack (UnityEngine.Rendering.ScriptableRenderContext,UnityEngine.Camera,bool) (at ./Library/PackageCache/com.unity.render-pipelines.universal@65a6875fdfbc/Runtime/UniversalRenderPipeline.cs:1093)
UnityEngine.Rendering.Universal.UniversalRenderPipeline:Render (UnityEngine.Rendering.ScriptableRenderContext,System.Collections.Generic.List`1<UnityEngine.Camera>) (at ./Library/PackageCache/com.unity.render-pipelines.universal@65a6875fdfbc/Runtime/UniversalRenderPipeline.cs:470)
UnityEngine.Rendering.RenderPipeline:InternalRender (UnityEngine.Rendering.ScriptableRenderContext,System.Collections.Generic.List`1<UnityEngine.Camera>)
UnityEngine.Rendering.RenderPipelineManager:DoRenderLoop_Internal (UnityEngine.Rendering.RenderPipelineAsset,intptr,UnityEngine.Object,Unity.Collections.LowLevel.Unsafe.AtomicSafetyHandle)

[./Library/PackageCache/com.unity.render-pipelines.universal@65a6875fdfbc/Runtime/UniversalRenderPipeline.cs line 891]

EndRenderPass: Not inside a Renderpass
UnityEngine.Debug:ExtractStackTraceNoAlloc (byte*,int,string)
UnityEngine.StackTraceUtility:ExtractStackTrace ()
UnityEngine.Rendering.ScriptableRenderContext:Submit ()
UnityEngine.Rendering.Universal.UniversalRenderPipeline:RenderSingleCamera (UnityEngine.Rendering.ScriptableRenderContext,UnityEngine.Rendering.Universal.UniversalCameraData) (at ./Library/PackageCache/com.unity.render-pipelines.universal@65a6875fdfbc/Runtime/UniversalRenderPipeline.cs:891)
UnityEngine.Rendering.Universal.UniversalRenderPipeline:RenderCameraStack (UnityEngine.Rendering.ScriptableRenderContext,UnityEngine.Camera,bool) (at ./Library/PackageCache/com.unity.render-pipelines.universal@65a6875fdfbc/Runtime/UniversalRenderPipeline.cs:1093)
UnityEngine.Rendering.Universal.UniversalRenderPipeline:Render (UnityEngine.Rendering.ScriptableRenderContext,System.Collections.Generic.List`1<UnityEngine.Camera>) (at ./Library/PackageCache/com.unity.render-pipelines.universal@65a6875fdfbc/Runtime/UniversalRenderPipeline.cs:470)
UnityEngine.Rendering.RenderPipeline:InternalRender (UnityEngine.Rendering.ScriptableRenderContext,System.Collections.Generic.List`1<UnityEngine.Camera>)
UnityEngine.Rendering.RenderPipelineManager:DoRenderLoop_Internal (UnityEngine.Rendering.RenderPipelineAsset,intptr,UnityEngine.Object,Unity.Collections.LowLevel.Unsafe.AtomicSafetyHandle)

[./Library/PackageCache/com.unity.render-pipelines.universal@65a6875fdfbc/Runtime/UniversalRenderPipeline.cs line 891]

RenderTexture.Create failed
UnityEngine.Debug:ExtractStackTraceNoAlloc (byte*,int,string)
UnityEngine.StackTraceUtility:ExtractStackTrace ()
UnityEngine.Rendering.ScriptableRenderContext:Submit ()
UnityEngine.Rendering.Universal.UniversalRenderPipeline:RenderSingleCamera (UnityEngine.Rendering.ScriptableRenderContext,UnityEngine.Rendering.Universal.UniversalCameraData) (at ./Library/PackageCache/com.unity.render-pipelines.universal@65a6875fdfbc/Runtime/UniversalRenderPipeline.cs:891)
UnityEngine.Rendering.Universal.UniversalRenderPipeline:RenderCameraStack (UnityEngine.Rendering.ScriptableRenderContext,UnityEngine.Camera,bool) (at ./Library/PackageCache/com.unity.render-pipelines.universal@65a6875fdfbc/Runtime/UniversalRenderPipeline.cs:1093)
UnityEngine.Rendering.Universal.UniversalRenderPipeline:Render (UnityEngine.Rendering.ScriptableRenderContext,System.Collections.Generic.List`1<UnityEngine.Camera>) (at ./Library/PackageCache/com.unity.render-pipelines.universal@65a6875fdfbc/Runtime/UniversalRenderPipeline.cs:470)
UnityEngine.Rendering.RenderPipeline:InternalRender (UnityEngine.Rendering.ScriptableRenderContext,System.Collections.Generic.List`1<UnityEngine.Camera>)
UnityEngine.Rendering.RenderPipelineManager:DoRenderLoop_Internal (UnityEngine.Rendering.RenderPipelineAsset,intptr,UnityEngine.Object,Unity.Collections.LowLevel.Unsafe.AtomicSafetyHandle)

[./Library/PackageCache/com.unity.render-pipelines.universal@65a6875fdfbc/Runtime/UniversalRenderPipeline.cs line 891]

RenderTexture.Create failed
UnityEngine.Debug:ExtractStackTraceNoAlloc (byte*,int,string)
UnityEngine.StackTraceUtility:ExtractStackTrace ()
UnityEngine.Rendering.ScriptableRenderContext:Submit ()
UnityEngine.Rendering.Universal.UniversalRenderPipeline:RenderSingleCamera (UnityEngine.Rendering.ScriptableRenderContext,UnityEngine.Rendering.Universal.UniversalCameraData) (at ./Library/PackageCache/com.unity.render-pipelines.universal@65a6875fdfbc/Runtime/UniversalRenderPipeline.cs:891)
UnityEngine.Rendering.Universal.UniversalRenderPipeline:RenderCameraStack (UnityEngine.Rendering.ScriptableRenderContext,UnityEngine.Camera,bool) (at ./Library/PackageCache/com.unity.render-pipelines.universal@65a6875fdfbc/Runtime/UniversalRenderPipeline.cs:1093)
UnityEngine.Rendering.Universal.UniversalRenderPipeline:Render (UnityEngine.Rendering.ScriptableRenderContext,System.Collections.Generic.List`1<UnityEngine.Camera>) (at ./Library/PackageCache/com.unity.render-pipelines.universal@65a6875fdfbc/Runtime/UniversalRenderPipeline.cs:470)
UnityEngine.Rendering.RenderPipeline:InternalRender (UnityEngine.Rendering.ScriptableRenderContext,System.Collections.Generic.List`1<UnityEngine.Camera>)
UnityEngine.Rendering.RenderPipelineManager:DoRenderLoop_Internal (UnityEngine.Rendering.RenderPipelineAsset,intptr,UnityEngine.Object,Unity.Collections.LowLevel.Unsafe.AtomicSafetyHandle)

[./Library/PackageCache/com.unity.render-pipelines.universal@65a6875fdfbc/Runtime/UniversalRenderPipeline.cs line 891]

RenderTexture.Create failed
UnityEngine.Debug:ExtractStackTraceNoAlloc (byte*,int,string)
UnityEngine.StackTraceUtility:ExtractStackTrace ()
UnityEngine.Rendering.ScriptableRenderContext:Submit ()
UnityEngine.Rendering.Universal.UniversalRenderPipeline:RenderSingleCamera (UnityEngine.Rendering.ScriptableRenderContext,UnityEngine.Rendering.Universal.UniversalCameraData) (at ./Library/PackageCache/com.unity.render-pipelines.universal@65a6875fdfbc/Runtime/UniversalRenderPipeline.cs:891)
UnityEngine.Rendering.Universal.UniversalRenderPipeline:RenderCameraStack (UnityEngine.Rendering.ScriptableRenderContext,UnityEngine.Camera,bool) (at ./Library/PackageCache/com.unity.render-pipelines.universal@65a6875fdfbc/Runtime/UniversalRenderPipeline.cs:1093)
UnityEngine.Rendering.Universal.UniversalRenderPipeline:Render (UnityEngine.Rendering.ScriptableRenderContext,System.Collections.Generic.List`1<UnityEngine.Camera>) (at ./Library/PackageCache/com.unity.render-pipelines.universal@65a6875fdfbc/Runtime/UniversalRenderPipeline.cs:470)
UnityEngine.Rendering.RenderPipeline:InternalRender (UnityEngine.Rendering.ScriptableRenderContext,System.Collections.Generic.List`1<UnityEngine.Camera>)
UnityEngine.Rendering.RenderPipelineManager:DoRenderLoop_Internal (UnityEngine.Rendering.RenderPipelineAsset,intptr,UnityEngine.Object,Unity.Collections.LowLevel.Unsafe.AtomicSafetyHandle)

[./Library/PackageCache/com.unity.render-pipelines.universal@65a6875fdfbc/Runtime/UniversalRenderPipeline.cs line 891]

DrawOpaqueObjects: Unable to find surface for attachment 0
UnityEngine.Debug:ExtractStackTraceNoAlloc (byte*,int,string)
UnityEngine.StackTraceUtility:ExtractStackTrace ()
UnityEngine.Rendering.ScriptableRenderContext:Submit ()
UnityEngine.Rendering.Universal.UniversalRenderPipeline:RenderSingleCamera (UnityEngine.Rendering.ScriptableRenderContext,UnityEngine.Rendering.Universal.UniversalCameraData) (at ./Library/PackageCache/com.unity.render-pipelines.universal@65a6875fdfbc/Runtime/UniversalRenderPipeline.cs:891)
UnityEngine.Rendering.Universal.UniversalRenderPipeline:RenderCameraStack (UnityEngine.Rendering.ScriptableRenderContext,UnityEngine.Camera,bool) (at ./Library/PackageCache/com.unity.render-pipelines.universal@65a6875fdfbc/Runtime/UniversalRenderPipeline.cs:1093)
UnityEngine.Rendering.Universal.UniversalRenderPipeline:Render (UnityEngine.Rendering.ScriptableRenderContext,System.Collections.Generic.List`1<UnityEngine.Camera>) (at ./Library/PackageCache/com.unity.render-pipelines.universal@65a6875fdfbc/Runtime/UniversalRenderPipeline.cs:470)
UnityEngine.Rendering.RenderPipeline:InternalRender (UnityEngine.Rendering.ScriptableRenderContext,System.Collections.Generic.List`1<UnityEngine.Camera>)
UnityEngine.Rendering.RenderPipelineManager:DoRenderLoop_Internal (UnityEngine.Rendering.RenderPipelineAsset,intptr,UnityEngine.Object,Unity.Collections.LowLevel.Unsafe.AtomicSafetyHandle)

[./Library/PackageCache/com.unity.render-pipelines.universal@65a6875fdfbc/Runtime/UniversalRenderPipeline.cs line 891]

EndRenderPass: Not inside a Renderpass
UnityEngine.Debug:ExtractStackTraceNoAlloc (byte*,int,string)
UnityEngine.StackTraceUtility:ExtractStackTrace ()
UnityEngine.Rendering.ScriptableRenderContext:Submit ()
UnityEngine.Rendering.Universal.UniversalRenderPipeline:RenderSingleCamera (UnityEngine.Rendering.ScriptableRenderContext,UnityEngine.Rendering.Universal.UniversalCameraData) (at ./Library/PackageCache/com.unity.render-pipelines.universal@65a6875fdfbc/Runtime/UniversalRenderPipeline.cs:891)
UnityEngine.Rendering.Universal.UniversalRenderPipeline:RenderCameraStack (UnityEngine.Rendering.ScriptableRenderContext,UnityEngine.Camera,bool) (at ./Library/PackageCache/com.unity.render-pipelines.universal@65a6875fdfbc/Runtime/UniversalRenderPipeline.cs:1093)
UnityEngine.Rendering.Universal.UniversalRenderPipeline:Render (UnityEngine.Rendering.ScriptableRenderContext,System.Collections.Generic.List`1<UnityEngine.Camera>) (at ./Library/PackageCache/com.unity.render-pipelines.universal@65a6875fdfbc/Runtime/UniversalRenderPipeline.cs:470)
UnityEngine.Rendering.RenderPipeline:InternalRender (UnityEngine.Rendering.ScriptableRenderContext,System.Collections.Generic.List`1<UnityEngine.Camera>)
UnityEngine.Rendering.RenderPipelineManager:DoRenderLoop_Internal (UnityEngine.Rendering.RenderPipelineAsset,intptr,UnityEngine.Object,Unity.Collections.LowLevel.Unsafe.AtomicSafetyHandle)

[./Library/PackageCache/com.unity.render-pipelines.universal@65a6875fdfbc/Runtime/UniversalRenderPipeline.cs line 891]

RenderTexture.Create failed
UnityEngine.Debug:ExtractStackTraceNoAlloc (byte*,int,string)
UnityEngine.StackTraceUtility:ExtractStackTrace ()
UnityEngine.Rendering.ScriptableRenderContext:Submit ()
UnityEngine.Rendering.Universal.UniversalRenderPipeline:RenderSingleCamera (UnityEngine.Rendering.ScriptableRenderContext,UnityEngine.Rendering.Universal.UniversalCameraData) (at ./Library/PackageCache/com.unity.render-pipelines.universal@65a6875fdfbc/Runtime/UniversalRenderPipeline.cs:891)
UnityEngine.Rendering.Universal.UniversalRenderPipeline:RenderCameraStack (UnityEngine.Rendering.ScriptableRenderContext,UnityEngine.Camera,bool) (at ./Library/PackageCache/com.unity.render-pipelines.universal@65a6875fdfbc/Runtime/UniversalRenderPipeline.cs:1093)
UnityEngine.Rendering.Universal.UniversalRenderPipeline:Render (UnityEngine.Rendering.ScriptableRenderContext,System.Collections.Generic.List`1<UnityEngine.Camera>) (at ./Library/PackageCache/com.unity.render-pipelines.universal@65a6875fdfbc/Runtime/UniversalRenderPipeline.cs:470)
UnityEngine.Rendering.RenderPipeline:InternalRender (UnityEngine.Rendering.ScriptableRenderContext,System.Collections.Generic.List`1<UnityEngine.Camera>)
UnityEngine.Rendering.RenderPipelineManager:DoRenderLoop_Internal (UnityEngine.Rendering.RenderPipelineAsset,intptr,UnityEngine.Object,Unity.Collections.LowLevel.Unsafe.AtomicSafetyHandle)

[./Library/PackageCache/com.unity.render-pipelines.universal@65a6875fdfbc/Runtime/UniversalRenderPipeline.cs line 891]

RenderTexture.Create failed
UnityEngine.Debug:ExtractStackTraceNoAlloc (byte*,int,string)
UnityEngine.StackTraceUtility:ExtractStackTrace ()
UnityEngine.Rendering.ScriptableRenderContext:Submit ()
UnityEngine.Rendering.Universal.UniversalRenderPipeline:RenderSingleCamera (UnityEngine.Rendering.ScriptableRenderContext,UnityEngine.Rendering.Universal.UniversalCameraData) (at ./Library/PackageCache/com.unity.render-pipelines.universal@65a6875fdfbc/Runtime/UniversalRenderPipeline.cs:891)
UnityEngine.Rendering.Universal.UniversalRenderPipeline:RenderCameraStack (UnityEngine.Rendering.ScriptableRenderContext,UnityEngine.Camera,bool) (at ./Library/PackageCache/com.unity.render-pipelines.universal@65a6875fdfbc/Runtime/UniversalRenderPipeline.cs:1093)
UnityEngine.Rendering.Universal.UniversalRenderPipeline:Render (UnityEngine.Rendering.ScriptableRenderContext,System.Collections.Generic.List`1<UnityEngine.Camera>) (at ./Library/PackageCache/com.unity.render-pipelines.universal@65a6875fdfbc/Runtime/UniversalRenderPipeline.cs:470)
UnityEngine.Rendering.RenderPipeline:InternalRender (UnityEngine.Rendering.ScriptableRenderContext,System.Collections.Generic.List`1<UnityEngine.Camera>)
UnityEngine.Rendering.RenderPipelineManager:DoRenderLoop_Internal (UnityEngine.Rendering.RenderPipelineAsset,intptr,UnityEngine.Object,Unity.Collections.LowLevel.Unsafe.AtomicSafetyHandle)

[./Library/PackageCache/com.unity.render-pipelines.universal@65a6875fdfbc/Runtime/UniversalRenderPipeline.cs line 891]

RenderTexture.Create failed
UnityEngine.Debug:ExtractStackTraceNoAlloc (byte*,int,string)
UnityEngine.StackTraceUtility:ExtractStackTrace ()
UnityEngine.Rendering.ScriptableRenderContext:Submit ()
UnityEngine.Rendering.Universal.UniversalRenderPipeline:RenderSingleCamera (UnityEngine.Rendering.ScriptableRenderContext,UnityEngine.Rendering.Universal.UniversalCameraData) (at ./Library/PackageCache/com.unity.render-pipelines.universal@65a6875fdfbc/Runtime/UniversalRenderPipeline.cs:891)
UnityEngine.Rendering.Universal.UniversalRenderPipeline:RenderCameraStack (UnityEngine.Rendering.ScriptableRenderContext,UnityEngine.Camera,bool) (at ./Library/PackageCache/com.unity.render-pipelines.universal@65a6875fdfbc/Runtime/UniversalRenderPipeline.cs:1093)
UnityEngine.Rendering.Universal.UniversalRenderPipeline:Render (UnityEngine.Rendering.ScriptableRenderContext,System.Collections.Generic.List`1<UnityEngine.Camera>) (at ./Library/PackageCache/com.unity.render-pipelines.universal@65a6875fdfbc/Runtime/UniversalRenderPipeline.cs:470)
UnityEngine.Rendering.RenderPipeline:InternalRender (UnityEngine.Rendering.ScriptableRenderContext,System.Collections.Generic.List`1<UnityEngine.Camera>)
UnityEngine.Rendering.RenderPipelineManager:DoRenderLoop_Internal (UnityEngine.Rendering.RenderPipelineAsset,intptr,UnityEngine.Object,Unity.Collections.LowLevel.Unsafe.AtomicSafetyHandle)

[./Library/PackageCache/com.unity.render-pipelines.universal@65a6875fdfbc/Runtime/UniversalRenderPipeline.cs line 891]

DrawTransparentObjects: Unable to find surface for attachment 0
UnityEngine.Debug:ExtractStackTraceNoAlloc (byte*,int,string)
UnityEngine.StackTraceUtility:ExtractStackTrace ()
UnityEngine.Rendering.ScriptableRenderContext:Submit ()
UnityEngine.Rendering.Universal.UniversalRenderPipeline:RenderSingleCamera (UnityEngine.Rendering.ScriptableRenderContext,UnityEngine.Rendering.Universal.UniversalCameraData) (at ./Library/PackageCache/com.unity.render-pipelines.universal@65a6875fdfbc/Runtime/UniversalRenderPipeline.cs:891)
UnityEngine.Rendering.Universal.UniversalRenderPipeline:RenderCameraStack (UnityEngine.Rendering.ScriptableRenderContext,UnityEngine.Camera,bool) (at ./Library/PackageCache/com.unity.render-pipelines.universal@65a6875fdfbc/Runtime/UniversalRenderPipeline.cs:1093)
UnityEngine.Rendering.Universal.UniversalRenderPipeline:Render (UnityEngine.Rendering.ScriptableRenderContext,System.Collections.Generic.List`1<UnityEngine.Camera>) (at ./Library/PackageCache/com.unity.render-pipelines.universal@65a6875fdfbc/Runtime/UniversalRenderPipeline.cs:470)
UnityEngine.Rendering.RenderPipeline:InternalRender (UnityEngine.Rendering.ScriptableRenderContext,System.Collections.Generic.List`1<UnityEngine.Camera>)
UnityEngine.Rendering.RenderPipelineManager:DoRenderLoop_Internal (UnityEngine.Rendering.RenderPipelineAsset,intptr,UnityEngine.Object,Unity.Collections.LowLevel.Unsafe.AtomicSafetyHandle)

[./Library/PackageCache/com.unity.render-pipelines.universal@65a6875fdfbc/Runtime/UniversalRenderPipeline.cs line 891]

EndRenderPass: Not inside a Renderpass
UnityEngine.Debug:ExtractStackTraceNoAlloc (byte*,int,string)
UnityEngine.StackTraceUtility:ExtractStackTrace ()
UnityEngine.Rendering.ScriptableRenderContext:Submit ()
UnityEngine.Rendering.Universal.UniversalRenderPipeline:RenderSingleCamera (UnityEngine.Rendering.ScriptableRenderContext,UnityEngine.Rendering.Universal.UniversalCameraData) (at ./Library/PackageCache/com.unity.render-pipelines.universal@65a6875fdfbc/Runtime/UniversalRenderPipeline.cs:891)
UnityEngine.Rendering.Universal.UniversalRenderPipeline:RenderCameraStack (UnityEngine.Rendering.ScriptableRenderContext,UnityEngine.Camera,bool) (at ./Library/PackageCache/com.unity.render-pipelines.universal@65a6875fdfbc/Runtime/UniversalRenderPipeline.cs:1093)
UnityEngine.Rendering.Universal.UniversalRenderPipeline:Render (UnityEngine.Rendering.ScriptableRenderContext,System.Collections.Generic.List`1<UnityEngine.Camera>) (at ./Library/PackageCache/com.unity.render-pipelines.universal@65a6875fdfbc/Runtime/UniversalRenderPipeline.cs:470)
UnityEngine.Rendering.RenderPipeline:InternalRender (UnityEngine.Rendering.ScriptableRenderContext,System.Collections.Generic.List`1<UnityEngine.Camera>)
UnityEngine.Rendering.RenderPipelineManager:DoRenderLoop_Internal (UnityEngine.Rendering.RenderPipelineAsset,intptr,UnityEngine.Object,Unity.Collections.LowLevel.Unsafe.AtomicSafetyHandle)

[./Library/PackageCache/com.unity.render-pipelines.universal@65a6875fdfbc/Runtime/UniversalRenderPipeline.cs line 891]

SetConstantBuffer: The current renderer does not support constant buffers. This call will have no effect.
UnityEngine.Debug:ExtractStackTraceNoAlloc (byte*,int,string)
UnityEngine.StackTraceUtility:ExtractStackTrace ()
UnityEngine.Rendering.ScriptableRenderContext:Submit ()
UnityEngine.Rendering.Universal.UniversalRenderPipeline:RenderSingleCamera (UnityEngine.Rendering.ScriptableRenderContext,UnityEngine.Rendering.Universal.UniversalCameraData) (at ./Library/PackageCache/com.unity.render-pipelines.universal@65a6875fdfbc/Runtime/UniversalRenderPipeline.cs:891)
UnityEngine.Rendering.Universal.UniversalRenderPipeline:RenderCameraStack (UnityEngine.Rendering.ScriptableRenderContext,UnityEngine.Camera,bool) (at ./Library/PackageCache/com.unity.render-pipelines.universal@65a6875fdfbc/Runtime/UniversalRenderPipeline.cs:1093)
UnityEngine.Rendering.Universal.UniversalRenderPipeline:Render (UnityEngine.Rendering.ScriptableRenderContext,System.Collections.Generic.List`1<UnityEngine.Camera>) (at ./Library/PackageCache/com.unity.render-pipelines.universal@65a6875fdfbc/Runtime/UniversalRenderPipeline.cs:470)
UnityEngine.Rendering.RenderPipeline:InternalRender (UnityEngine.Rendering.ScriptableRenderContext,System.Collections.Generic.List`1<UnityEngine.Camera>)
UnityEngine.Rendering.RenderPipelineManager:DoRenderLoop_Internal (UnityEngine.Rendering.RenderPipelineAsset,intptr,UnityEngine.Object,Unity.Collections.LowLevel.Unsafe.AtomicSafetyHandle)

[./Library/PackageCache/com.unity.render-pipelines.universal@65a6875fdfbc/Runtime/UniversalRenderPipeline.cs line 891]

SetConstantBuffer: The current renderer does not support constant buffers. This call will have no effect.
UnityEngine.Debug:ExtractStackTraceNoAlloc (byte*,int,string)
UnityEngine.StackTraceUtility:ExtractStackTrace ()
UnityEngine.Rendering.ScriptableRenderContext:Submit ()
UnityEngine.Rendering.Universal.UniversalRenderPipeline:RenderSingleCamera (UnityEngine.Rendering.ScriptableRenderContext,UnityEngine.Rendering.Universal.UniversalCameraData) (at ./Library/PackageCache/com.unity.render-pipelines.universal@65a6875fdfbc/Runtime/UniversalRenderPipeline.cs:891)
UnityEngine.Rendering.Universal.UniversalRenderPipeline:RenderCameraStack (UnityEngine.Rendering.ScriptableRenderContext,UnityEngine.Camera,bool) (at ./Library/PackageCache/com.unity.render-pipelines.universal@65a6875fdfbc/Runtime/UniversalRenderPipeline.cs:1093)
UnityEngine.Rendering.Universal.UniversalRenderPipeline:Render (UnityEngine.Rendering.ScriptableRenderContext,System.Collections.Generic.List`1<UnityEngine.Camera>) (at ./Library/PackageCache/com.unity.render-pipelines.universal@65a6875fdfbc/Runtime/UniversalRenderPipeline.cs:470)
UnityEngine.Rendering.RenderPipeline:InternalRender (UnityEngine.Rendering.ScriptableRenderContext,System.Collections.Generic.List`1<UnityEngine.Camera>)
UnityEngine.Rendering.RenderPipelineManager:DoRenderLoop_Internal (UnityEngine.Rendering.RenderPipelineAsset,intptr,UnityEngine.Object,Unity.Collections.LowLevel.Unsafe.AtomicSafetyHandle)

[./Library/PackageCache/com.unity.render-pipelines.universal@65a6875fdfbc/Runtime/UniversalRenderPipeline.cs line 891]

RenderTexture.Create failed
UnityEngine.Debug:ExtractStackTraceNoAlloc (byte*,int,string)
UnityEngine.StackTraceUtility:ExtractStackTrace ()
UnityEngine.Rendering.ScriptableRenderContext:Submit ()
UnityEngine.Rendering.Universal.UniversalRenderPipeline:RenderSingleCamera (UnityEngine.Rendering.ScriptableRenderContext,UnityEngine.Rendering.Universal.UniversalCameraData) (at ./Library/PackageCache/com.unity.render-pipelines.universal@65a6875fdfbc/Runtime/UniversalRenderPipeline.cs:891)
UnityEngine.Rendering.Universal.UniversalRenderPipeline:RenderCameraStack (UnityEngine.Rendering.ScriptableRenderContext,UnityEngine.Camera,bool) (at ./Library/PackageCache/com.unity.render-pipelines.universal@65a6875fdfbc/Runtime/UniversalRenderPipeline.cs:1093)
UnityEngine.Rendering.Universal.UniversalRenderPipeline:Render (UnityEngine.Rendering.ScriptableRenderContext,System.Collections.Generic.List`1<UnityEngine.Camera>) (at ./Library/PackageCache/com.unity.render-pipelines.universal@65a6875fdfbc/Runtime/UniversalRenderPipeline.cs:470)
UnityEngine.Rendering.RenderPipeline:InternalRender (UnityEngine.Rendering.ScriptableRenderContext,System.Collections.Generic.List`1<UnityEngine.Camera>)
UnityEngine.Rendering.RenderPipelineManager:DoRenderLoop_Internal (UnityEngine.Rendering.RenderPipelineAsset,intptr,UnityEngine.Object,Unity.Collections.LowLevel.Unsafe.AtomicSafetyHandle)

[./Library/PackageCache/com.unity.render-pipelines.universal@65a6875fdfbc/Runtime/UniversalRenderPipeline.cs line 891]

RenderTexture.Create failed
UnityEngine.Debug:ExtractStackTraceNoAlloc (byte*,int,string)
UnityEngine.StackTraceUtility:ExtractStackTrace ()
UnityEngine.Rendering.ScriptableRenderContext:Submit ()
UnityEngine.Rendering.Universal.UniversalRenderPipeline:RenderSingleCamera (UnityEngine.Rendering.ScriptableRenderContext,UnityEngine.Rendering.Universal.UniversalCameraData) (at ./Library/PackageCache/com.unity.render-pipelines.universal@65a6875fdfbc/Runtime/UniversalRenderPipeline.cs:891)
UnityEngine.Rendering.Universal.UniversalRenderPipeline:RenderCameraStack (UnityEngine.Rendering.ScriptableRenderContext,UnityEngine.Camera,bool) (at ./Library/PackageCache/com.unity.render-pipelines.universal@65a6875fdfbc/Runtime/UniversalRenderPipeline.cs:1093)
UnityEngine.Rendering.Universal.UniversalRenderPipeline:Render (UnityEngine.Rendering.ScriptableRenderContext,System.Collections.Generic.List`1<UnityEngine.Camera>) (at ./Library/PackageCache/com.unity.render-pipelines.universal@65a6875fdfbc/Runtime/UniversalRenderPipeline.cs:470)
UnityEngine.Rendering.RenderPipeline:InternalRender (UnityEngine.Rendering.ScriptableRenderContext,System.Collections.Generic.List`1<UnityEngine.Camera>)
UnityEngine.Rendering.RenderPipelineManager:DoRenderLoop_Internal (UnityEngine.Rendering.RenderPipelineAsset,intptr,UnityEngine.Object,Unity.Collections.LowLevel.Unsafe.AtomicSafetyHandle)

[./Library/PackageCache/com.unity.render-pipelines.universal@65a6875fdfbc/Runtime/UniversalRenderPipeline.cs line 891]

RenderTexture.Create failed
UnityEngine.Debug:ExtractStackTraceNoAlloc (byte*,int,string)
UnityEngine.StackTraceUtility:ExtractStackTrace ()
UnityEngine.Rendering.ScriptableRenderContext:Submit ()
UnityEngine.Rendering.Universal.UniversalRenderPipeline:RenderSingleCamera (UnityEngine.Rendering.ScriptableRenderContext,UnityEngine.Rendering.Universal.UniversalCameraData) (at ./Library/PackageCache/com.unity.render-pipelines.universal@65a6875fdfbc/Runtime/UniversalRenderPipeline.cs:891)
UnityEngine.Rendering.Universal.UniversalRenderPipeline:RenderCameraStack (UnityEngine.Rendering.ScriptableRenderContext,UnityEngine.Camera,bool) (at ./Library/PackageCache/com.unity.render-pipelines.universal@65a6875fdfbc/Runtime/UniversalRenderPipeline.cs:1093)
UnityEngine.Rendering.Universal.UniversalRenderPipeline:Render (UnityEngine.Rendering.ScriptableRenderContext,System.Collections.Generic.List`1<UnityEngine.Camera>) (at ./Library/PackageCache/com.unity.render-pipelines.universal@65a6875fdfbc/Runtime/UniversalRenderPipeline.cs:470)
UnityEngine.Rendering.RenderPipeline:InternalRender (UnityEngine.Rendering.ScriptableRenderContext,System.Collections.Generic.List`1<UnityEngine.Camera>)
UnityEngine.Rendering.RenderPipelineManager:DoRenderLoop_Internal (UnityEngine.Rendering.RenderPipelineAsset,intptr,UnityEngine.Object,Unity.Collections.LowLevel.Unsafe.AtomicSafetyHandle)

[./Library/PackageCache/com.unity.render-pipelines.universal@65a6875fdfbc/Runtime/UniversalRenderPipeline.cs line 891]

DrawDepthNormalPrepass: Unable to find surface for attachment 0
UnityEngine.Debug:ExtractStackTraceNoAlloc (byte*,int,string)
UnityEngine.StackTraceUtility:ExtractStackTrace ()
UnityEngine.Rendering.ScriptableRenderContext:Submit ()
UnityEngine.Rendering.Universal.UniversalRenderPipeline:RenderSingleCamera (UnityEngine.Rendering.ScriptableRenderContext,UnityEngine.Rendering.Universal.UniversalCameraData) (at ./Library/PackageCache/com.unity.render-pipelines.universal@65a6875fdfbc/Runtime/UniversalRenderPipeline.cs:891)
UnityEngine.Rendering.Universal.UniversalRenderPipeline:RenderCameraStack (UnityEngine.Rendering.ScriptableRenderContext,UnityEngine.Camera,bool) (at ./Library/PackageCache/com.unity.render-pipelines.universal@65a6875fdfbc/Runtime/UniversalRenderPipeline.cs:1093)
UnityEngine.Rendering.Universal.UniversalRenderPipeline:Render (UnityEngine.Rendering.ScriptableRenderContext,System.Collections.Generic.List`1<UnityEngine.Camera>) (at ./Library/PackageCache/com.unity.render-pipelines.universal@65a6875fdfbc/Runtime/UniversalRenderPipeline.cs:470)
UnityEngine.Rendering.RenderPipeline:InternalRender (UnityEngine.Rendering.ScriptableRenderContext,System.Collections.Generic.List`1<UnityEngine.Camera>)
UnityEngine.Rendering.RenderPipelineManager:DoRenderLoop_Internal (UnityEngine.Rendering.RenderPipelineAsset,intptr,UnityEngine.Object,Unity.Collections.LowLevel.Unsafe.AtomicSafetyHandle)

[./Library/PackageCache/com.unity.render-pipelines.universal@65a6875fdfbc/Runtime/UniversalRenderPipeline.cs line 891]

EndRenderPass: Not inside a Renderpass
UnityEngine.Debug:ExtractStackTraceNoAlloc (byte*,int,string)
UnityEngine.StackTraceUtility:ExtractStackTrace ()
UnityEngine.Rendering.ScriptableRenderContext:Submit ()
UnityEngine.Rendering.Universal.UniversalRenderPipeline:RenderSingleCamera (UnityEngine.Rendering.ScriptableRenderContext,UnityEngine.Rendering.Universal.UniversalCameraData) (at ./Library/PackageCache/com.unity.render-pipelines.universal@65a6875fdfbc/Runtime/UniversalRenderPipeline.cs:891)
UnityEngine.Rendering.Universal.UniversalRenderPipeline:RenderCameraStack (UnityEngine.Rendering.ScriptableRenderContext,UnityEngine.Camera,bool) (at ./Library/PackageCache/com.unity.render-pipelines.universal@65a6875fdfbc/Runtime/UniversalRenderPipeline.cs:1093)
UnityEngine.Rendering.Universal.UniversalRenderPipeline:Render (UnityEngine.Rendering.ScriptableRenderContext,System.Collections.Generic.List`1<UnityEngine.Camera>) (at ./Library/PackageCache/com.unity.render-pipelines.universal@65a6875fdfbc/Runtime/UniversalRenderPipeline.cs:470)
UnityEngine.Rendering.RenderPipeline:InternalRender (UnityEngine.Rendering.ScriptableRenderContext,System.Collections.Generic.List`1<UnityEngine.Camera>)
UnityEngine.Rendering.RenderPipelineManager:DoRenderLoop_Internal (UnityEngine.Rendering.RenderPipelineAsset,intptr,UnityEngine.Object,Unity.Collections.LowLevel.Unsafe.AtomicSafetyHandle)

[./Library/PackageCache/com.unity.render-pipelines.universal@65a6875fdfbc/Runtime/UniversalRenderPipeline.cs line 891]

RenderTexture.Create failed
UnityEngine.Debug:ExtractStackTraceNoAlloc (byte*,int,string)
UnityEngine.StackTraceUtility:ExtractStackTrace ()
UnityEngine.Rendering.ScriptableRenderContext:Submit ()
UnityEngine.Rendering.Universal.UniversalRenderPipeline:RenderSingleCamera (UnityEngine.Rendering.ScriptableRenderContext,UnityEngine.Rendering.Universal.UniversalCameraData) (at ./Library/PackageCache/com.unity.render-pipelines.universal@65a6875fdfbc/Runtime/UniversalRenderPipeline.cs:891)
UnityEngine.Rendering.Universal.UniversalRenderPipeline:RenderCameraStack (UnityEngine.Rendering.ScriptableRenderContext,UnityEngine.Camera,bool) (at ./Library/PackageCache/com.unity.render-pipelines.universal@65a6875fdfbc/Runtime/UniversalRenderPipeline.cs:1093)
UnityEngine.Rendering.Universal.UniversalRenderPipeline:Render (UnityEngine.Rendering.ScriptableRenderContext,System.Collections.Generic.List`1<UnityEngine.Camera>) (at ./Library/PackageCache/com.unity.render-pipelines.universal@65a6875fdfbc/Runtime/UniversalRenderPipeline.cs:470)
UnityEngine.Rendering.RenderPipeline:InternalRender (UnityEngine.Rendering.ScriptableRenderContext,System.Collections.Generic.List`1<UnityEngine.Camera>)
UnityEngine.Rendering.RenderPipelineManager:DoRenderLoop_Internal (UnityEngine.Rendering.RenderPipelineAsset,intptr,UnityEngine.Object,Unity.Collections.LowLevel.Unsafe.AtomicSafetyHandle)

[./Library/PackageCache/com.unity.render-pipelines.universal@65a6875fdfbc/Runtime/UniversalRenderPipeline.cs line 891]

RenderTexture.Create failed
UnityEngine.Debug:ExtractStackTraceNoAlloc (byte*,int,string)
UnityEngine.StackTraceUtility:ExtractStackTrace ()
UnityEngine.Rendering.ScriptableRenderContext:Submit ()
UnityEngine.Rendering.Universal.UniversalRenderPipeline:RenderSingleCamera (UnityEngine.Rendering.ScriptableRenderContext,UnityEngine.Rendering.Universal.UniversalCameraData) (at ./Library/PackageCache/com.unity.render-pipelines.universal@65a6875fdfbc/Runtime/UniversalRenderPipeline.cs:891)
UnityEngine.Rendering.Universal.UniversalRenderPipeline:RenderCameraStack (UnityEngine.Rendering.ScriptableRenderContext,UnityEngine.Camera,bool) (at ./Library/PackageCache/com.unity.render-pipelines.universal@65a6875fdfbc/Runtime/UniversalRenderPipeline.cs:1093)
UnityEngine.Rendering.Universal.UniversalRenderPipeline:Render (UnityEngine.Rendering.ScriptableRenderContext,System.Collections.Generic.List`1<UnityEngine.Camera>) (at ./Library/PackageCache/com.unity.render-pipelines.universal@65a6875fdfbc/Runtime/UniversalRenderPipeline.cs:470)
UnityEngine.Rendering.RenderPipeline:InternalRender (UnityEngine.Rendering.ScriptableRenderContext,System.Collections.Generic.List`1<UnityEngine.Camera>)
UnityEngine.Rendering.RenderPipelineManager:DoRenderLoop_Internal (UnityEngine.Rendering.RenderPipelineAsset,intptr,UnityEngine.Object,Unity.Collections.LowLevel.Unsafe.AtomicSafetyHandle)

[./Library/PackageCache/com.unity.render-pipelines.universal@65a6875fdfbc/Runtime/UniversalRenderPipeline.cs line 891]

RenderTexture.Create failed
UnityEngine.Debug:ExtractStackTraceNoAlloc (byte*,int,string)
UnityEngine.StackTraceUtility:ExtractStackTrace ()
UnityEngine.Rendering.ScriptableRenderContext:Submit ()
UnityEngine.Rendering.Universal.UniversalRenderPipeline:RenderSingleCamera (UnityEngine.Rendering.ScriptableRenderContext,UnityEngine.Rendering.Universal.UniversalCameraData) (at ./Library/PackageCache/com.unity.render-pipelines.universal@65a6875fdfbc/Runtime/UniversalRenderPipeline.cs:891)
UnityEngine.Rendering.Universal.UniversalRenderPipeline:RenderCameraStack (UnityEngine.Rendering.ScriptableRenderContext,UnityEngine.Camera,bool) (at ./Library/PackageCache/com.unity.render-pipelines.universal@65a6875fdfbc/Runtime/UniversalRenderPipeline.cs:1093)
UnityEngine.Rendering.Universal.UniversalRenderPipeline:Render (UnityEngine.Rendering.ScriptableRenderContext,System.Collections.Generic.List`1<UnityEngine.Camera>) (at ./Library/PackageCache/com.unity.render-pipelines.universal@65a6875fdfbc/Runtime/UniversalRenderPipeline.cs:470)
UnityEngine.Rendering.RenderPipeline:InternalRender (UnityEngine.Rendering.ScriptableRenderContext,System.Collections.Generic.List`1<UnityEngine.Camera>)
UnityEngine.Rendering.RenderPipelineManager:DoRenderLoop_Internal (UnityEngine.Rendering.RenderPipelineAsset,intptr,UnityEngine.Object,Unity.Collections.LowLevel.Unsafe.AtomicSafetyHandle)

[./Library/PackageCache/com.unity.render-pipelines.universal@65a6875fdfbc/Runtime/UniversalRenderPipeline.cs line 891]

DrawOpaqueObjects: Unable to find surface for attachment 0
UnityEngine.Debug:ExtractStackTraceNoAlloc (byte*,int,string)
UnityEngine.StackTraceUtility:ExtractStackTrace ()
UnityEngine.Rendering.ScriptableRenderContext:Submit ()
UnityEngine.Rendering.Universal.UniversalRenderPipeline:RenderSingleCamera (UnityEngine.Rendering.ScriptableRenderContext,UnityEngine.Rendering.Universal.UniversalCameraData) (at ./Library/PackageCache/com.unity.render-pipelines.universal@65a6875fdfbc/Runtime/UniversalRenderPipeline.cs:891)
UnityEngine.Rendering.Universal.UniversalRenderPipeline:RenderCameraStack (UnityEngine.Rendering.ScriptableRenderContext,UnityEngine.Camera,bool) (at ./Library/PackageCache/com.unity.render-pipelines.universal@65a6875fdfbc/Runtime/UniversalRenderPipeline.cs:1093)
UnityEngine.Rendering.Universal.UniversalRenderPipeline:Render (UnityEngine.Rendering.ScriptableRenderContext,System.Collections.Generic.List`1<UnityEngine.Camera>) (at ./Library/PackageCache/com.unity.render-pipelines.universal@65a6875fdfbc/Runtime/UniversalRenderPipeline.cs:470)
UnityEngine.Rendering.RenderPipeline:InternalRender (UnityEngine.Rendering.ScriptableRenderContext,System.Collections.Generic.List`1<UnityEngine.Camera>)
UnityEngine.Rendering.RenderPipelineManager:DoRenderLoop_Internal (UnityEngine.Rendering.RenderPipelineAsset,intptr,UnityEngine.Object,Unity.Collections.LowLevel.Unsafe.AtomicSafetyHandle)

[./Library/PackageCache/com.unity.render-pipelines.universal@65a6875fdfbc/Runtime/UniversalRenderPipeline.cs line 891]

EndRenderPass: Not inside a Renderpass
UnityEngine.Debug:ExtractStackTraceNoAlloc (byte*,int,string)
UnityEngine.StackTraceUtility:ExtractStackTrace ()
UnityEngine.Rendering.ScriptableRenderContext:Submit ()
UnityEngine.Rendering.Universal.UniversalRenderPipeline:RenderSingleCamera (UnityEngine.Rendering.ScriptableRenderContext,UnityEngine.Rendering.Universal.UniversalCameraData) (at ./Library/PackageCache/com.unity.render-pipelines.universal@65a6875fdfbc/Runtime/UniversalRenderPipeline.cs:891)
UnityEngine.Rendering.Universal.UniversalRenderPipeline:RenderCameraStack (UnityEngine.Rendering.ScriptableRenderContext,UnityEngine.Camera,bool) (at ./Library/PackageCache/com.unity.render-pipelines.universal@65a6875fdfbc/Runtime/UniversalRenderPipeline.cs:1093)
UnityEngine.Rendering.Universal.UniversalRenderPipeline:Render (UnityEngine.Rendering.ScriptableRenderContext,System.Collections.Generic.List`1<UnityEngine.Camera>) (at ./Library/PackageCache/com.unity.render-pipelines.universal@65a6875fdfbc/Runtime/UniversalRenderPipeline.cs:470)
UnityEngine.Rendering.RenderPipeline:InternalRender (UnityEngine.Rendering.ScriptableRenderContext,System.Collections.Generic.List`1<UnityEngine.Camera>)
UnityEngine.Rendering.RenderPipelineManager:DoRenderLoop_Internal (UnityEngine.Rendering.RenderPipelineAsset,intptr,UnityEngine.Object,Unity.Collections.LowLevel.Unsafe.AtomicSafetyHandle)

[./Library/PackageCache/com.unity.render-pipelines.universal@65a6875fdfbc/Runtime/UniversalRenderPipeline.cs line 891]

RenderTexture.Create failed
UnityEngine.Debug:ExtractStackTraceNoAlloc (byte*,int,string)
UnityEngine.StackTraceUtility:ExtractStackTrace ()
UnityEngine.Rendering.ScriptableRenderContext:Submit ()
UnityEngine.Rendering.Universal.UniversalRenderPipeline:RenderSingleCamera (UnityEngine.Rendering.ScriptableRenderContext,UnityEngine.Rendering.Universal.UniversalCameraData) (at ./Library/PackageCache/com.unity.render-pipelines.universal@65a6875fdfbc/Runtime/UniversalRenderPipeline.cs:891)
UnityEngine.Rendering.Universal.UniversalRenderPipeline:RenderCameraStack (UnityEngine.Rendering.ScriptableRenderContext,UnityEngine.Camera,bool) (at ./Library/PackageCache/com.unity.render-pipelines.universal@65a6875fdfbc/Runtime/UniversalRenderPipeline.cs:1093)
UnityEngine.Rendering.Universal.UniversalRenderPipeline:Render (UnityEngine.Rendering.ScriptableRenderContext,System.Collections.Generic.List`1<UnityEngine.Camera>) (at ./Library/PackageCache/com.unity.render-pipelines.universal@65a6875fdfbc/Runtime/UniversalRenderPipeline.cs:470)
UnityEngine.Rendering.RenderPipeline:InternalRender (UnityEngine.Rendering.ScriptableRenderContext,System.Collections.Generic.List`1<UnityEngine.Camera>)
UnityEngine.Rendering.RenderPipelineManager:DoRenderLoop_Internal (UnityEngine.Rendering.RenderPipelineAsset,intptr,UnityEngine.Object,Unity.Collections.LowLevel.Unsafe.AtomicSafetyHandle)

[./Library/PackageCache/com.unity.render-pipelines.universal@65a6875fdfbc/Runtime/UniversalRenderPipeline.cs line 891]

RenderTexture.Create failed
UnityEngine.Debug:ExtractStackTraceNoAlloc (byte*,int,string)
UnityEngine.StackTraceUtility:ExtractStackTrace ()
UnityEngine.Rendering.ScriptableRenderContext:Submit ()
UnityEngine.Rendering.Universal.UniversalRenderPipeline:RenderSingleCamera (UnityEngine.Rendering.ScriptableRenderContext,UnityEngine.Rendering.Universal.UniversalCameraData) (at ./Library/PackageCache/com.unity.render-pipelines.universal@65a6875fdfbc/Runtime/UniversalRenderPipeline.cs:891)
UnityEngine.Rendering.Universal.UniversalRenderPipeline:RenderCameraStack (UnityEngine.Rendering.ScriptableRenderContext,UnityEngine.Camera,bool) (at ./Library/PackageCache/com.unity.render-pipelines.universal@65a6875fdfbc/Runtime/UniversalRenderPipeline.cs:1093)
UnityEngine.Rendering.Universal.UniversalRenderPipeline:Render (UnityEngine.Rendering.ScriptableRenderContext,System.Collections.Generic.List`1<UnityEngine.Camera>) (at ./Library/PackageCache/com.unity.render-pipelines.universal@65a6875fdfbc/Runtime/UniversalRenderPipeline.cs:470)
UnityEngine.Rendering.RenderPipeline:InternalRender (UnityEngine.Rendering.ScriptableRenderContext,System.Collections.Generic.List`1<UnityEngine.Camera>)
UnityEngine.Rendering.RenderPipelineManager:DoRenderLoop_Internal (UnityEngine.Rendering.RenderPipelineAsset,intptr,UnityEngine.Object,Unity.Collections.LowLevel.Unsafe.AtomicSafetyHandle)

[./Library/PackageCache/com.unity.render-pipelines.universal@65a6875fdfbc/Runtime/UniversalRenderPipeline.cs line 891]

RenderTexture.Create failed
UnityEngine.Debug:ExtractStackTraceNoAlloc (byte*,int,string)
UnityEngine.StackTraceUtility:ExtractStackTrace ()
UnityEngine.Rendering.ScriptableRenderContext:Submit ()
UnityEngine.Rendering.Universal.UniversalRenderPipeline:RenderSingleCamera (UnityEngine.Rendering.ScriptableRenderContext,UnityEngine.Rendering.Universal.UniversalCameraData) (at ./Library/PackageCache/com.unity.render-pipelines.universal@65a6875fdfbc/Runtime/UniversalRenderPipeline.cs:891)
UnityEngine.Rendering.Universal.UniversalRenderPipeline:RenderCameraStack (UnityEngine.Rendering.ScriptableRenderContext,UnityEngine.Camera,bool) (at ./Library/PackageCache/com.unity.render-pipelines.universal@65a6875fdfbc/Runtime/UniversalRenderPipeline.cs:1093)
UnityEngine.Rendering.Universal.UniversalRenderPipeline:Render (UnityEngine.Rendering.ScriptableRenderContext,System.Collections.Generic.List`1<UnityEngine.Camera>) (at ./Library/PackageCache/com.unity.render-pipelines.universal@65a6875fdfbc/Runtime/UniversalRenderPipeline.cs:470)
UnityEngine.Rendering.RenderPipeline:InternalRender (UnityEngine.Rendering.ScriptableRenderContext,System.Collections.Generic.List`1<UnityEngine.Camera>)
UnityEngine.Rendering.RenderPipelineManager:DoRenderLoop_Internal (UnityEngine.Rendering.RenderPipelineAsset,intptr,UnityEngine.Object,Unity.Collections.LowLevel.Unsafe.AtomicSafetyHandle)

[./Library/PackageCache/com.unity.render-pipelines.universal@65a6875fdfbc/Runtime/UniversalRenderPipeline.cs line 891]

DrawTransparentObjects: Unable to find surface for attachment 0
UnityEngine.Debug:ExtractStackTraceNoAlloc (byte*,int,string)
UnityEngine.StackTraceUtility:ExtractStackTrace ()
UnityEngine.Rendering.ScriptableRenderContext:Submit ()
UnityEngine.Rendering.Universal.UniversalRenderPipeline:RenderSingleCamera (UnityEngine.Rendering.ScriptableRenderContext,UnityEngine.Rendering.Universal.UniversalCameraData) (at ./Library/PackageCache/com.unity.render-pipelines.universal@65a6875fdfbc/Runtime/UniversalRenderPipeline.cs:891)
UnityEngine.Rendering.Universal.UniversalRenderPipeline:RenderCameraStack (UnityEngine.Rendering.ScriptableRenderContext,UnityEngine.Camera,bool) (at ./Library/PackageCache/com.unity.render-pipelines.universal@65a6875fdfbc/Runtime/UniversalRenderPipeline.cs:1093)
UnityEngine.Rendering.Universal.UniversalRenderPipeline:Render (UnityEngine.Rendering.ScriptableRenderContext,System.Collections.Generic.List`1<UnityEngine.Camera>) (at ./Library/PackageCache/com.unity.render-pipelines.universal@65a6875fdfbc/Runtime/UniversalRenderPipeline.cs:470)
UnityEngine.Rendering.RenderPipeline:InternalRender (UnityEngine.Rendering.ScriptableRenderContext,System.Collections.Generic.List`1<UnityEngine.Camera>)
UnityEngine.Rendering.RenderPipelineManager:DoRenderLoop_Internal (UnityEngine.Rendering.RenderPipelineAsset,intptr,UnityEngine.Object,Unity.Collections.LowLevel.Unsafe.AtomicSafetyHandle)

[./Library/PackageCache/com.unity.render-pipelines.universal@65a6875fdfbc/Runtime/UniversalRenderPipeline.cs line 891]

EndRenderPass: Not inside a Renderpass
UnityEngine.Debug:ExtractStackTraceNoAlloc (byte*,int,string)
UnityEngine.StackTraceUtility:ExtractStackTrace ()
UnityEngine.Rendering.ScriptableRenderContext:Submit ()
UnityEngine.Rendering.Universal.UniversalRenderPipeline:RenderSingleCamera (UnityEngine.Rendering.ScriptableRenderContext,UnityEngine.Rendering.Universal.UniversalCameraData) (at ./Library/PackageCache/com.unity.render-pipelines.universal@65a6875fdfbc/Runtime/UniversalRenderPipeline.cs:891)
UnityEngine.Rendering.Universal.UniversalRenderPipeline:RenderCameraStack (UnityEngine.Rendering.ScriptableRenderContext,UnityEngine.Camera,bool) (at ./Library/PackageCache/com.unity.render-pipelines.universal@65a6875fdfbc/Runtime/UniversalRenderPipeline.cs:1093)
UnityEngine.Rendering.Universal.UniversalRenderPipeline:Render (UnityEngine.Rendering.ScriptableRenderContext,System.Collections.Generic.List`1<UnityEngine.Camera>) (at ./Library/PackageCache/com.unity.render-pipelines.universal@65a6875fdfbc/Runtime/UniversalRenderPipeline.cs:470)
UnityEngine.Rendering.RenderPipeline:InternalRender (UnityEngine.Rendering.ScriptableRenderContext,System.Collections.Generic.List`1<UnityEngine.Camera>)
UnityEngine.Rendering.RenderPipelineManager:DoRenderLoop_Internal (UnityEngine.Rendering.RenderPipelineAsset,intptr,UnityEngine.Object,Unity.Collections.LowLevel.Unsafe.AtomicSafetyHandle)

[./Library/PackageCache/com.unity.render-pipelines.universal@65a6875fdfbc/Runtime/UniversalRenderPipeline.cs line 891]

SetConstantBuffer: The current renderer does not support constant buffers. This call will have no effect.
UnityEngine.Debug:ExtractStackTraceNoAlloc (byte*,int,string)
UnityEngine.StackTraceUtility:ExtractStackTrace ()
UnityEngine.Rendering.ScriptableRenderContext:Submit ()
UnityEngine.Rendering.Universal.UniversalRenderPipeline:RenderSingleCamera (UnityEngine.Rendering.ScriptableRenderContext,UnityEngine.Rendering.Universal.UniversalCameraData) (at ./Library/PackageCache/com.unity.render-pipelines.universal@65a6875fdfbc/Runtime/UniversalRenderPipeline.cs:891)
UnityEngine.Rendering.Universal.UniversalRenderPipeline:RenderCameraStack (UnityEngine.Rendering.ScriptableRenderContext,UnityEngine.Camera,bool) (at ./Library/PackageCache/com.unity.render-pipelines.universal@65a6875fdfbc/Runtime/UniversalRenderPipeline.cs:1093)
UnityEngine.Rendering.Universal.UniversalRenderPipeline:Render (UnityEngine.Rendering.ScriptableRenderContext,System.Collections.Generic.List`1<UnityEngine.Camera>) (at ./Library/PackageCache/com.unity.render-pipelines.universal@65a6875fdfbc/Runtime/UniversalRenderPipeline.cs:470)
UnityEngine.Rendering.RenderPipeline:InternalRender (UnityEngine.Rendering.ScriptableRenderContext,System.Collections.Generic.List`1<UnityEngine.Camera>)
UnityEngine.Rendering.RenderPipelineManager:DoRenderLoop_Internal (UnityEngine.Rendering.RenderPipelineAsset,intptr,UnityEngine.Object,Unity.Collections.LowLevel.Unsafe.AtomicSafetyHandle)

[./Library/PackageCache/com.unity.render-pipelines.universal@65a6875fdfbc/Runtime/UniversalRenderPipeline.cs line 891]

SetConstantBuffer: The current renderer does not support constant buffers. This call will have no effect.
UnityEngine.Debug:ExtractStackTraceNoAlloc (byte*,int,string)
UnityEngine.StackTraceUtility:ExtractStackTrace ()
UnityEngine.Rendering.ScriptableRenderContext:Submit ()
UnityEngine.Rendering.Universal.UniversalRenderPipeline:RenderSingleCamera (UnityEngine.Rendering.ScriptableRenderContext,UnityEngine.Rendering.Universal.UniversalCameraData) (at ./Library/PackageCache/com.unity.render-pipelines.universal@65a6875fdfbc/Runtime/UniversalRenderPipeline.cs:891)
UnityEngine.Rendering.Universal.UniversalRenderPipeline:RenderCameraStack (UnityEngine.Rendering.ScriptableRenderContext,UnityEngine.Camera,bool) (at ./Library/PackageCache/com.unity.render-pipelines.universal@65a6875fdfbc/Runtime/UniversalRenderPipeline.cs:1093)
UnityEngine.Rendering.Universal.UniversalRenderPipeline:Render (UnityEngine.Rendering.ScriptableRenderContext,System.Collections.Generic.List`1<UnityEngine.Camera>) (at ./Library/PackageCache/com.unity.render-pipelines.universal@65a6875fdfbc/Runtime/UniversalRenderPipeline.cs:470)
UnityEngine.Rendering.RenderPipeline:InternalRender (UnityEngine.Rendering.ScriptableRenderContext,System.Collections.Generic.List`1<UnityEngine.Camera>)
UnityEngine.Rendering.RenderPipelineManager:DoRenderLoop_Internal (UnityEngine.Rendering.RenderPipelineAsset,intptr,UnityEngine.Object,Unity.Collections.LowLevel.Unsafe.AtomicSafetyHandle)

[./Library/PackageCache/com.unity.render-pipelines.universal@65a6875fdfbc/Runtime/UniversalRenderPipeline.cs line 891]

RenderTexture.Create failed
UnityEngine.Debug:ExtractStackTraceNoAlloc (byte*,int,string)
UnityEngine.StackTraceUtility:ExtractStackTrace ()
UnityEngine.Rendering.ScriptableRenderContext:Submit ()
UnityEngine.Rendering.Universal.UniversalRenderPipeline:RenderSingleCamera (UnityEngine.Rendering.ScriptableRenderContext,UnityEngine.Rendering.Universal.UniversalCameraData) (at ./Library/PackageCache/com.unity.render-pipelines.universal@65a6875fdfbc/Runtime/UniversalRenderPipeline.cs:891)
UnityEngine.Rendering.Universal.UniversalRenderPipeline:RenderCameraStack (UnityEngine.Rendering.ScriptableRenderContext,UnityEngine.Camera,bool) (at ./Library/PackageCache/com.unity.render-pipelines.universal@65a6875fdfbc/Runtime/UniversalRenderPipeline.cs:1093)
UnityEngine.Rendering.Universal.UniversalRenderPipeline:Render (UnityEngine.Rendering.ScriptableRenderContext,System.Collections.Generic.List`1<UnityEngine.Camera>) (at ./Library/PackageCache/com.unity.render-pipelines.universal@65a6875fdfbc/Runtime/UniversalRenderPipeline.cs:470)
UnityEngine.Rendering.RenderPipeline:InternalRender (UnityEngine.Rendering.ScriptableRenderContext,System.Collections.Generic.List`1<UnityEngine.Camera>)
UnityEngine.Rendering.RenderPipelineManager:DoRenderLoop_Internal (UnityEngine.Rendering.RenderPipelineAsset,intptr,UnityEngine.Object,Unity.Collections.LowLevel.Unsafe.AtomicSafetyHandle)

[./Library/PackageCache/com.unity.render-pipelines.universal@65a6875fdfbc/Runtime/UniversalRenderPipeline.cs line 891]

RenderTexture.Create failed
UnityEngine.Debug:ExtractStackTraceNoAlloc (byte*,int,string)
UnityEngine.StackTraceUtility:ExtractStackTrace ()
UnityEngine.Rendering.ScriptableRenderContext:Submit ()
UnityEngine.Rendering.Universal.UniversalRenderPipeline:RenderSingleCamera (UnityEngine.Rendering.ScriptableRenderContext,UnityEngine.Rendering.Universal.UniversalCameraData) (at ./Library/PackageCache/com.unity.render-pipelines.universal@65a6875fdfbc/Runtime/UniversalRenderPipeline.cs:891)
UnityEngine.Rendering.Universal.UniversalRenderPipeline:RenderCameraStack (UnityEngine.Rendering.ScriptableRenderContext,UnityEngine.Camera,bool) (at ./Library/PackageCache/com.unity.render-pipelines.universal@65a6875fdfbc/Runtime/UniversalRenderPipeline.cs:1093)
UnityEngine.Rendering.Universal.UniversalRenderPipeline:Render (UnityEngine.Rendering.ScriptableRenderContext,System.Collections.Generic.List`1<UnityEngine.Camera>) (at ./Library/PackageCache/com.unity.render-pipelines.universal@65a6875fdfbc/Runtime/UniversalRenderPipeline.cs:470)
UnityEngine.Rendering.RenderPipeline:InternalRender (UnityEngine.Rendering.ScriptableRenderContext,System.Collections.Generic.List`1<UnityEngine.Camera>)
UnityEngine.Rendering.RenderPipelineManager:DoRenderLoop_Internal (UnityEngine.Rendering.RenderPipelineAsset,intptr,UnityEngine.Object,Unity.Collections.LowLevel.Unsafe.AtomicSafetyHandle)

[./Library/PackageCache/com.unity.render-pipelines.universal@65a6875fdfbc/Runtime/UniversalRenderPipeline.cs line 891]

RenderTexture.Create failed
UnityEngine.Debug:ExtractStackTraceNoAlloc (byte*,int,string)
UnityEngine.StackTraceUtility:ExtractStackTrace ()
UnityEngine.Rendering.ScriptableRenderContext:Submit ()
UnityEngine.Rendering.Universal.UniversalRenderPipeline:RenderSingleCamera (UnityEngine.Rendering.ScriptableRenderContext,UnityEngine.Rendering.Universal.UniversalCameraData) (at ./Library/PackageCache/com.unity.render-pipelines.universal@65a6875fdfbc/Runtime/UniversalRenderPipeline.cs:891)
UnityEngine.Rendering.Universal.UniversalRenderPipeline:RenderCameraStack (UnityEngine.Rendering.ScriptableRenderContext,UnityEngine.Camera,bool) (at ./Library/PackageCache/com.unity.render-pipelines.universal@65a6875fdfbc/Runtime/UniversalRenderPipeline.cs:1093)
UnityEngine.Rendering.Universal.UniversalRenderPipeline:Render (UnityEngine.Rendering.ScriptableRenderContext,System.Collections.Generic.List`1<UnityEngine.Camera>) (at ./Library/PackageCache/com.unity.render-pipelines.universal@65a6875fdfbc/Runtime/UniversalRenderPipeline.cs:470)
UnityEngine.Rendering.RenderPipeline:InternalRender (UnityEngine.Rendering.ScriptableRenderContext,System.Collections.Generic.List`1<UnityEngine.Camera>)
UnityEngine.Rendering.RenderPipelineManager:DoRenderLoop_Internal (UnityEngine.Rendering.RenderPipelineAsset,intptr,UnityEngine.Object,Unity.Collections.LowLevel.Unsafe.AtomicSafetyHandle)

[./Library/PackageCache/com.unity.render-pipelines.universal@65a6875fdfbc/Runtime/UniversalRenderPipeline.cs line 891]

DrawDepthNormalPrepass: Unable to find surface for attachment 0
UnityEngine.Debug:ExtractStackTraceNoAlloc (byte*,int,string)
UnityEngine.StackTraceUtility:ExtractStackTrace ()
UnityEngine.Rendering.ScriptableRenderContext:Submit ()
UnityEngine.Rendering.Universal.UniversalRenderPipeline:RenderSingleCamera (UnityEngine.Rendering.ScriptableRenderContext,UnityEngine.Rendering.Universal.UniversalCameraData) (at ./Library/PackageCache/com.unity.render-pipelines.universal@65a6875fdfbc/Runtime/UniversalRenderPipeline.cs:891)
UnityEngine.Rendering.Universal.UniversalRenderPipeline:RenderCameraStack (UnityEngine.Rendering.ScriptableRenderContext,UnityEngine.Camera,bool) (at ./Library/PackageCache/com.unity.render-pipelines.universal@65a6875fdfbc/Runtime/UniversalRenderPipeline.cs:1093)
UnityEngine.Rendering.Universal.UniversalRenderPipeline:Render (UnityEngine.Rendering.ScriptableRenderContext,System.Collections.Generic.List`1<UnityEngine.Camera>) (at ./Library/PackageCache/com.unity.render-pipelines.universal@65a6875fdfbc/Runtime/UniversalRenderPipeline.cs:470)
UnityEngine.Rendering.RenderPipeline:InternalRender (UnityEngine.Rendering.ScriptableRenderContext,System.Collections.Generic.List`1<UnityEngine.Camera>)
UnityEngine.Rendering.RenderPipelineManager:DoRenderLoop_Internal (UnityEngine.Rendering.RenderPipelineAsset,intptr,UnityEngine.Object,Unity.Collections.LowLevel.Unsafe.AtomicSafetyHandle)

[./Library/PackageCache/com.unity.render-pipelines.universal@65a6875fdfbc/Runtime/UniversalRenderPipeline.cs line 891]

EndRenderPass: Not inside a Renderpass
UnityEngine.Debug:ExtractStackTraceNoAlloc (byte*,int,string)
UnityEngine.StackTraceUtility:ExtractStackTrace ()
UnityEngine.Rendering.ScriptableRenderContext:Submit ()
UnityEngine.Rendering.Universal.UniversalRenderPipeline:RenderSingleCamera (UnityEngine.Rendering.ScriptableRenderContext,UnityEngine.Rendering.Universal.UniversalCameraData) (at ./Library/PackageCache/com.unity.render-pipelines.universal@65a6875fdfbc/Runtime/UniversalRenderPipeline.cs:891)
UnityEngine.Rendering.Universal.UniversalRenderPipeline:RenderCameraStack (UnityEngine.Rendering.ScriptableRenderContext,UnityEngine.Camera,bool) (at ./Library/PackageCache/com.unity.render-pipelines.universal@65a6875fdfbc/Runtime/UniversalRenderPipeline.cs:1093)
UnityEngine.Rendering.Universal.UniversalRenderPipeline:Render (UnityEngine.Rendering.ScriptableRenderContext,System.Collections.Generic.List`1<UnityEngine.Camera>) (at ./Library/PackageCache/com.unity.render-pipelines.universal@65a6875fdfbc/Runtime/UniversalRenderPipeline.cs:470)
UnityEngine.Rendering.RenderPipeline:InternalRender (UnityEngine.Rendering.ScriptableRenderContext,System.Collections.Generic.List`1<UnityEngine.Camera>)
UnityEngine.Rendering.RenderPipelineManager:DoRenderLoop_Internal (UnityEngine.Rendering.RenderPipelineAsset,intptr,UnityEngine.Object,Unity.Collections.LowLevel.Unsafe.AtomicSafetyHandle)

[./Library/PackageCache/com.unity.render-pipelines.universal@65a6875fdfbc/Runtime/UniversalRenderPipeline.cs line 891]

RenderTexture.Create failed
UnityEngine.Debug:ExtractStackTraceNoAlloc (byte*,int,string)
UnityEngine.StackTraceUtility:ExtractStackTrace ()
UnityEngine.Rendering.ScriptableRenderContext:Submit ()
UnityEngine.Rendering.Universal.UniversalRenderPipeline:RenderSingleCamera (UnityEngine.Rendering.ScriptableRenderContext,UnityEngine.Rendering.Universal.UniversalCameraData) (at ./Library/PackageCache/com.unity.render-pipelines.universal@65a6875fdfbc/Runtime/UniversalRenderPipeline.cs:891)
UnityEngine.Rendering.Universal.UniversalRenderPipeline:RenderCameraStack (UnityEngine.Rendering.ScriptableRenderContext,UnityEngine.Camera,bool) (at ./Library/PackageCache/com.unity.render-pipelines.universal@65a6875fdfbc/Runtime/UniversalRenderPipeline.cs:1093)
UnityEngine.Rendering.Universal.UniversalRenderPipeline:Render (UnityEngine.Rendering.ScriptableRenderContext,System.Collections.Generic.List`1<UnityEngine.Camera>) (at ./Library/PackageCache/com.unity.render-pipelines.universal@65a6875fdfbc/Runtime/UniversalRenderPipeline.cs:470)
UnityEngine.Rendering.RenderPipeline:InternalRender (UnityEngine.Rendering.ScriptableRenderContext,System.Collections.Generic.List`1<UnityEngine.Camera>)
UnityEngine.Rendering.RenderPipelineManager:DoRenderLoop_Internal (UnityEngine.Rendering.RenderPipelineAsset,intptr,UnityEngine.Object,Unity.Collections.LowLevel.Unsafe.AtomicSafetyHandle)

[./Library/PackageCache/com.unity.render-pipelines.universal@65a6875fdfbc/Runtime/UniversalRenderPipeline.cs line 891]

RenderTexture.Create failed
UnityEngine.Debug:ExtractStackTraceNoAlloc (byte*,int,string)
UnityEngine.StackTraceUtility:ExtractStackTrace ()
UnityEngine.Rendering.ScriptableRenderContext:Submit ()
UnityEngine.Rendering.Universal.UniversalRenderPipeline:RenderSingleCamera (UnityEngine.Rendering.ScriptableRenderContext,UnityEngine.Rendering.Universal.UniversalCameraData) (at ./Library/PackageCache/com.unity.render-pipelines.universal@65a6875fdfbc/Runtime/UniversalRenderPipeline.cs:891)
UnityEngine.Rendering.Universal.UniversalRenderPipeline:RenderCameraStack (UnityEngine.Rendering.ScriptableRenderContext,UnityEngine.Camera,bool) (at ./Library/PackageCache/com.unity.render-pipelines.universal@65a6875fdfbc/Runtime/UniversalRenderPipeline.cs:1093)
UnityEngine.Rendering.Universal.UniversalRenderPipeline:Render (UnityEngine.Rendering.ScriptableRenderContext,System.Collections.Generic.List`1<UnityEngine.Camera>) (at ./Library/PackageCache/com.unity.render-pipelines.universal@65a6875fdfbc/Runtime/UniversalRenderPipeline.cs:470)
UnityEngine.Rendering.RenderPipeline:InternalRender (UnityEngine.Rendering.ScriptableRenderContext,System.Collections.Generic.List`1<UnityEngine.Camera>)
UnityEngine.Rendering.RenderPipelineManager:DoRenderLoop_Internal (UnityEngine.Rendering.RenderPipelineAsset,intptr,UnityEngine.Object,Unity.Collections.LowLevel.Unsafe.AtomicSafetyHandle)

[./Library/PackageCache/com.unity.render-pipelines.universal@65a6875fdfbc/Runtime/UniversalRenderPipeline.cs line 891]

RenderTexture.Create failed
UnityEngine.Debug:ExtractStackTraceNoAlloc (byte*,int,string)
UnityEngine.StackTraceUtility:ExtractStackTrace ()
UnityEngine.Rendering.ScriptableRenderContext:Submit ()
UnityEngine.Rendering.Universal.UniversalRenderPipeline:RenderSingleCamera (UnityEngine.Rendering.ScriptableRenderContext,UnityEngine.Rendering.Universal.UniversalCameraData) (at ./Library/PackageCache/com.unity.render-pipelines.universal@65a6875fdfbc/Runtime/UniversalRenderPipeline.cs:891)
UnityEngine.Rendering.Universal.UniversalRenderPipeline:RenderCameraStack (UnityEngine.Rendering.ScriptableRenderContext,UnityEngine.Camera,bool) (at ./Library/PackageCache/com.unity.render-pipelines.universal@65a6875fdfbc/Runtime/UniversalRenderPipeline.cs:1093)
UnityEngine.Rendering.Universal.UniversalRenderPipeline:Render (UnityEngine.Rendering.ScriptableRenderContext,System.Collections.Generic.List`1<UnityEngine.Camera>) (at ./Library/PackageCache/com.unity.render-pipelines.universal@65a6875fdfbc/Runtime/UniversalRenderPipeline.cs:470)
UnityEngine.Rendering.RenderPipeline:InternalRender (UnityEngine.Rendering.ScriptableRenderContext,System.Collections.Generic.List`1<UnityEngine.Camera>)
UnityEngine.Rendering.RenderPipelineManager:DoRenderLoop_Internal (UnityEngine.Rendering.RenderPipelineAsset,intptr,UnityEngine.Object,Unity.Collections.LowLevel.Unsafe.AtomicSafetyHandle)

[./Library/PackageCache/com.unity.render-pipelines.universal@65a6875fdfbc/Runtime/UniversalRenderPipeline.cs line 891]

DrawOpaqueObjects: Unable to find surface for attachment 0
UnityEngine.Debug:ExtractStackTraceNoAlloc (byte*,int,string)
UnityEngine.StackTraceUtility:ExtractStackTrace ()
UnityEngine.Rendering.ScriptableRenderContext:Submit ()
UnityEngine.Rendering.Universal.UniversalRenderPipeline:RenderSingleCamera (UnityEngine.Rendering.ScriptableRenderContext,UnityEngine.Rendering.Universal.UniversalCameraData) (at ./Library/PackageCache/com.unity.render-pipelines.universal@65a6875fdfbc/Runtime/UniversalRenderPipeline.cs:891)
UnityEngine.Rendering.Universal.UniversalRenderPipeline:RenderCameraStack (UnityEngine.Rendering.ScriptableRenderContext,UnityEngine.Camera,bool) (at ./Library/PackageCache/com.unity.render-pipelines.universal@65a6875fdfbc/Runtime/UniversalRenderPipeline.cs:1093)
UnityEngine.Rendering.Universal.UniversalRenderPipeline:Render (UnityEngine.Rendering.ScriptableRenderContext,System.Collections.Generic.List`1<UnityEngine.Camera>) (at ./Library/PackageCache/com.unity.render-pipelines.universal@65a6875fdfbc/Runtime/UniversalRenderPipeline.cs:470)
UnityEngine.Rendering.RenderPipeline:InternalRender (UnityEngine.Rendering.ScriptableRenderContext,System.Collections.Generic.List`1<UnityEngine.Camera>)
UnityEngine.Rendering.RenderPipelineManager:DoRenderLoop_Internal (UnityEngine.Rendering.RenderPipelineAsset,intptr,UnityEngine.Object,Unity.Collections.LowLevel.Unsafe.AtomicSafetyHandle)

[./Library/PackageCache/com.unity.render-pipelines.universal@65a6875fdfbc/Runtime/UniversalRenderPipeline.cs line 891]

EndRenderPass: Not inside a Renderpass
UnityEngine.Debug:ExtractStackTraceNoAlloc (byte*,int,string)
UnityEngine.StackTraceUtility:ExtractStackTrace ()
UnityEngine.Rendering.ScriptableRenderContext:Submit ()
UnityEngine.Rendering.Universal.UniversalRenderPipeline:RenderSingleCamera (UnityEngine.Rendering.ScriptableRenderContext,UnityEngine.Rendering.Universal.UniversalCameraData) (at ./Library/PackageCache/com.unity.render-pipelines.universal@65a6875fdfbc/Runtime/UniversalRenderPipeline.cs:891)
UnityEngine.Rendering.Universal.UniversalRenderPipeline:RenderCameraStack (UnityEngine.Rendering.ScriptableRenderContext,UnityEngine.Camera,bool) (at ./Library/PackageCache/com.unity.render-pipelines.universal@65a6875fdfbc/Runtime/UniversalRenderPipeline.cs:1093)
UnityEngine.Rendering.Universal.UniversalRenderPipeline:Render (UnityEngine.Rendering.ScriptableRenderContext,System.Collections.Generic.List`1<UnityEngine.Camera>) (at ./Library/PackageCache/com.unity.render-pipelines.universal@65a6875fdfbc/Runtime/UniversalRenderPipeline.cs:470)
UnityEngine.Rendering.RenderPipeline:InternalRender (UnityEngine.Rendering.ScriptableRenderContext,System.Collections.Generic.List`1<UnityEngine.Camera>)
UnityEngine.Rendering.RenderPipelineManager:DoRenderLoop_Internal (UnityEngine.Rendering.RenderPipelineAsset,intptr,UnityEngine.Object,Unity.Collections.LowLevel.Unsafe.AtomicSafetyHandle)

[./Library/PackageCache/com.unity.render-pipelines.universal@65a6875fdfbc/Runtime/UniversalRenderPipeline.cs line 891]

RenderTexture.Create failed
UnityEngine.Debug:ExtractStackTraceNoAlloc (byte*,int,string)
UnityEngine.StackTraceUtility:ExtractStackTrace ()
UnityEngine.Rendering.ScriptableRenderContext:Submit ()
UnityEngine.Rendering.Universal.UniversalRenderPipeline:RenderSingleCamera (UnityEngine.Rendering.ScriptableRenderContext,UnityEngine.Rendering.Universal.UniversalCameraData) (at ./Library/PackageCache/com.unity.render-pipelines.universal@65a6875fdfbc/Runtime/UniversalRenderPipeline.cs:891)
UnityEngine.Rendering.Universal.UniversalRenderPipeline:RenderCameraStack (UnityEngine.Rendering.ScriptableRenderContext,UnityEngine.Camera,bool) (at ./Library/PackageCache/com.unity.render-pipelines.universal@65a6875fdfbc/Runtime/UniversalRenderPipeline.cs:1093)
UnityEngine.Rendering.Universal.UniversalRenderPipeline:Render (UnityEngine.Rendering.ScriptableRenderContext,System.Collections.Generic.List`1<UnityEngine.Camera>) (at ./Library/PackageCache/com.unity.render-pipelines.universal@65a6875fdfbc/Runtime/UniversalRenderPipeline.cs:470)
UnityEngine.Rendering.RenderPipeline:InternalRender (UnityEngine.Rendering.ScriptableRenderContext,System.Collections.Generic.List`1<UnityEngine.Camera>)
UnityEngine.Rendering.RenderPipelineManager:DoRenderLoop_Internal (UnityEngine.Rendering.RenderPipelineAsset,intptr,UnityEngine.Object,Unity.Collections.LowLevel.Unsafe.AtomicSafetyHandle)

[./Library/PackageCache/com.unity.render-pipelines.universal@65a6875fdfbc/Runtime/UniversalRenderPipeline.cs line 891]

RenderTexture.Create failed
UnityEngine.Debug:ExtractStackTraceNoAlloc (byte*,int,string)
UnityEngine.StackTraceUtility:ExtractStackTrace ()
UnityEngine.Rendering.ScriptableRenderContext:Submit ()
UnityEngine.Rendering.Universal.UniversalRenderPipeline:RenderSingleCamera (UnityEngine.Rendering.ScriptableRenderContext,UnityEngine.Rendering.Universal.UniversalCameraData) (at ./Library/PackageCache/com.unity.render-pipelines.universal@65a6875fdfbc/Runtime/UniversalRenderPipeline.cs:891)
UnityEngine.Rendering.Universal.UniversalRenderPipeline:RenderCameraStack (UnityEngine.Rendering.ScriptableRenderContext,UnityEngine.Camera,bool) (at ./Library/PackageCache/com.unity.render-pipelines.universal@65a6875fdfbc/Runtime/UniversalRenderPipeline.cs:1093)
UnityEngine.Rendering.Universal.UniversalRenderPipeline:Render (UnityEngine.Rendering.ScriptableRenderContext,System.Collections.Generic.List`1<UnityEngine.Camera>) (at ./Library/PackageCache/com.unity.render-pipelines.universal@65a6875fdfbc/Runtime/UniversalRenderPipeline.cs:470)
UnityEngine.Rendering.RenderPipeline:InternalRender (UnityEngine.Rendering.ScriptableRenderContext,System.Collections.Generic.List`1<UnityEngine.Camera>)
UnityEngine.Rendering.RenderPipelineManager:DoRenderLoop_Internal (UnityEngine.Rendering.RenderPipelineAsset,intptr,UnityEngine.Object,Unity.Collections.LowLevel.Unsafe.AtomicSafetyHandle)

[./Library/PackageCache/com.unity.render-pipelines.universal@65a6875fdfbc/Runtime/UniversalRenderPipeline.cs line 891]

RenderTexture.Create failed
UnityEngine.Debug:ExtractStackTraceNoAlloc (byte*,int,string)
UnityEngine.StackTraceUtility:ExtractStackTrace ()
UnityEngine.Rendering.ScriptableRenderContext:Submit ()
UnityEngine.Rendering.Universal.UniversalRenderPipeline:RenderSingleCamera (UnityEngine.Rendering.ScriptableRenderContext,UnityEngine.Rendering.Universal.UniversalCameraData) (at ./Library/PackageCache/com.unity.render-pipelines.universal@65a6875fdfbc/Runtime/UniversalRenderPipeline.cs:891)
UnityEngine.Rendering.Universal.UniversalRenderPipeline:RenderCameraStack (UnityEngine.Rendering.ScriptableRenderContext,UnityEngine.Camera,bool) (at ./Library/PackageCache/com.unity.render-pipelines.universal@65a6875fdfbc/Runtime/UniversalRenderPipeline.cs:1093)
UnityEngine.Rendering.Universal.UniversalRenderPipeline:Render (UnityEngine.Rendering.ScriptableRenderContext,System.Collections.Generic.List`1<UnityEngine.Camera>) (at ./Library/PackageCache/com.unity.render-pipelines.universal@65a6875fdfbc/Runtime/UniversalRenderPipeline.cs:470)
UnityEngine.Rendering.RenderPipeline:InternalRender (UnityEngine.Rendering.ScriptableRenderContext,System.Collections.Generic.List`1<UnityEngine.Camera>)
UnityEngine.Rendering.RenderPipelineManager:DoRenderLoop_Internal (UnityEngine.Rendering.RenderPipelineAsset,intptr,UnityEngine.Object,Unity.Collections.LowLevel.Unsafe.AtomicSafetyHandle)

[./Library/PackageCache/com.unity.render-pipelines.universal@65a6875fdfbc/Runtime/UniversalRenderPipeline.cs line 891]

DrawTransparentObjects: Unable to find surface for attachment 0
UnityEngine.Debug:ExtractStackTraceNoAlloc (byte*,int,string)
UnityEngine.StackTraceUtility:ExtractStackTrace ()
UnityEngine.Rendering.ScriptableRenderContext:Submit ()
UnityEngine.Rendering.Universal.UniversalRenderPipeline:RenderSingleCamera (UnityEngine.Rendering.ScriptableRenderContext,UnityEngine.Rendering.Universal.UniversalCameraData) (at ./Library/PackageCache/com.unity.render-pipelines.universal@65a6875fdfbc/Runtime/UniversalRenderPipeline.cs:891)
UnityEngine.Rendering.Universal.UniversalRenderPipeline:RenderCameraStack (UnityEngine.Rendering.ScriptableRenderContext,UnityEngine.Camera,bool) (at ./Library/PackageCache/com.unity.render-pipelines.universal@65a6875fdfbc/Runtime/UniversalRenderPipeline.cs:1093)
UnityEngine.Rendering.Universal.UniversalRenderPipeline:Render (UnityEngine.Rendering.ScriptableRenderContext,System.Collections.Generic.List`1<UnityEngine.Camera>) (at ./Library/PackageCache/com.unity.render-pipelines.universal@65a6875fdfbc/Runtime/UniversalRenderPipeline.cs:470)
UnityEngine.Rendering.RenderPipeline:InternalRender (UnityEngine.Rendering.ScriptableRenderContext,System.Collections.Generic.List`1<UnityEngine.Camera>)
UnityEngine.Rendering.RenderPipelineManager:DoRenderLoop_Internal (UnityEngine.Rendering.RenderPipelineAsset,intptr,UnityEngine.Object,Unity.Collections.LowLevel.Unsafe.AtomicSafetyHandle)

[./Library/PackageCache/com.unity.render-pipelines.universal@65a6875fdfbc/Runtime/UniversalRenderPipeline.cs line 891]

EndRenderPass: Not inside a Renderpass
UnityEngine.Debug:ExtractStackTraceNoAlloc (byte*,int,string)
UnityEngine.StackTraceUtility:ExtractStackTrace ()
UnityEngine.Rendering.ScriptableRenderContext:Submit ()
UnityEngine.Rendering.Universal.UniversalRenderPipeline:RenderSingleCamera (UnityEngine.Rendering.ScriptableRenderContext,UnityEngine.Rendering.Universal.UniversalCameraData) (at ./Library/PackageCache/com.unity.render-pipelines.universal@65a6875fdfbc/Runtime/UniversalRenderPipeline.cs:891)
UnityEngine.Rendering.Universal.UniversalRenderPipeline:RenderCameraStack (UnityEngine.Rendering.ScriptableRenderContext,UnityEngine.Camera,bool) (at ./Library/PackageCache/com.unity.render-pipelines.universal@65a6875fdfbc/Runtime/UniversalRenderPipeline.cs:1093)
UnityEngine.Rendering.Universal.UniversalRenderPipeline:Render (UnityEngine.Rendering.ScriptableRenderContext,System.Collections.Generic.List`1<UnityEngine.Camera>) (at ./Library/PackageCache/com.unity.render-pipelines.universal@65a6875fdfbc/Runtime/UniversalRenderPipeline.cs:470)
UnityEngine.Rendering.RenderPipeline:InternalRender (UnityEngine.Rendering.ScriptableRenderContext,System.Collections.Generic.List`1<UnityEngine.Camera>)
UnityEngine.Rendering.RenderPipelineManager:DoRenderLoop_Internal (UnityEngine.Rendering.RenderPipelineAsset,intptr,UnityEngine.Object,Unity.Collections.LowLevel.Unsafe.AtomicSafetyHandle)

[./Library/PackageCache/com.unity.render-pipelines.universal@65a6875fdfbc/Runtime/UniversalRenderPipeline.cs line 891]

[IA01 Planning] Planejador: prioridade=75 recomendacao=Ampliar moradia em lotes residenciais validos. | Execucao protegida: diretores atuais mantidos.
UnityEngine.Debug:ExtractStackTraceNoAlloc (byte*,int,string)
UnityEngine.StackTraceUtility:ExtractStackTrace ()
UnityEngine.DebugLogHandler:Internal_Log (UnityEngine.LogType,UnityEngine.LogOption,string,UnityEngine.Object)
UnityEngine.DebugLogHandler:LogFormat (UnityEngine.LogType,UnityEngine.Object,string,object[])
UnityEngine.Logger:Log (UnityEngine.LogType,object)
UnityEngine.Debug:Log (object)
Hegemonia.AI.IA01.IA01PlanningAdvisor:Refresh (single,DadosPaisGoverno,bool) (at Assets/scripts/IA01/IA01PlanningAdvisor.cs:129)
Hegemonia.AI.IA01.IA01NationRuntime:Execute (single,int,bool,single) (at Assets/scripts/IA01/IA01NationRuntime.cs:250)
Hegemonia.AI.IA01.IA01Controller:ExecuteSlice (Hegemonia.AI.IA01.IA01WorkBudget) (at Assets/scripts/IA01/IA01Controller.cs:580)
Hegemonia.AI.IA01.IA01Manager:ExecuteTick (single,single,single) (at Assets/scripts/IA01/IA01Manager.cs:359)
Hegemonia.AI.IA01.IA01Manager:ExecutarTickGlobal (single) (at Assets/scripts/IA01/IA01Manager.cs:273)
Hegemonia.RTS.OrquestradorGlobalSimulacao:ExecutarCamada (Hegemonia.RTS.CamadaSimulacao,single,single,bool) (at Assets/scripts/RTS/OrquestradorGlobalSimulacao.cs:379)
Hegemonia.RTS.OrquestradorGlobalSimulacao:Update () (at Assets/scripts/RTS/OrquestradorGlobalSimulacao.cs:236)

(Filename: Assets/scripts/IA01/IA01PlanningAdvisor.cs Line: 129)

SetConstantBuffer: The current renderer does not support constant buffers. This call will have no effect.
UnityEngine.Debug:ExtractStackTraceNoAlloc (byte*,int,string)
UnityEngine.StackTraceUtility:ExtractStackTrace ()
UnityEngine.Rendering.ScriptableRenderContext:Submit ()
UnityEngine.Rendering.Universal.UniversalRenderPipeline:RenderSingleCamera (UnityEngine.Rendering.ScriptableRenderContext,UnityEngine.Rendering.Universal.UniversalCameraData) (at ./Library/PackageCache/com.unity.render-pipelines.universal@65a6875fdfbc/Runtime/UniversalRenderPipeline.cs:891)
UnityEngine.Rendering.Universal.UniversalRenderPipeline:RenderCameraStack (UnityEngine.Rendering.ScriptableRenderContext,UnityEngine.Camera,bool) (at ./Library/PackageCache/com.unity.render-pipelines.universal@65a6875fdfbc/Runtime/UniversalRenderPipeline.cs:1093)
UnityEngine.Rendering.Universal.UniversalRenderPipeline:Render (UnityEngine.Rendering.ScriptableRenderContext,System.Collections.Generic.List`1<UnityEngine.Camera>) (at ./Library/PackageCache/com.unity.render-pipelines.universal@65a6875fdfbc/Runtime/UniversalRenderPipeline.cs:470)
UnityEngine.Rendering.RenderPipeline:InternalRender (UnityEngine.Rendering.ScriptableRenderContext,System.Collections.Generic.List`1<UnityEngine.Camera>)
UnityEngine.Rendering.RenderPipelineManager:DoRenderLoop_Internal (UnityEngine.Rendering.RenderPipelineAsset,intptr,UnityEngine.Object,Unity.Collections.LowLevel.Unsafe.AtomicSafetyHandle)

[./Library/PackageCache/com.unity.render-pipelines.universal@65a6875fdfbc/Runtime/UniversalRenderPipeline.cs line 891]

SetConstantBuffer: The current renderer does not support constant buffers. This call will have no effect.
UnityEngine.Debug:ExtractStackTraceNoAlloc (byte*,int,string)
UnityEngine.StackTraceUtility:ExtractStackTrace ()
UnityEngine.Rendering.ScriptableRenderContext:Submit ()
UnityEngine.Rendering.Universal.UniversalRenderPipeline:RenderSingleCamera (UnityEngine.Rendering.ScriptableRenderContext,UnityEngine.Rendering.Universal.UniversalCameraData) (at ./Library/PackageCache/com.unity.render-pipelines.universal@65a6875fdfbc/Runtime/UniversalRenderPipeline.cs:891)
UnityEngine.Rendering.Universal.UniversalRenderPipeline:RenderCameraStack (UnityEngine.Rendering.ScriptableRenderContext,UnityEngine.Camera,bool) (at ./Library/PackageCache/com.unity.render-pipelines.universal@65a6875fdfbc/Runtime/UniversalRenderPipeline.cs:1093)
UnityEngine.Rendering.Universal.UniversalRenderPipeline:Render (UnityEngine.Rendering.ScriptableRenderContext,System.Collections.Generic.List`1<UnityEngine.Camera>) (at ./Library/PackageCache/com.unity.render-pipelines.universal@65a6875fdfbc/Runtime/UniversalRenderPipeline.cs:470)
UnityEngine.Rendering.RenderPipeline:InternalRender (UnityEngine.Rendering.ScriptableRenderContext,System.Collections.Generic.List`1<UnityEngine.Camera>)
UnityEngine.Rendering.RenderPipelineManager:DoRenderLoop_Internal (UnityEngine.Rendering.RenderPipelineAsset,intptr,UnityEngine.Object,Unity.Collections.LowLevel.Unsafe.AtomicSafetyHandle)

[./Library/PackageCache/com.unity.render-pipelines.universal@65a6875fdfbc/Runtime/UniversalRenderPipeline.cs line 891]

RenderTexture.Create failed
UnityEngine.Debug:ExtractStackTraceNoAlloc (byte*,int,string)
UnityEngine.StackTraceUtility:ExtractStackTrace ()
UnityEngine.Rendering.ScriptableRenderContext:Submit ()
UnityEngine.Rendering.Universal.UniversalRenderPipeline:RenderSingleCamera (UnityEngine.Rendering.ScriptableRenderContext,UnityEngine.Rendering.Universal.UniversalCameraData) (at ./Library/PackageCache/com.unity.render-pipelines.universal@65a6875fdfbc/Runtime/UniversalRenderPipeline.cs:891)
UnityEngine.Rendering.Universal.UniversalRenderPipeline:RenderCameraStack (UnityEngine.Rendering.ScriptableRenderContext,UnityEngine.Camera,bool) (at ./Library/PackageCache/com.unity.render-pipelines.universal@65a6875fdfbc/Runtime/UniversalRenderPipeline.cs:1093)
UnityEngine.Rendering.Universal.UniversalRenderPipeline:Render (UnityEngine.Rendering.ScriptableRenderContext,System.Collections.Generic.List`1<UnityEngine.Camera>) (at ./Library/PackageCache/com.unity.render-pipelines.universal@65a6875fdfbc/Runtime/UniversalRenderPipeline.cs:470)
UnityEngine.Rendering.RenderPipeline:InternalRender (UnityEngine.Rendering.ScriptableRenderContext,System.Collections.Generic.List`1<UnityEngine.Camera>)
UnityEngine.Rendering.RenderPipelineManager:DoRenderLoop_Internal (UnityEngine.Rendering.RenderPipelineAsset,intptr,UnityEngine.Object,Unity.Collections.LowLevel.Unsafe.AtomicSafetyHandle)

[./Library/PackageCache/com.unity.render-pipelines.universal@65a6875fdfbc/Runtime/UniversalRenderPipeline.cs line 891]

RenderTexture.Create failed
UnityEngine.Debug:ExtractStackTraceNoAlloc (byte*,int,string)
UnityEngine.StackTraceUtility:ExtractStackTrace ()
UnityEngine.Rendering.ScriptableRenderContext:Submit ()
UnityEngine.Rendering.Universal.UniversalRenderPipeline:RenderSingleCamera (UnityEngine.Rendering.ScriptableRenderContext,UnityEngine.Rendering.Universal.UniversalCameraData) (at ./Library/PackageCache/com.unity.render-pipelines.universal@65a6875fdfbc/Runtime/UniversalRenderPipeline.cs:891)
UnityEngine.Rendering.Universal.UniversalRenderPipeline:RenderCameraStack (UnityEngine.Rendering.ScriptableRenderContext,UnityEngine.Camera,bool) (at ./Library/PackageCache/com.unity.render-pipelines.universal@65a6875fdfbc/Runtime/UniversalRenderPipeline.cs:1093)
UnityEngine.Rendering.Universal.UniversalRenderPipeline:Render (UnityEngine.Rendering.ScriptableRenderContext,System.Collections.Generic.List`1<UnityEngine.Camera>) (at ./Library/PackageCache/com.unity.render-pipelines.universal@65a6875fdfbc/Runtime/UniversalRenderPipeline.cs:470)
UnityEngine.Rendering.RenderPipeline:InternalRender (UnityEngine.Rendering.ScriptableRenderContext,System.Collections.Generic.List`1<UnityEngine.Camera>)
UnityEngine.Rendering.RenderPipelineManager:DoRenderLoop_Internal (UnityEngine.Rendering.RenderPipelineAsset,intptr,UnityEngine.Object,Unity.Collections.LowLevel.Unsafe.AtomicSafetyHandle)

[./Library/PackageCache/com.unity.render-pipelines.universal@65a6875fdfbc/Runtime/UniversalRenderPipeline.cs line 891]

RenderTexture.Create failed
UnityEngine.Debug:ExtractStackTraceNoAlloc (byte*,int,string)
UnityEngine.StackTraceUtility:ExtractStackTrace ()
UnityEngine.Rendering.ScriptableRenderContext:Submit ()
UnityEngine.Rendering.Universal.UniversalRenderPipeline:RenderSingleCamera (UnityEngine.Rendering.ScriptableRenderContext,UnityEngine.Rendering.Universal.UniversalCameraData) (at ./Library/PackageCache/com.unity.render-pipelines.universal@65a6875fdfbc/Runtime/UniversalRenderPipeline.cs:891)
UnityEngine.Rendering.Universal.UniversalRenderPipeline:RenderCameraStack (UnityEngine.Rendering.ScriptableRenderContext,UnityEngine.Camera,bool) (at ./Library/PackageCache/com.unity.render-pipelines.universal@65a6875fdfbc/Runtime/UniversalRenderPipeline.cs:1093)
UnityEngine.Rendering.Universal.UniversalRenderPipeline:Render (UnityEngine.Rendering.ScriptableRenderContext,System.Collections.Generic.List`1<UnityEngine.Camera>) (at ./Library/PackageCache/com.unity.render-pipelines.universal@65a6875fdfbc/Runtime/UniversalRenderPipeline.cs:470)
UnityEngine.Rendering.RenderPipeline:InternalRender (UnityEngine.Rendering.ScriptableRenderContext,System.Collections.Generic.List`1<UnityEngine.Camera>)
UnityEngine.Rendering.RenderPipelineManager:DoRenderLoop_Internal (UnityEngine.Rendering.RenderPipelineAsset,intptr,UnityEngine.Object,Unity.Collections.LowLevel.Unsafe.AtomicSafetyHandle)

[./Library/PackageCache/com.unity.render-pipelines.universal@65a6875fdfbc/Runtime/UniversalRenderPipeline.cs line 891]

DrawDepthNormalPrepass: Unable to find surface for attachment 0
UnityEngine.Debug:ExtractStackTraceNoAlloc (byte*,int,string)
UnityEngine.StackTraceUtility:ExtractStackTrace ()
UnityEngine.Rendering.ScriptableRenderContext:Submit ()
UnityEngine.Rendering.Universal.UniversalRenderPipeline:RenderSingleCamera (UnityEngine.Rendering.ScriptableRenderContext,UnityEngine.Rendering.Universal.UniversalCameraData) (at ./Library/PackageCache/com.unity.render-pipelines.universal@65a6875fdfbc/Runtime/UniversalRenderPipeline.cs:891)
UnityEngine.Rendering.Universal.UniversalRenderPipeline:RenderCameraStack (UnityEngine.Rendering.ScriptableRenderContext,UnityEngine.Camera,bool) (at ./Library/PackageCache/com.unity.render-pipelines.universal@65a6875fdfbc/Runtime/UniversalRenderPipeline.cs:1093)
UnityEngine.Rendering.Universal.UniversalRenderPipeline:Render (UnityEngine.Rendering.ScriptableRenderContext,System.Collections.Generic.List`1<UnityEngine.Camera>) (at ./Library/PackageCache/com.unity.render-pipelines.universal@65a6875fdfbc/Runtime/UniversalRenderPipeline.cs:470)
UnityEngine.Rendering.RenderPipeline:InternalRender (UnityEngine.Rendering.ScriptableRenderContext,System.Collections.Generic.List`1<UnityEngine.Camera>)
UnityEngine.Rendering.RenderPipelineManager:DoRenderLoop_Internal (UnityEngine.Rendering.RenderPipelineAsset,intptr,UnityEngine.Object,Unity.Collections.LowLevel.Unsafe.AtomicSafetyHandle)

[./Library/PackageCache/com.unity.render-pipelines.universal@65a6875fdfbc/Runtime/UniversalRenderPipeline.cs line 891]

EndRenderPass: Not inside a Renderpass
UnityEngine.Debug:ExtractStackTraceNoAlloc (byte*,int,string)
UnityEngine.StackTraceUtility:ExtractStackTrace ()
UnityEngine.Rendering.ScriptableRenderContext:Submit ()
UnityEngine.Rendering.Universal.UniversalRenderPipeline:RenderSingleCamera (UnityEngine.Rendering.ScriptableRenderContext,UnityEngine.Rendering.Universal.UniversalCameraData) (at ./Library/PackageCache/com.unity.render-pipelines.universal@65a6875fdfbc/Runtime/UniversalRenderPipeline.cs:891)
UnityEngine.Rendering.Universal.UniversalRenderPipeline:RenderCameraStack (UnityEngine.Rendering.ScriptableRenderContext,UnityEngine.Camera,bool) (at ./Library/PackageCache/com.unity.render-pipelines.universal@65a6875fdfbc/Runtime/UniversalRenderPipeline.cs:1093)
UnityEngine.Rendering.Universal.UniversalRenderPipeline:Render (UnityEngine.Rendering.ScriptableRenderContext,System.Collections.Generic.List`1<UnityEngine.Camera>) (at ./Library/PackageCache/com.unity.render-pipelines.universal@65a6875fdfbc/Runtime/UniversalRenderPipeline.cs:470)
UnityEngine.Rendering.RenderPipeline:InternalRender (UnityEngine.Rendering.ScriptableRenderContext,System.Collections.Generic.List`1<UnityEngine.Camera>)
UnityEngine.Rendering.RenderPipelineManager:DoRenderLoop_Internal (UnityEngine.Rendering.RenderPipelineAsset,intptr,UnityEngine.Object,Unity.Collections.LowLevel.Unsafe.AtomicSafetyHandle)

[./Library/PackageCache/com.unity.render-pipelines.universal@65a6875fdfbc/Runtime/UniversalRenderPipeline.cs line 891]

RenderTexture.Create failed
UnityEngine.Debug:ExtractStackTraceNoAlloc (byte*,int,string)
UnityEngine.StackTraceUtility:ExtractStackTrace ()
UnityEngine.Rendering.ScriptableRenderContext:Submit ()
UnityEngine.Rendering.Universal.UniversalRenderPipeline:RenderSingleCamera (UnityEngine.Rendering.ScriptableRenderContext,UnityEngine.Rendering.Universal.UniversalCameraData) (at ./Library/PackageCache/com.unity.render-pipelines.universal@65a6875fdfbc/Runtime/UniversalRenderPipeline.cs:891)
UnityEngine.Rendering.Universal.UniversalRenderPipeline:RenderCameraStack (UnityEngine.Rendering.ScriptableRenderContext,UnityEngine.Camera,bool) (at ./Library/PackageCache/com.unity.render-pipelines.universal@65a6875fdfbc/Runtime/UniversalRenderPipeline.cs:1093)
UnityEngine.Rendering.Universal.UniversalRenderPipeline:Render (UnityEngine.Rendering.ScriptableRenderContext,System.Collections.Generic.List`1<UnityEngine.Camera>) (at ./Library/PackageCache/com.unity.render-pipelines.universal@65a6875fdfbc/Runtime/UniversalRenderPipeline.cs:470)
UnityEngine.Rendering.RenderPipeline:InternalRender (UnityEngine.Rendering.ScriptableRenderContext,System.Collections.Generic.List`1<UnityEngine.Camera>)
UnityEngine.Rendering.RenderPipelineManager:DoRenderLoop_Internal (UnityEngine.Rendering.RenderPipelineAsset,intptr,UnityEngine.Object,Unity.Collections.LowLevel.Unsafe.AtomicSafetyHandle)

[./Library/PackageCache/com.unity.render-pipelines.universal@65a6875fdfbc/Runtime/UniversalRenderPipeline.cs line 891]

RenderTexture.Create failed
UnityEngine.Debug:ExtractStackTraceNoAlloc (byte*,int,string)
UnityEngine.StackTraceUtility:ExtractStackTrace ()
UnityEngine.Rendering.ScriptableRenderContext:Submit ()
UnityEngine.Rendering.Universal.UniversalRenderPipeline:RenderSingleCamera (UnityEngine.Rendering.ScriptableRenderContext,UnityEngine.Rendering.Universal.UniversalCameraData) (at ./Library/PackageCache/com.unity.render-pipelines.universal@65a6875fdfbc/Runtime/UniversalRenderPipeline.cs:891)
UnityEngine.Rendering.Universal.UniversalRenderPipeline:RenderCameraStack (UnityEngine.Rendering.ScriptableRenderContext,UnityEngine.Camera,bool) (at ./Library/PackageCache/com.unity.render-pipelines.universal@65a6875fdfbc/Runtime/UniversalRenderPipeline.cs:1093)
UnityEngine.Rendering.Universal.UniversalRenderPipeline:Render (UnityEngine.Rendering.ScriptableRenderContext,System.Collections.Generic.List`1<UnityEngine.Camera>) (at ./Library/PackageCache/com.unity.render-pipelines.universal@65a6875fdfbc/Runtime/UniversalRenderPipeline.cs:470)
UnityEngine.Rendering.RenderPipeline:InternalRender (UnityEngine.Rendering.ScriptableRenderContext,System.Collections.Generic.List`1<UnityEngine.Camera>)
UnityEngine.Rendering.RenderPipelineManager:DoRenderLoop_Internal (UnityEngine.Rendering.RenderPipelineAsset,intptr,UnityEngine.Object,Unity.Collections.LowLevel.Unsafe.AtomicSafetyHandle)

[./Library/PackageCache/com.unity.render-pipelines.universal@65a6875fdfbc/Runtime/UniversalRenderPipeline.cs line 891]

RenderTexture.Create failed
UnityEngine.Debug:ExtractStackTraceNoAlloc (byte*,int,string)
UnityEngine.StackTraceUtility:ExtractStackTrace ()
UnityEngine.Rendering.ScriptableRenderContext:Submit ()
UnityEngine.Rendering.Universal.UniversalRenderPipeline:RenderSingleCamera (UnityEngine.Rendering.ScriptableRenderContext,UnityEngine.Rendering.Universal.UniversalCameraData) (at ./Library/PackageCache/com.unity.render-pipelines.universal@65a6875fdfbc/Runtime/UniversalRenderPipeline.cs:891)
UnityEngine.Rendering.Universal.UniversalRenderPipeline:RenderCameraStack (UnityEngine.Rendering.ScriptableRenderContext,UnityEngine.Camera,bool) (at ./Library/PackageCache/com.unity.render-pipelines.universal@65a6875fdfbc/Runtime/UniversalRenderPipeline.cs:1093)
UnityEngine.Rendering.Universal.UniversalRenderPipeline:Render (UnityEngine.Rendering.ScriptableRenderContext,System.Collections.Generic.List`1<UnityEngine.Camera>) (at ./Library/PackageCache/com.unity.render-pipelines.universal@65a6875fdfbc/Runtime/UniversalRenderPipeline.cs:470)
UnityEngine.Rendering.RenderPipeline:InternalRender (UnityEngine.Rendering.ScriptableRenderContext,System.Collections.Generic.List`1<UnityEngine.Camera>)
UnityEngine.Rendering.RenderPipelineManager:DoRenderLoop_Internal (UnityEngine.Rendering.RenderPipelineAsset,intptr,UnityEngine.Object,Unity.Collections.LowLevel.Unsafe.AtomicSafetyHandle)

[./Library/PackageCache/com.unity.render-pipelines.universal@65a6875fdfbc/Runtime/UniversalRenderPipeline.cs line 891]

DrawOpaqueObjects: Unable to find surface for attachment 0
UnityEngine.Debug:ExtractStackTraceNoAlloc (byte*,int,string)
UnityEngine.StackTraceUtility:ExtractStackTrace ()
UnityEngine.Rendering.ScriptableRenderContext:Submit ()
UnityEngine.Rendering.Universal.UniversalRenderPipeline:RenderSingleCamera (UnityEngine.Rendering.ScriptableRenderContext,UnityEngine.Rendering.Universal.UniversalCameraData) (at ./Library/PackageCache/com.unity.render-pipelines.universal@65a6875fdfbc/Runtime/UniversalRenderPipeline.cs:891)
UnityEngine.Rendering.Universal.UniversalRenderPipeline:RenderCameraStack (UnityEngine.Rendering.ScriptableRenderContext,UnityEngine.Camera,bool) (at ./Library/PackageCache/com.unity.render-pipelines.universal@65a6875fdfbc/Runtime/UniversalRenderPipeline.cs:1093)
UnityEngine.Rendering.Universal.UniversalRenderPipeline:Render (UnityEngine.Rendering.ScriptableRenderContext,System.Collections.Generic.List`1<UnityEngine.Camera>) (at ./Library/PackageCache/com.unity.render-pipelines.universal@65a6875fdfbc/Runtime/UniversalRenderPipeline.cs:470)
UnityEngine.Rendering.RenderPipeline:InternalRender (UnityEngine.Rendering.ScriptableRenderContext,System.Collections.Generic.List`1<UnityEngine.Camera>)
UnityEngine.Rendering.RenderPipelineManager:DoRenderLoop_Internal (UnityEngine.Rendering.RenderPipelineAsset,intptr,UnityEngine.Object,Unity.Collections.LowLevel.Unsafe.AtomicSafetyHandle)

[./Library/PackageCache/com.unity.render-pipelines.universal@65a6875fdfbc/Runtime/UniversalRenderPipeline.cs line 891]

EndRenderPass: Not inside a Renderpass
UnityEngine.Debug:ExtractStackTraceNoAlloc (byte*,int,string)
UnityEngine.StackTraceUtility:ExtractStackTrace ()
UnityEngine.Rendering.ScriptableRenderContext:Submit ()
UnityEngine.Rendering.Universal.UniversalRenderPipeline:RenderSingleCamera (UnityEngine.Rendering.ScriptableRenderContext,UnityEngine.Rendering.Universal.UniversalCameraData) (at ./Library/PackageCache/com.unity.render-pipelines.universal@65a6875fdfbc/Runtime/UniversalRenderPipeline.cs:891)
UnityEngine.Rendering.Universal.UniversalRenderPipeline:RenderCameraStack (UnityEngine.Rendering.ScriptableRenderContext,UnityEngine.Camera,bool) (at ./Library/PackageCache/com.unity.render-pipelines.universal@65a6875fdfbc/Runtime/UniversalRenderPipeline.cs:1093)
UnityEngine.Rendering.Universal.UniversalRenderPipeline:Render (UnityEngine.Rendering.ScriptableRenderContext,System.Collections.Generic.List`1<UnityEngine.Camera>) (at ./Library/PackageCache/com.unity.render-pipelines.universal@65a6875fdfbc/Runtime/UniversalRenderPipeline.cs:470)
UnityEngine.Rendering.RenderPipeline:InternalRender (UnityEngine.Rendering.ScriptableRenderContext,System.Collections.Generic.List`1<UnityEngine.Camera>)
UnityEngine.Rendering.RenderPipelineManager:DoRenderLoop_Internal (UnityEngine.Rendering.RenderPipelineAsset,intptr,UnityEngine.Object,Unity.Collections.LowLevel.Unsafe.AtomicSafetyHandle)

[./Library/PackageCache/com.unity.render-pipelines.universal@65a6875fdfbc/Runtime/UniversalRenderPipeline.cs line 891]

RenderTexture.Create failed
UnityEngine.Debug:ExtractStackTraceNoAlloc (byte*,int,string)
UnityEngine.StackTraceUtility:ExtractStackTrace ()
UnityEngine.Rendering.ScriptableRenderContext:Submit ()
UnityEngine.Rendering.Universal.UniversalRenderPipeline:RenderSingleCamera (UnityEngine.Rendering.ScriptableRenderContext,UnityEngine.Rendering.Universal.UniversalCameraData) (at ./Library/PackageCache/com.unity.render-pipelines.universal@65a6875fdfbc/Runtime/UniversalRenderPipeline.cs:891)
UnityEngine.Rendering.Universal.UniversalRenderPipeline:RenderCameraStack (UnityEngine.Rendering.ScriptableRenderContext,UnityEngine.Camera,bool) (at ./Library/PackageCache/com.unity.render-pipelines.universal@65a6875fdfbc/Runtime/UniversalRenderPipeline.cs:1093)
UnityEngine.Rendering.Universal.UniversalRenderPipeline:Render (UnityEngine.Rendering.ScriptableRenderContext,System.Collections.Generic.List`1<UnityEngine.Camera>) (at ./Library/PackageCache/com.unity.render-pipelines.universal@65a6875fdfbc/Runtime/UniversalRenderPipeline.cs:470)
UnityEngine.Rendering.RenderPipeline:InternalRender (UnityEngine.Rendering.ScriptableRenderContext,System.Collections.Generic.List`1<UnityEngine.Camera>)
UnityEngine.Rendering.RenderPipelineManager:DoRenderLoop_Internal (UnityEngine.Rendering.RenderPipelineAsset,intptr,UnityEngine.Object,Unity.Collections.LowLevel.Unsafe.AtomicSafetyHandle)

[./Library/PackageCache/com.unity.render-pipelines.universal@65a6875fdfbc/Runtime/UniversalRenderPipeline.cs line 891]

RenderTexture.Create failed
UnityEngine.Debug:ExtractStackTraceNoAlloc (byte*,int,string)
UnityEngine.StackTraceUtility:ExtractStackTrace ()
UnityEngine.Rendering.ScriptableRenderContext:Submit ()
UnityEngine.Rendering.Universal.UniversalRenderPipeline:RenderSingleCamera (UnityEngine.Rendering.ScriptableRenderContext,UnityEngine.Rendering.Universal.UniversalCameraData) (at ./Library/PackageCache/com.unity.render-pipelines.universal@65a6875fdfbc/Runtime/UniversalRenderPipeline.cs:891)
UnityEngine.Rendering.Universal.UniversalRenderPipeline:RenderCameraStack (UnityEngine.Rendering.ScriptableRenderContext,UnityEngine.Camera,bool) (at ./Library/PackageCache/com.unity.render-pipelines.universal@65a6875fdfbc/Runtime/UniversalRenderPipeline.cs:1093)
UnityEngine.Rendering.Universal.UniversalRenderPipeline:Render (UnityEngine.Rendering.ScriptableRenderContext,System.Collections.Generic.List`1<UnityEngine.Camera>) (at ./Library/PackageCache/com.unity.render-pipelines.universal@65a6875fdfbc/Runtime/UniversalRenderPipeline.cs:470)
UnityEngine.Rendering.RenderPipeline:InternalRender (UnityEngine.Rendering.ScriptableRenderContext,System.Collections.Generic.List`1<UnityEngine.Camera>)
UnityEngine.Rendering.RenderPipelineManager:DoRenderLoop_Internal (UnityEngine.Rendering.RenderPipelineAsset,intptr,UnityEngine.Object,Unity.Collections.LowLevel.Unsafe.AtomicSafetyHandle)

[./Library/PackageCache/com.unity.render-pipelines.universal@65a6875fdfbc/Runtime/UniversalRenderPipeline.cs line 891]

RenderTexture.Create failed
UnityEngine.Debug:ExtractStackTraceNoAlloc (byte*,int,string)
UnityEngine.StackTraceUtility:ExtractStackTrace ()
UnityEngine.Rendering.ScriptableRenderContext:Submit ()
UnityEngine.Rendering.Universal.UniversalRenderPipeline:RenderSingleCamera (UnityEngine.Rendering.ScriptableRenderContext,UnityEngine.Rendering.Universal.UniversalCameraData) (at ./Library/PackageCache/com.unity.render-pipelines.universal@65a6875fdfbc/Runtime/UniversalRenderPipeline.cs:891)
UnityEngine.Rendering.Universal.UniversalRenderPipeline:RenderCameraStack (UnityEngine.Rendering.ScriptableRenderContext,UnityEngine.Camera,bool) (at ./Library/PackageCache/com.unity.render-pipelines.universal@65a6875fdfbc/Runtime/UniversalRenderPipeline.cs:1093)
UnityEngine.Rendering.Universal.UniversalRenderPipeline:Render (UnityEngine.Rendering.ScriptableRenderContext,System.Collections.Generic.List`1<UnityEngine.Camera>) (at ./Library/PackageCache/com.unity.render-pipelines.universal@65a6875fdfbc/Runtime/UniversalRenderPipeline.cs:470)
UnityEngine.Rendering.RenderPipeline:InternalRender (UnityEngine.Rendering.ScriptableRenderContext,System.Collections.Generic.List`1<UnityEngine.Camera>)
UnityEngine.Rendering.RenderPipelineManager:DoRenderLoop_Internal (UnityEngine.Rendering.RenderPipelineAsset,intptr,UnityEngine.Object,Unity.Collections.LowLevel.Unsafe.AtomicSafetyHandle)

[./Library/PackageCache/com.unity.render-pipelines.universal@65a6875fdfbc/Runtime/UniversalRenderPipeline.cs line 891]

DrawTransparentObjects: Unable to find surface for attachment 0
UnityEngine.Debug:ExtractStackTraceNoAlloc (byte*,int,string)
UnityEngine.StackTraceUtility:ExtractStackTrace ()
UnityEngine.Rendering.ScriptableRenderContext:Submit ()
UnityEngine.Rendering.Universal.UniversalRenderPipeline:RenderSingleCamera (UnityEngine.Rendering.ScriptableRenderContext,UnityEngine.Rendering.Universal.UniversalCameraData) (at ./Library/PackageCache/com.unity.render-pipelines.universal@65a6875fdfbc/Runtime/UniversalRenderPipeline.cs:891)
UnityEngine.Rendering.Universal.UniversalRenderPipeline:RenderCameraStack (UnityEngine.Rendering.ScriptableRenderContext,UnityEngine.Camera,bool) (at ./Library/PackageCache/com.unity.render-pipelines.universal@65a6875fdfbc/Runtime/UniversalRenderPipeline.cs:1093)
UnityEngine.Rendering.Universal.UniversalRenderPipeline:Render (UnityEngine.Rendering.ScriptableRenderContext,System.Collections.Generic.List`1<UnityEngine.Camera>) (at ./Library/PackageCache/com.unity.render-pipelines.universal@65a6875fdfbc/Runtime/UniversalRenderPipeline.cs:470)
UnityEngine.Rendering.RenderPipeline:InternalRender (UnityEngine.Rendering.ScriptableRenderContext,System.Collections.Generic.List`1<UnityEngine.Camera>)
UnityEngine.Rendering.RenderPipelineManager:DoRenderLoop_Internal (UnityEngine.Rendering.RenderPipelineAsset,intptr,UnityEngine.Object,Unity.Collections.LowLevel.Unsafe.AtomicSafetyHandle)

[./Library/PackageCache/com.unity.render-pipelines.universal@65a6875fdfbc/Runtime/UniversalRenderPipeline.cs line 891]

EndRenderPass: Not inside a Renderpass
UnityEngine.Debug:ExtractStackTraceNoAlloc (byte*,int,string)
UnityEngine.StackTraceUtility:ExtractStackTrace ()
UnityEngine.Rendering.ScriptableRenderContext:Submit ()
UnityEngine.Rendering.Universal.UniversalRenderPipeline:RenderSingleCamera (UnityEngine.Rendering.ScriptableRenderContext,UnityEngine.Rendering.Universal.UniversalCameraData) (at ./Library/PackageCache/com.unity.render-pipelines.universal@65a6875fdfbc/Runtime/UniversalRenderPipeline.cs:891)
UnityEngine.Rendering.Universal.UniversalRenderPipeline:RenderCameraStack (UnityEngine.Rendering.ScriptableRenderContext,UnityEngine.Camera,bool) (at ./Library/PackageCache/com.unity.render-pipelines.universal@65a6875fdfbc/Runtime/UniversalRenderPipeline.cs:1093)
UnityEngine.Rendering.Universal.UniversalRenderPipeline:Render (UnityEngine.Rendering.ScriptableRenderContext,System.Collections.Generic.List`1<UnityEngine.Camera>) (at ./Library/PackageCache/com.unity.render-pipelines.universal@65a6875fdfbc/Runtime/UniversalRenderPipeline.cs:470)
UnityEngine.Rendering.RenderPipeline:InternalRender (UnityEngine.Rendering.ScriptableRenderContext,System.Collections.Generic.List`1<UnityEngine.Camera>)
UnityEngine.Rendering.RenderPipelineManager:DoRenderLoop_Internal (UnityEngine.Rendering.RenderPipelineAsset,intptr,UnityEngine.Object,Unity.Collections.LowLevel.Unsafe.AtomicSafetyHandle)

[./Library/PackageCache/com.unity.render-pipelines.universal@65a6875fdfbc/Runtime/UniversalRenderPipeline.cs line 891]

SetConstantBuffer: The current renderer does not support constant buffers. This call will have no effect.
UnityEngine.Debug:ExtractStackTraceNoAlloc (byte*,int,string)
UnityEngine.StackTraceUtility:ExtractStackTrace ()
UnityEngine.Rendering.ScriptableRenderContext:Submit ()
UnityEngine.Rendering.Universal.UniversalRenderPipeline:RenderSingleCamera (UnityEngine.Rendering.ScriptableRenderContext,UnityEngine.Rendering.Universal.UniversalCameraData) (at ./Library/PackageCache/com.unity.render-pipelines.universal@65a6875fdfbc/Runtime/UniversalRenderPipeline.cs:891)
UnityEngine.Rendering.Universal.UniversalRenderPipeline:RenderCameraStack (UnityEngine.Rendering.ScriptableRenderContext,UnityEngine.Camera,bool) (at ./Library/PackageCache/com.unity.render-pipelines.universal@65a6875fdfbc/Runtime/UniversalRenderPipeline.cs:1093)
UnityEngine.Rendering.Universal.UniversalRenderPipeline:Render (UnityEngine.Rendering.ScriptableRenderContext,System.Collections.Generic.List`1<UnityEngine.Camera>) (at ./Library/PackageCache/com.unity.render-pipelines.universal@65a6875fdfbc/Runtime/UniversalRenderPipeline.cs:470)
UnityEngine.Rendering.RenderPipeline:InternalRender (UnityEngine.Rendering.ScriptableRenderContext,System.Collections.Generic.List`1<UnityEngine.Camera>)
UnityEngine.Rendering.RenderPipelineManager:DoRenderLoop_Internal (UnityEngine.Rendering.RenderPipelineAsset,intptr,UnityEngine.Object,Unity.Collections.LowLevel.Unsafe.AtomicSafetyHandle)

[./Library/PackageCache/com.unity.render-pipelines.universal@65a6875fdfbc/Runtime/UniversalRenderPipeline.cs line 891]

SetConstantBuffer: The current renderer does not support constant buffers. This call will have no effect.
UnityEngine.Debug:ExtractStackTraceNoAlloc (byte*,int,string)
UnityEngine.StackTraceUtility:ExtractStackTrace ()
UnityEngine.Rendering.ScriptableRenderContext:Submit ()
UnityEngine.Rendering.Universal.UniversalRenderPipeline:RenderSingleCamera (UnityEngine.Rendering.ScriptableRenderContext,UnityEngine.Rendering.Universal.UniversalCameraData) (at ./Library/PackageCache/com.unity.render-pipelines.universal@65a6875fdfbc/Runtime/UniversalRenderPipeline.cs:891)
UnityEngine.Rendering.Universal.UniversalRenderPipeline:RenderCameraStack (UnityEngine.Rendering.ScriptableRenderContext,UnityEngine.Camera,bool) (at ./Library/PackageCache/com.unity.render-pipelines.universal@65a6875fdfbc/Runtime/UniversalRenderPipeline.cs:1093)
UnityEngine.Rendering.Universal.UniversalRenderPipeline:Render (UnityEngine.Rendering.ScriptableRenderContext,System.Collections.Generic.List`1<UnityEngine.Camera>) (at ./Library/PackageCache/com.unity.render-pipelines.universal@65a6875fdfbc/Runtime/UniversalRenderPipeline.cs:470)
UnityEngine.Rendering.RenderPipeline:InternalRender (UnityEngine.Rendering.ScriptableRenderContext,System.Collections.Generic.List`1<UnityEngine.Camera>)
UnityEngine.Rendering.RenderPipelineManager:DoRenderLoop_Internal (UnityEngine.Rendering.RenderPipelineAsset,intptr,UnityEngine.Object,Unity.Collections.LowLevel.Unsafe.AtomicSafetyHandle)

[./Library/PackageCache/com.unity.render-pipelines.universal@65a6875fdfbc/Runtime/UniversalRenderPipeline.cs line 891]

RenderTexture.Create failed
UnityEngine.Debug:ExtractStackTraceNoAlloc (byte*,int,string)
UnityEngine.StackTraceUtility:ExtractStackTrace ()
UnityEngine.Rendering.ScriptableRenderContext:Submit ()
UnityEngine.Rendering.Universal.UniversalRenderPipeline:RenderSingleCamera (UnityEngine.Rendering.ScriptableRenderContext,UnityEngine.Rendering.Universal.UniversalCameraData) (at ./Library/PackageCache/com.unity.render-pipelines.universal@65a6875fdfbc/Runtime/UniversalRenderPipeline.cs:891)
UnityEngine.Rendering.Universal.UniversalRenderPipeline:RenderCameraStack (UnityEngine.Rendering.ScriptableRenderContext,UnityEngine.Camera,bool) (at ./Library/PackageCache/com.unity.render-pipelines.universal@65a6875fdfbc/Runtime/UniversalRenderPipeline.cs:1093)
UnityEngine.Rendering.Universal.UniversalRenderPipeline:Render (UnityEngine.Rendering.ScriptableRenderContext,System.Collections.Generic.List`1<UnityEngine.Camera>) (at ./Library/PackageCache/com.unity.render-pipelines.universal@65a6875fdfbc/Runtime/UniversalRenderPipeline.cs:470)
UnityEngine.Rendering.RenderPipeline:InternalRender (UnityEngine.Rendering.ScriptableRenderContext,System.Collections.Generic.List`1<UnityEngine.Camera>)
UnityEngine.Rendering.RenderPipelineManager:DoRenderLoop_Internal (UnityEngine.Rendering.RenderPipelineAsset,intptr,UnityEngine.Object,Unity.Collections.LowLevel.Unsafe.AtomicSafetyHandle)

[./Library/PackageCache/com.unity.render-pipelines.universal@65a6875fdfbc/Runtime/UniversalRenderPipeline.cs line 891]

RenderTexture.Create failed
UnityEngine.Debug:ExtractStackTraceNoAlloc (byte*,int,string)
UnityEngine.StackTraceUtility:ExtractStackTrace ()
UnityEngine.Rendering.ScriptableRenderContext:Submit ()
UnityEngine.Rendering.Universal.UniversalRenderPipeline:RenderSingleCamera (UnityEngine.Rendering.ScriptableRenderContext,UnityEngine.Rendering.Universal.UniversalCameraData) (at ./Library/PackageCache/com.unity.render-pipelines.universal@65a6875fdfbc/Runtime/UniversalRenderPipeline.cs:891)
UnityEngine.Rendering.Universal.UniversalRenderPipeline:RenderCameraStack (UnityEngine.Rendering.ScriptableRenderContext,UnityEngine.Camera,bool) (at ./Library/PackageCache/com.unity.render-pipelines.universal@65a6875fdfbc/Runtime/UniversalRenderPipeline.cs:1093)
UnityEngine.Rendering.Universal.UniversalRenderPipeline:Render (UnityEngine.Rendering.ScriptableRenderContext,System.Collections.Generic.List`1<UnityEngine.Camera>) (at ./Library/PackageCache/com.unity.render-pipelines.universal@65a6875fdfbc/Runtime/UniversalRenderPipeline.cs:470)
UnityEngine.Rendering.RenderPipeline:InternalRender (UnityEngine.Rendering.ScriptableRenderContext,System.Collections.Generic.List`1<UnityEngine.Camera>)
UnityEngine.Rendering.RenderPipelineManager:DoRenderLoop_Internal (UnityEngine.Rendering.RenderPipelineAsset,intptr,UnityEngine.Object,Unity.Collections.LowLevel.Unsafe.AtomicSafetyHandle)

[./Library/PackageCache/com.unity.render-pipelines.universal@65a6875fdfbc/Runtime/UniversalRenderPipeline.cs line 891]

RenderTexture.Create failed
UnityEngine.Debug:ExtractStackTraceNoAlloc (byte*,int,string)
UnityEngine.StackTraceUtility:ExtractStackTrace ()
UnityEngine.Rendering.ScriptableRenderContext:Submit ()
UnityEngine.Rendering.Universal.UniversalRenderPipeline:RenderSingleCamera (UnityEngine.Rendering.ScriptableRenderContext,UnityEngine.Rendering.Universal.UniversalCameraData) (at ./Library/PackageCache/com.unity.render-pipelines.universal@65a6875fdfbc/Runtime/UniversalRenderPipeline.cs:891)
UnityEngine.Rendering.Universal.UniversalRenderPipeline:RenderCameraStack (UnityEngine.Rendering.ScriptableRenderContext,UnityEngine.Camera,bool) (at ./Library/PackageCache/com.unity.render-pipelines.universal@65a6875fdfbc/Runtime/UniversalRenderPipeline.cs:1093)
UnityEngine.Rendering.Universal.UniversalRenderPipeline:Render (UnityEngine.Rendering.ScriptableRenderContext,System.Collections.Generic.List`1<UnityEngine.Camera>) (at ./Library/PackageCache/com.unity.render-pipelines.universal@65a6875fdfbc/Runtime/UniversalRenderPipeline.cs:470)
UnityEngine.Rendering.RenderPipeline:InternalRender (UnityEngine.Rendering.ScriptableRenderContext,System.Collections.Generic.List`1<UnityEngine.Camera>)
UnityEngine.Rendering.RenderPipelineManager:DoRenderLoop_Internal (UnityEngine.Rendering.RenderPipelineAsset,intptr,UnityEngine.Object,Unity.Collections.LowLevel.Unsafe.AtomicSafetyHandle)

[./Library/PackageCache/com.unity.render-pipelines.universal@65a6875fdfbc/Runtime/UniversalRenderPipeline.cs line 891]

DrawDepthNormalPrepass: Unable to find surface for attachment 0
UnityEngine.Debug:ExtractStackTraceNoAlloc (byte*,int,string)
UnityEngine.StackTraceUtility:ExtractStackTrace ()
UnityEngine.Rendering.ScriptableRenderContext:Submit ()
UnityEngine.Rendering.Universal.UniversalRenderPipeline:RenderSingleCamera (UnityEngine.Rendering.ScriptableRenderContext,UnityEngine.Rendering.Universal.UniversalCameraData) (at ./Library/PackageCache/com.unity.render-pipelines.universal@65a6875fdfbc/Runtime/UniversalRenderPipeline.cs:891)
UnityEngine.Rendering.Universal.UniversalRenderPipeline:RenderCameraStack (UnityEngine.Rendering.ScriptableRenderContext,UnityEngine.Camera,bool) (at ./Library/PackageCache/com.unity.render-pipelines.universal@65a6875fdfbc/Runtime/UniversalRenderPipeline.cs:1093)
UnityEngine.Rendering.Universal.UniversalRenderPipeline:Render (UnityEngine.Rendering.ScriptableRenderContext,System.Collections.Generic.List`1<UnityEngine.Camera>) (at ./Library/PackageCache/com.unity.render-pipelines.universal@65a6875fdfbc/Runtime/UniversalRenderPipeline.cs:470)
UnityEngine.Rendering.RenderPipeline:InternalRender (UnityEngine.Rendering.ScriptableRenderContext,System.Collections.Generic.List`1<UnityEngine.Camera>)
UnityEngine.Rendering.RenderPipelineManager:DoRenderLoop_Internal (UnityEngine.Rendering.RenderPipelineAsset,intptr,UnityEngine.Object,Unity.Collections.LowLevel.Unsafe.AtomicSafetyHandle)

[./Library/PackageCache/com.unity.render-pipelines.universal@65a6875fdfbc/Runtime/UniversalRenderPipeline.cs line 891]

EndRenderPass: Not inside a Renderpass
UnityEngine.Debug:ExtractStackTraceNoAlloc (byte*,int,string)
UnityEngine.StackTraceUtility:ExtractStackTrace ()
UnityEngine.Rendering.ScriptableRenderContext:Submit ()
UnityEngine.Rendering.Universal.UniversalRenderPipeline:RenderSingleCamera (UnityEngine.Rendering.ScriptableRenderContext,UnityEngine.Rendering.Universal.UniversalCameraData) (at ./Library/PackageCache/com.unity.render-pipelines.universal@65a6875fdfbc/Runtime/UniversalRenderPipeline.cs:891)
UnityEngine.Rendering.Universal.UniversalRenderPipeline:RenderCameraStack (UnityEngine.Rendering.ScriptableRenderContext,UnityEngine.Camera,bool) (at ./Library/PackageCache/com.unity.render-pipelines.universal@65a6875fdfbc/Runtime/UniversalRenderPipeline.cs:1093)
UnityEngine.Rendering.Universal.UniversalRenderPipeline:Render (UnityEngine.Rendering.ScriptableRenderContext,System.Collections.Generic.List`1<UnityEngine.Camera>) (at ./Library/PackageCache/com.unity.render-pipelines.universal@65a6875fdfbc/Runtime/UniversalRenderPipeline.cs:470)
UnityEngine.Rendering.RenderPipeline:InternalRender (UnityEngine.Rendering.ScriptableRenderContext,System.Collections.Generic.List`1<UnityEngine.Camera>)
UnityEngine.Rendering.RenderPipelineManager:DoRenderLoop_Internal (UnityEngine.Rendering.RenderPipelineAsset,intptr,UnityEngine.Object,Unity.Collections.LowLevel.Unsafe.AtomicSafetyHandle)

[./Library/PackageCache/com.unity.render-pipelines.universal@65a6875fdfbc/Runtime/UniversalRenderPipeline.cs line 891]

RenderTexture.Create failed
UnityEngine.Debug:ExtractStackTraceNoAlloc (byte*,int,string)
UnityEngine.StackTraceUtility:ExtractStackTrace ()
UnityEngine.Rendering.ScriptableRenderContext:Submit ()
UnityEngine.Rendering.Universal.UniversalRenderPipeline:RenderSingleCamera (UnityEngine.Rendering.ScriptableRenderContext,UnityEngine.Rendering.Universal.UniversalCameraData) (at ./Library/PackageCache/com.unity.render-pipelines.universal@65a6875fdfbc/Runtime/UniversalRenderPipeline.cs:891)
UnityEngine.Rendering.Universal.UniversalRenderPipeline:RenderCameraStack (UnityEngine.Rendering.ScriptableRenderContext,UnityEngine.Camera,bool) (at ./Library/PackageCache/com.unity.render-pipelines.universal@65a6875fdfbc/Runtime/UniversalRenderPipeline.cs:1093)
UnityEngine.Rendering.Universal.UniversalRenderPipeline:Render (UnityEngine.Rendering.ScriptableRenderContext,System.Collections.Generic.List`1<UnityEngine.Camera>) (at ./Library/PackageCache/com.unity.render-pipelines.universal@65a6875fdfbc/Runtime/UniversalRenderPipeline.cs:470)
UnityEngine.Rendering.RenderPipeline:InternalRender (UnityEngine.Rendering.ScriptableRenderContext,System.Collections.Generic.List`1<UnityEngine.Camera>)
UnityEngine.Rendering.RenderPipelineManager:DoRenderLoop_Internal (UnityEngine.Rendering.RenderPipelineAsset,intptr,UnityEngine.Object,Unity.Collections.LowLevel.Unsafe.AtomicSafetyHandle)

[./Library/PackageCache/com.unity.render-pipelines.universal@65a6875fdfbc/Runtime/UniversalRenderPipeline.cs line 891]

RenderTexture.Create failed
UnityEngine.Debug:ExtractStackTraceNoAlloc (byte*,int,string)
UnityEngine.StackTraceUtility:ExtractStackTrace ()
UnityEngine.Rendering.ScriptableRenderContext:Submit ()
UnityEngine.Rendering.Universal.UniversalRenderPipeline:RenderSingleCamera (UnityEngine.Rendering.ScriptableRenderContext,UnityEngine.Rendering.Universal.UniversalCameraData) (at ./Library/PackageCache/com.unity.render-pipelines.universal@65a6875fdfbc/Runtime/UniversalRenderPipeline.cs:891)
UnityEngine.Rendering.Universal.UniversalRenderPipeline:RenderCameraStack (UnityEngine.Rendering.ScriptableRenderContext,UnityEngine.Camera,bool) (at ./Library/PackageCache/com.unity.render-pipelines.universal@65a6875fdfbc/Runtime/UniversalRenderPipeline.cs:1093)
UnityEngine.Rendering.Universal.UniversalRenderPipeline:Render (UnityEngine.Rendering.ScriptableRenderContext,System.Collections.Generic.List`1<UnityEngine.Camera>) (at ./Library/PackageCache/com.unity.render-pipelines.universal@65a6875fdfbc/Runtime/UniversalRenderPipeline.cs:470)
UnityEngine.Rendering.RenderPipeline:InternalRender (UnityEngine.Rendering.ScriptableRenderContext,System.Collections.Generic.List`1<UnityEngine.Camera>)
UnityEngine.Rendering.RenderPipelineManager:DoRenderLoop_Internal (UnityEngine.Rendering.RenderPipelineAsset,intptr,UnityEngine.Object,Unity.Collections.LowLevel.Unsafe.AtomicSafetyHandle)

[./Library/PackageCache/com.unity.render-pipelines.universal@65a6875fdfbc/Runtime/UniversalRenderPipeline.cs line 891]

RenderTexture.Create failed
UnityEngine.Debug:ExtractStackTraceNoAlloc (byte*,int,string)
UnityEngine.StackTraceUtility:ExtractStackTrace ()
UnityEngine.Rendering.ScriptableRenderContext:Submit ()
UnityEngine.Rendering.Universal.UniversalRenderPipeline:RenderSingleCamera (UnityEngine.Rendering.ScriptableRenderContext,UnityEngine.Rendering.Universal.UniversalCameraData) (at ./Library/PackageCache/com.unity.render-pipelines.universal@65a6875fdfbc/Runtime/UniversalRenderPipeline.cs:891)
UnityEngine.Rendering.Universal.UniversalRenderPipeline:RenderCameraStack (UnityEngine.Rendering.ScriptableRenderContext,UnityEngine.Camera,bool) (at ./Library/PackageCache/com.unity.render-pipelines.universal@65a6875fdfbc/Runtime/UniversalRenderPipeline.cs:1093)
UnityEngine.Rendering.Universal.UniversalRenderPipeline:Render (UnityEngine.Rendering.ScriptableRenderContext,System.Collections.Generic.List`1<UnityEngine.Camera>) (at ./Library/PackageCache/com.unity.render-pipelines.universal@65a6875fdfbc/Runtime/UniversalRenderPipeline.cs:470)
UnityEngine.Rendering.RenderPipeline:InternalRender (UnityEngine.Rendering.ScriptableRenderContext,System.Collections.Generic.List`1<UnityEngine.Camera>)
UnityEngine.Rendering.RenderPipelineManager:DoRenderLoop_Internal (UnityEngine.Rendering.RenderPipelineAsset,intptr,UnityEngine.Object,Unity.Collections.LowLevel.Unsafe.AtomicSafetyHandle)

[./Library/PackageCache/com.unity.render-pipelines.universal@65a6875fdfbc/Runtime/UniversalRenderPipeline.cs line 891]

DrawOpaqueObjects: Unable to find surface for attachment 0
UnityEngine.Debug:ExtractStackTraceNoAlloc (byte*,int,string)
UnityEngine.StackTraceUtility:ExtractStackTrace ()
UnityEngine.Rendering.ScriptableRenderContext:Submit ()
UnityEngine.Rendering.Universal.UniversalRenderPipeline:RenderSingleCamera (UnityEngine.Rendering.ScriptableRenderContext,UnityEngine.Rendering.Universal.UniversalCameraData) (at ./Library/PackageCache/com.unity.render-pipelines.universal@65a6875fdfbc/Runtime/UniversalRenderPipeline.cs:891)
UnityEngine.Rendering.Universal.UniversalRenderPipeline:RenderCameraStack (UnityEngine.Rendering.ScriptableRenderContext,UnityEngine.Camera,bool) (at ./Library/PackageCache/com.unity.render-pipelines.universal@65a6875fdfbc/Runtime/UniversalRenderPipeline.cs:1093)
UnityEngine.Rendering.Universal.UniversalRenderPipeline:Render (UnityEngine.Rendering.ScriptableRenderContext,System.Collections.Generic.List`1<UnityEngine.Camera>) (at ./Library/PackageCache/com.unity.render-pipelines.universal@65a6875fdfbc/Runtime/UniversalRenderPipeline.cs:470)
UnityEngine.Rendering.RenderPipeline:InternalRender (UnityEngine.Rendering.ScriptableRenderContext,System.Collections.Generic.List`1<UnityEngine.Camera>)
UnityEngine.Rendering.RenderPipelineManager:DoRenderLoop_Internal (UnityEngine.Rendering.RenderPipelineAsset,intptr,UnityEngine.Object,Unity.Collections.LowLevel.Unsafe.AtomicSafetyHandle)

[./Library/PackageCache/com.unity.render-pipelines.universal@65a6875fdfbc/Runtime/UniversalRenderPipeline.cs line 891]

EndRenderPass: Not inside a Renderpass
UnityEngine.Debug:ExtractStackTraceNoAlloc (byte*,int,string)
UnityEngine.StackTraceUtility:ExtractStackTrace ()
UnityEngine.Rendering.ScriptableRenderContext:Submit ()
UnityEngine.Rendering.Universal.UniversalRenderPipeline:RenderSingleCamera (UnityEngine.Rendering.ScriptableRenderContext,UnityEngine.Rendering.Universal.UniversalCameraData) (at ./Library/PackageCache/com.unity.render-pipelines.universal@65a6875fdfbc/Runtime/UniversalRenderPipeline.cs:891)
UnityEngine.Rendering.Universal.UniversalRenderPipeline:RenderCameraStack (UnityEngine.Rendering.ScriptableRenderContext,UnityEngine.Camera,bool) (at ./Library/PackageCache/com.unity.render-pipelines.universal@65a6875fdfbc/Runtime/UniversalRenderPipeline.cs:1093)
UnityEngine.Rendering.Universal.UniversalRenderPipeline:Render (UnityEngine.Rendering.ScriptableRenderContext,System.Collections.Generic.List`1<UnityEngine.Camera>) (at ./Library/PackageCache/com.unity.render-pipelines.universal@65a6875fdfbc/Runtime/UniversalRenderPipeline.cs:470)
UnityEngine.Rendering.RenderPipeline:InternalRender (UnityEngine.Rendering.ScriptableRenderContext,System.Collections.Generic.List`1<UnityEngine.Camera>)
UnityEngine.Rendering.RenderPipelineManager:DoRenderLoop_Internal (UnityEngine.Rendering.RenderPipelineAsset,intptr,UnityEngine.Object,Unity.Collections.LowLevel.Unsafe.AtomicSafetyHandle)

[./Library/PackageCache/com.unity.render-pipelines.universal@65a6875fdfbc/Runtime/UniversalRenderPipeline.cs line 891]

RenderTexture.Create failed
UnityEngine.Debug:ExtractStackTraceNoAlloc (byte*,int,string)
UnityEngine.StackTraceUtility:ExtractStackTrace ()
UnityEngine.Rendering.ScriptableRenderContext:Submit ()
UnityEngine.Rendering.Universal.UniversalRenderPipeline:RenderSingleCamera (UnityEngine.Rendering.ScriptableRenderContext,UnityEngine.Rendering.Universal.UniversalCameraData) (at ./Library/PackageCache/com.unity.render-pipelines.universal@65a6875fdfbc/Runtime/UniversalRenderPipeline.cs:891)
UnityEngine.Rendering.Universal.UniversalRenderPipeline:RenderCameraStack (UnityEngine.Rendering.ScriptableRenderContext,UnityEngine.Camera,bool) (at ./Library/PackageCache/com.unity.render-pipelines.universal@65a6875fdfbc/Runtime/UniversalRenderPipeline.cs:1093)
UnityEngine.Rendering.Universal.UniversalRenderPipeline:Render (UnityEngine.Rendering.ScriptableRenderContext,System.Collections.Generic.List`1<UnityEngine.Camera>) (at ./Library/PackageCache/com.unity.render-pipelines.universal@65a6875fdfbc/Runtime/UniversalRenderPipeline.cs:470)
UnityEngine.Rendering.RenderPipeline:InternalRender (UnityEngine.Rendering.ScriptableRenderContext,System.Collections.Generic.List`1<UnityEngine.Camera>)
UnityEngine.Rendering.RenderPipelineManager:DoRenderLoop_Internal (UnityEngine.Rendering.RenderPipelineAsset,intptr,UnityEngine.Object,Unity.Collections.LowLevel.Unsafe.AtomicSafetyHandle)

[./Library/PackageCache/com.unity.render-pipelines.universal@65a6875fdfbc/Runtime/UniversalRenderPipeline.cs line 891]

RenderTexture.Create failed
UnityEngine.Debug:ExtractStackTraceNoAlloc (byte*,int,string)
UnityEngine.StackTraceUtility:ExtractStackTrace ()
UnityEngine.Rendering.ScriptableRenderContext:Submit ()
UnityEngine.Rendering.Universal.UniversalRenderPipeline:RenderSingleCamera (UnityEngine.Rendering.ScriptableRenderContext,UnityEngine.Rendering.Universal.UniversalCameraData) (at ./Library/PackageCache/com.unity.render-pipelines.universal@65a6875fdfbc/Runtime/UniversalRenderPipeline.cs:891)
UnityEngine.Rendering.Universal.UniversalRenderPipeline:RenderCameraStack (UnityEngine.Rendering.ScriptableRenderContext,UnityEngine.Camera,bool) (at ./Library/PackageCache/com.unity.render-pipelines.universal@65a6875fdfbc/Runtime/UniversalRenderPipeline.cs:1093)
UnityEngine.Rendering.Universal.UniversalRenderPipeline:Render (UnityEngine.Rendering.ScriptableRenderContext,System.Collections.Generic.List`1<UnityEngine.Camera>) (at ./Library/PackageCache/com.unity.render-pipelines.universal@65a6875fdfbc/Runtime/UniversalRenderPipeline.cs:470)
UnityEngine.Rendering.RenderPipeline:InternalRender (UnityEngine.Rendering.ScriptableRenderContext,System.Collections.Generic.List`1<UnityEngine.Camera>)
UnityEngine.Rendering.RenderPipelineManager:DoRenderLoop_Internal (UnityEngine.Rendering.RenderPipelineAsset,intptr,UnityEngine.Object,Unity.Collections.LowLevel.Unsafe.AtomicSafetyHandle)

[./Library/PackageCache/com.unity.render-pipelines.universal@65a6875fdfbc/Runtime/UniversalRenderPipeline.cs line 891]

RenderTexture.Create failed
UnityEngine.Debug:ExtractStackTraceNoAlloc (byte*,int,string)
UnityEngine.StackTraceUtility:ExtractStackTrace ()
UnityEngine.Rendering.ScriptableRenderContext:Submit ()
UnityEngine.Rendering.Universal.UniversalRenderPipeline:RenderSingleCamera (UnityEngine.Rendering.ScriptableRenderContext,UnityEngine.Rendering.Universal.UniversalCameraData) (at ./Library/PackageCache/com.unity.render-pipelines.universal@65a6875fdfbc/Runtime/UniversalRenderPipeline.cs:891)
UnityEngine.Rendering.Universal.UniversalRenderPipeline:RenderCameraStack (UnityEngine.Rendering.ScriptableRenderContext,UnityEngine.Camera,bool) (at ./Library/PackageCache/com.unity.render-pipelines.universal@65a6875fdfbc/Runtime/UniversalRenderPipeline.cs:1093)
UnityEngine.Rendering.Universal.UniversalRenderPipeline:Render (UnityEngine.Rendering.ScriptableRenderContext,System.Collections.Generic.List`1<UnityEngine.Camera>) (at ./Library/PackageCache/com.unity.render-pipelines.universal@65a6875fdfbc/Runtime/UniversalRenderPipeline.cs:470)
UnityEngine.Rendering.RenderPipeline:InternalRender (UnityEngine.Rendering.ScriptableRenderContext,System.Collections.Generic.List`1<UnityEngine.Camera>)
UnityEngine.Rendering.RenderPipelineManager:DoRenderLoop_Internal (UnityEngine.Rendering.RenderPipelineAsset,intptr,UnityEngine.Object,Unity.Collections.LowLevel.Unsafe.AtomicSafetyHandle)

[./Library/PackageCache/com.unity.render-pipelines.universal@65a6875fdfbc/Runtime/UniversalRenderPipeline.cs line 891]

DrawTransparentObjects: Unable to find surface for attachment 0
UnityEngine.Debug:ExtractStackTraceNoAlloc (byte*,int,string)
UnityEngine.StackTraceUtility:ExtractStackTrace ()
UnityEngine.Rendering.ScriptableRenderContext:Submit ()
UnityEngine.Rendering.Universal.UniversalRenderPipeline:RenderSingleCamera (UnityEngine.Rendering.ScriptableRenderContext,UnityEngine.Rendering.Universal.UniversalCameraData) (at ./Library/PackageCache/com.unity.render-pipelines.universal@65a6875fdfbc/Runtime/UniversalRenderPipeline.cs:891)
UnityEngine.Rendering.Universal.UniversalRenderPipeline:RenderCameraStack (UnityEngine.Rendering.ScriptableRenderContext,UnityEngine.Camera,bool) (at ./Library/PackageCache/com.unity.render-pipelines.universal@65a6875fdfbc/Runtime/UniversalRenderPipeline.cs:1093)
UnityEngine.Rendering.Universal.UniversalRenderPipeline:Render (UnityEngine.Rendering.ScriptableRenderContext,System.Collections.Generic.List`1<UnityEngine.Camera>) (at ./Library/PackageCache/com.unity.render-pipelines.universal@65a6875fdfbc/Runtime/UniversalRenderPipeline.cs:470)
UnityEngine.Rendering.RenderPipeline:InternalRender (UnityEngine.Rendering.ScriptableRenderContext,System.Collections.Generic.List`1<UnityEngine.Camera>)
UnityEngine.Rendering.RenderPipelineManager:DoRenderLoop_Internal (UnityEngine.Rendering.RenderPipelineAsset,intptr,UnityEngine.Object,Unity.Collections.LowLevel.Unsafe.AtomicSafetyHandle)

[./Library/PackageCache/com.unity.render-pipelines.universal@65a6875fdfbc/Runtime/UniversalRenderPipeline.cs line 891]

EndRenderPass: Not inside a Renderpass
UnityEngine.Debug:ExtractStackTraceNoAlloc (byte*,int,string)
UnityEngine.StackTraceUtility:ExtractStackTrace ()
UnityEngine.Rendering.ScriptableRenderContext:Submit ()
UnityEngine.Rendering.Universal.UniversalRenderPipeline:RenderSingleCamera (UnityEngine.Rendering.ScriptableRenderContext,UnityEngine.Rendering.Universal.UniversalCameraData) (at ./Library/PackageCache/com.unity.render-pipelines.universal@65a6875fdfbc/Runtime/UniversalRenderPipeline.cs:891)
UnityEngine.Rendering.Universal.UniversalRenderPipeline:RenderCameraStack (UnityEngine.Rendering.ScriptableRenderContext,UnityEngine.Camera,bool) (at ./Library/PackageCache/com.unity.render-pipelines.universal@65a6875fdfbc/Runtime/UniversalRenderPipeline.cs:1093)
UnityEngine.Rendering.Universal.UniversalRenderPipeline:Render (UnityEngine.Rendering.ScriptableRenderContext,System.Collections.Generic.List`1<UnityEngine.Camera>) (at ./Library/PackageCache/com.unity.render-pipelines.universal@65a6875fdfbc/Runtime/UniversalRenderPipeline.cs:470)
UnityEngine.Rendering.RenderPipeline:InternalRender (UnityEngine.Rendering.ScriptableRenderContext,System.Collections.Generic.List`1<UnityEngine.Camera>)
UnityEngine.Rendering.RenderPipelineManager:DoRenderLoop_Internal (UnityEngine.Rendering.RenderPipelineAsset,intptr,UnityEngine.Object,Unity.Collections.LowLevel.Unsafe.AtomicSafetyHandle)

[./Library/PackageCache/com.unity.render-pipelines.universal@65a6875fdfbc/Runtime/UniversalRenderPipeline.cs line 891]

SetConstantBuffer: The current renderer does not support constant buffers. This call will have no effect.
UnityEngine.Debug:ExtractStackTraceNoAlloc (byte*,int,string)
UnityEngine.StackTraceUtility:ExtractStackTrace ()
UnityEngine.Rendering.ScriptableRenderContext:Submit ()
UnityEngine.Rendering.Universal.UniversalRenderPipeline:RenderSingleCamera (UnityEngine.Rendering.ScriptableRenderContext,UnityEngine.Rendering.Universal.UniversalCameraData) (at ./Library/PackageCache/com.unity.render-pipelines.universal@65a6875fdfbc/Runtime/UniversalRenderPipeline.cs:891)
UnityEngine.Rendering.Universal.UniversalRenderPipeline:RenderCameraStack (UnityEngine.Rendering.ScriptableRenderContext,UnityEngine.Camera,bool) (at ./Library/PackageCache/com.unity.render-pipelines.universal@65a6875fdfbc/Runtime/UniversalRenderPipeline.cs:1093)
UnityEngine.Rendering.Universal.UniversalRenderPipeline:Render (UnityEngine.Rendering.ScriptableRenderContext,System.Collections.Generic.List`1<UnityEngine.Camera>) (at ./Library/PackageCache/com.unity.render-pipelines.universal@65a6875fdfbc/Runtime/UniversalRenderPipeline.cs:470)
UnityEngine.Rendering.RenderPipeline:InternalRender (UnityEngine.Rendering.ScriptableRenderContext,System.Collections.Generic.List`1<UnityEngine.Camera>)
UnityEngine.Rendering.RenderPipelineManager:DoRenderLoop_Internal (UnityEngine.Rendering.RenderPipelineAsset,intptr,UnityEngine.Object,Unity.Collections.LowLevel.Unsafe.AtomicSafetyHandle)

[./Library/PackageCache/com.unity.render-pipelines.universal@65a6875fdfbc/Runtime/UniversalRenderPipeline.cs line 891]

SetConstantBuffer: The current renderer does not support constant buffers. This call will have no effect.
UnityEngine.Debug:ExtractStackTraceNoAlloc (byte*,int,string)
UnityEngine.StackTraceUtility:ExtractStackTrace ()
UnityEngine.Rendering.ScriptableRenderContext:Submit ()
UnityEngine.Rendering.Universal.UniversalRenderPipeline:RenderSingleCamera (UnityEngine.Rendering.ScriptableRenderContext,UnityEngine.Rendering.Universal.UniversalCameraData) (at ./Library/PackageCache/com.unity.render-pipelines.universal@65a6875fdfbc/Runtime/UniversalRenderPipeline.cs:891)
UnityEngine.Rendering.Universal.UniversalRenderPipeline:RenderCameraStack (UnityEngine.Rendering.ScriptableRenderContext,UnityEngine.Camera,bool) (at ./Library/PackageCache/com.unity.render-pipelines.universal@65a6875fdfbc/Runtime/UniversalRenderPipeline.cs:1093)
UnityEngine.Rendering.Universal.UniversalRenderPipeline:Render (UnityEngine.Rendering.ScriptableRenderContext,System.Collections.Generic.List`1<UnityEngine.Camera>) (at ./Library/PackageCache/com.unity.render-pipelines.universal@65a6875fdfbc/Runtime/UniversalRenderPipeline.cs:470)
UnityEngine.Rendering.RenderPipeline:InternalRender (UnityEngine.Rendering.ScriptableRenderContext,System.Collections.Generic.List`1<UnityEngine.Camera>)
UnityEngine.Rendering.RenderPipelineManager:DoRenderLoop_Internal (UnityEngine.Rendering.RenderPipelineAsset,intptr,UnityEngine.Object,Unity.Collections.LowLevel.Unsafe.AtomicSafetyHandle)

[./Library/PackageCache/com.unity.render-pipelines.universal@65a6875fdfbc/Runtime/UniversalRenderPipeline.cs line 891]

RenderTexture.Create failed
UnityEngine.Debug:ExtractStackTraceNoAlloc (byte*,int,string)
UnityEngine.StackTraceUtility:ExtractStackTrace ()
UnityEngine.Rendering.ScriptableRenderContext:Submit ()
UnityEngine.Rendering.Universal.UniversalRenderPipeline:RenderSingleCamera (UnityEngine.Rendering.ScriptableRenderContext,UnityEngine.Rendering.Universal.UniversalCameraData) (at ./Library/PackageCache/com.unity.render-pipelines.universal@65a6875fdfbc/Runtime/UniversalRenderPipeline.cs:891)
UnityEngine.Rendering.Universal.UniversalRenderPipeline:RenderCameraStack (UnityEngine.Rendering.ScriptableRenderContext,UnityEngine.Camera,bool) (at ./Library/PackageCache/com.unity.render-pipelines.universal@65a6875fdfbc/Runtime/UniversalRenderPipeline.cs:1093)
UnityEngine.Rendering.Universal.UniversalRenderPipeline:Render (UnityEngine.Rendering.ScriptableRenderContext,System.Collections.Generic.List`1<UnityEngine.Camera>) (at ./Library/PackageCache/com.unity.render-pipelines.universal@65a6875fdfbc/Runtime/UniversalRenderPipeline.cs:470)
UnityEngine.Rendering.RenderPipeline:InternalRender (UnityEngine.Rendering.ScriptableRenderContext,System.Collections.Generic.List`1<UnityEngine.Camera>)
UnityEngine.Rendering.RenderPipelineManager:DoRenderLoop_Internal (UnityEngine.Rendering.RenderPipelineAsset,intptr,UnityEngine.Object,Unity.Collections.LowLevel.Unsafe.AtomicSafetyHandle)

[./Library/PackageCache/com.unity.render-pipelines.universal@65a6875fdfbc/Runtime/UniversalRenderPipeline.cs line 891]

RenderTexture.Create failed
UnityEngine.Debug:ExtractStackTraceNoAlloc (byte*,int,string)
UnityEngine.StackTraceUtility:ExtractStackTrace ()
UnityEngine.Rendering.ScriptableRenderContext:Submit ()
UnityEngine.Rendering.Universal.UniversalRenderPipeline:RenderSingleCamera (UnityEngine.Rendering.ScriptableRenderContext,UnityEngine.Rendering.Universal.UniversalCameraData) (at ./Library/PackageCache/com.unity.render-pipelines.universal@65a6875fdfbc/Runtime/UniversalRenderPipeline.cs:891)
UnityEngine.Rendering.Universal.UniversalRenderPipeline:RenderCameraStack (UnityEngine.Rendering.ScriptableRenderContext,UnityEngine.Camera,bool) (at ./Library/PackageCache/com.unity.render-pipelines.universal@65a6875fdfbc/Runtime/UniversalRenderPipeline.cs:1093)
UnityEngine.Rendering.Universal.UniversalRenderPipeline:Render (UnityEngine.Rendering.ScriptableRenderContext,System.Collections.Generic.List`1<UnityEngine.Camera>) (at ./Library/PackageCache/com.unity.render-pipelines.universal@65a6875fdfbc/Runtime/UniversalRenderPipeline.cs:470)
UnityEngine.Rendering.RenderPipeline:InternalRender (UnityEngine.Rendering.ScriptableRenderContext,System.Collections.Generic.List`1<UnityEngine.Camera>)
UnityEngine.Rendering.RenderPipelineManager:DoRenderLoop_Internal (UnityEngine.Rendering.RenderPipelineAsset,intptr,UnityEngine.Object,Unity.Collections.LowLevel.Unsafe.AtomicSafetyHandle)

[./Library/PackageCache/com.unity.render-pipelines.universal@65a6875fdfbc/Runtime/UniversalRenderPipeline.cs line 891]

RenderTexture.Create failed
UnityEngine.Debug:ExtractStackTraceNoAlloc (byte*,int,string)
UnityEngine.StackTraceUtility:ExtractStackTrace ()
UnityEngine.Rendering.ScriptableRenderContext:Submit ()
UnityEngine.Rendering.Universal.UniversalRenderPipeline:RenderSingleCamera (UnityEngine.Rendering.ScriptableRenderContext,UnityEngine.Rendering.Universal.UniversalCameraData) (at ./Library/PackageCache/com.unity.render-pipelines.universal@65a6875fdfbc/Runtime/UniversalRenderPipeline.cs:891)
UnityEngine.Rendering.Universal.UniversalRenderPipeline:RenderCameraStack (UnityEngine.Rendering.ScriptableRenderContext,UnityEngine.Camera,bool) (at ./Library/PackageCache/com.unity.render-pipelines.universal@65a6875fdfbc/Runtime/UniversalRenderPipeline.cs:1093)
UnityEngine.Rendering.Universal.UniversalRenderPipeline:Render (UnityEngine.Rendering.ScriptableRenderContext,System.Collections.Generic.List`1<UnityEngine.Camera>) (at ./Library/PackageCache/com.unity.render-pipelines.universal@65a6875fdfbc/Runtime/UniversalRenderPipeline.cs:470)
UnityEngine.Rendering.RenderPipeline:InternalRender (UnityEngine.Rendering.ScriptableRenderContext,System.Collections.Generic.List`1<UnityEngine.Camera>)
UnityEngine.Rendering.RenderPipelineManager:DoRenderLoop_Internal (UnityEngine.Rendering.RenderPipelineAsset,intptr,UnityEngine.Object,Unity.Collections.LowLevel.Unsafe.AtomicSafetyHandle)

[./Library/PackageCache/com.unity.render-pipelines.universal@65a6875fdfbc/Runtime/UniversalRenderPipeline.cs line 891]

DrawDepthNormalPrepass: Unable to find surface for attachment 0
UnityEngine.Debug:ExtractStackTraceNoAlloc (byte*,int,string)
UnityEngine.StackTraceUtility:ExtractStackTrace ()
UnityEngine.Rendering.ScriptableRenderContext:Submit ()
UnityEngine.Rendering.Universal.UniversalRenderPipeline:RenderSingleCamera (UnityEngine.Rendering.ScriptableRenderContext,UnityEngine.Rendering.Universal.UniversalCameraData) (at ./Library/PackageCache/com.unity.render-pipelines.universal@65a6875fdfbc/Runtime/UniversalRenderPipeline.cs:891)
UnityEngine.Rendering.Universal.UniversalRenderPipeline:RenderCameraStack (UnityEngine.Rendering.ScriptableRenderContext,UnityEngine.Camera,bool) (at ./Library/PackageCache/com.unity.render-pipelines.universal@65a6875fdfbc/Runtime/UniversalRenderPipeline.cs:1093)
UnityEngine.Rendering.Universal.UniversalRenderPipeline:Render (UnityEngine.Rendering.ScriptableRenderContext,System.Collections.Generic.List`1<UnityEngine.Camera>) (at ./Library/PackageCache/com.unity.render-pipelines.universal@65a6875fdfbc/Runtime/UniversalRenderPipeline.cs:470)
UnityEngine.Rendering.RenderPipeline:InternalRender (UnityEngine.Rendering.ScriptableRenderContext,System.Collections.Generic.List`1<UnityEngine.Camera>)
UnityEngine.Rendering.RenderPipelineManager:DoRenderLoop_Internal (UnityEngine.Rendering.RenderPipelineAsset,intptr,UnityEngine.Object,Unity.Collections.LowLevel.Unsafe.AtomicSafetyHandle)

[./Library/PackageCache/com.unity.render-pipelines.universal@65a6875fdfbc/Runtime/UniversalRenderPipeline.cs line 891]

EndRenderPass: Not inside a Renderpass
UnityEngine.Debug:ExtractStackTraceNoAlloc (byte*,int,string)
UnityEngine.StackTraceUtility:ExtractStackTrace ()
UnityEngine.Rendering.ScriptableRenderContext:Submit ()
UnityEngine.Rendering.Universal.UniversalRenderPipeline:RenderSingleCamera (UnityEngine.Rendering.ScriptableRenderContext,UnityEngine.Rendering.Universal.UniversalCameraData) (at ./Library/PackageCache/com.unity.render-pipelines.universal@65a6875fdfbc/Runtime/UniversalRenderPipeline.cs:891)
UnityEngine.Rendering.Universal.UniversalRenderPipeline:RenderCameraStack (UnityEngine.Rendering.ScriptableRenderContext,UnityEngine.Camera,bool) (at ./Library/PackageCache/com.unity.render-pipelines.universal@65a6875fdfbc/Runtime/UniversalRenderPipeline.cs:1093)
UnityEngine.Rendering.Universal.UniversalRenderPipeline:Render (UnityEngine.Rendering.ScriptableRenderContext,System.Collections.Generic.List`1<UnityEngine.Camera>) (at ./Library/PackageCache/com.unity.render-pipelines.universal@65a6875fdfbc/Runtime/UniversalRenderPipeline.cs:470)
UnityEngine.Rendering.RenderPipeline:InternalRender (UnityEngine.Rendering.ScriptableRenderContext,System.Collections.Generic.List`1<UnityEngine.Camera>)
UnityEngine.Rendering.RenderPipelineManager:DoRenderLoop_Internal (UnityEngine.Rendering.RenderPipelineAsset,intptr,UnityEngine.Object,Unity.Collections.LowLevel.Unsafe.AtomicSafetyHandle)

[./Library/PackageCache/com.unity.render-pipelines.universal@65a6875fdfbc/Runtime/UniversalRenderPipeline.cs line 891]

RenderTexture.Create failed
UnityEngine.Debug:ExtractStackTraceNoAlloc (byte*,int,string)
UnityEngine.StackTraceUtility:ExtractStackTrace ()
UnityEngine.Rendering.ScriptableRenderContext:Submit ()
UnityEngine.Rendering.Universal.UniversalRenderPipeline:RenderSingleCamera (UnityEngine.Rendering.ScriptableRenderContext,UnityEngine.Rendering.Universal.UniversalCameraData) (at ./Library/PackageCache/com.unity.render-pipelines.universal@65a6875fdfbc/Runtime/UniversalRenderPipeline.cs:891)
UnityEngine.Rendering.Universal.UniversalRenderPipeline:RenderCameraStack (UnityEngine.Rendering.ScriptableRenderContext,UnityEngine.Camera,bool) (at ./Library/PackageCache/com.unity.render-pipelines.universal@65a6875fdfbc/Runtime/UniversalRenderPipeline.cs:1093)
UnityEngine.Rendering.Universal.UniversalRenderPipeline:Render (UnityEngine.Rendering.ScriptableRenderContext,System.Collections.Generic.List`1<UnityEngine.Camera>) (at ./Library/PackageCache/com.unity.render-pipelines.universal@65a6875fdfbc/Runtime/UniversalRenderPipeline.cs:470)
UnityEngine.Rendering.RenderPipeline:InternalRender (UnityEngine.Rendering.ScriptableRenderContext,System.Collections.Generic.List`1<UnityEngine.Camera>)
UnityEngine.Rendering.RenderPipelineManager:DoRenderLoop_Internal (UnityEngine.Rendering.RenderPipelineAsset,intptr,UnityEngine.Object,Unity.Collections.LowLevel.Unsafe.AtomicSafetyHandle)

[./Library/PackageCache/com.unity.render-pipelines.universal@65a6875fdfbc/Runtime/UniversalRenderPipeline.cs line 891]

RenderTexture.Create failed
UnityEngine.Debug:ExtractStackTraceNoAlloc (byte*,int,string)
UnityEngine.StackTraceUtility:ExtractStackTrace ()
UnityEngine.Rendering.ScriptableRenderContext:Submit ()
UnityEngine.Rendering.Universal.UniversalRenderPipeline:RenderSingleCamera (UnityEngine.Rendering.ScriptableRenderContext,UnityEngine.Rendering.Universal.UniversalCameraData) (at ./Library/PackageCache/com.unity.render-pipelines.universal@65a6875fdfbc/Runtime/UniversalRenderPipeline.cs:891)
UnityEngine.Rendering.Universal.UniversalRenderPipeline:RenderCameraStack (UnityEngine.Rendering.ScriptableRenderContext,UnityEngine.Camera,bool) (at ./Library/PackageCache/com.unity.render-pipelines.universal@65a6875fdfbc/Runtime/UniversalRenderPipeline.cs:1093)
UnityEngine.Rendering.Universal.UniversalRenderPipeline:Render (UnityEngine.Rendering.ScriptableRenderContext,System.Collections.Generic.List`1<UnityEngine.Camera>) (at ./Library/PackageCache/com.unity.render-pipelines.universal@65a6875fdfbc/Runtime/UniversalRenderPipeline.cs:470)
UnityEngine.Rendering.RenderPipeline:InternalRender (UnityEngine.Rendering.ScriptableRenderContext,System.Collections.Generic.List`1<UnityEngine.Camera>)
UnityEngine.Rendering.RenderPipelineManager:DoRenderLoop_Internal (UnityEngine.Rendering.RenderPipelineAsset,intptr,UnityEngine.Object,Unity.Collections.LowLevel.Unsafe.AtomicSafetyHandle)

[./Library/PackageCache/com.unity.render-pipelines.universal@65a6875fdfbc/Runtime/UniversalRenderPipeline.cs line 891]

RenderTexture.Create failed
UnityEngine.Debug:ExtractStackTraceNoAlloc (byte*,int,string)
UnityEngine.StackTraceUtility:ExtractStackTrace ()
UnityEngine.Rendering.ScriptableRenderContext:Submit ()
UnityEngine.Rendering.Universal.UniversalRenderPipeline:RenderSingleCamera (UnityEngine.Rendering.ScriptableRenderContext,UnityEngine.Rendering.Universal.UniversalCameraData) (at ./Library/PackageCache/com.unity.render-pipelines.universal@65a6875fdfbc/Runtime/UniversalRenderPipeline.cs:891)
UnityEngine.Rendering.Universal.UniversalRenderPipeline:RenderCameraStack (UnityEngine.Rendering.ScriptableRenderContext,UnityEngine.Camera,bool) (at ./Library/PackageCache/com.unity.render-pipelines.universal@65a6875fdfbc/Runtime/UniversalRenderPipeline.cs:1093)
UnityEngine.Rendering.Universal.UniversalRenderPipeline:Render (UnityEngine.Rendering.ScriptableRenderContext,System.Collections.Generic.List`1<UnityEngine.Camera>) (at ./Library/PackageCache/com.unity.render-pipelines.universal@65a6875fdfbc/Runtime/UniversalRenderPipeline.cs:470)
UnityEngine.Rendering.RenderPipeline:InternalRender (UnityEngine.Rendering.ScriptableRenderContext,System.Collections.Generic.List`1<UnityEngine.Camera>)
UnityEngine.Rendering.RenderPipelineManager:DoRenderLoop_Internal (UnityEngine.Rendering.RenderPipelineAsset,intptr,UnityEngine.Object,Unity.Collections.LowLevel.Unsafe.AtomicSafetyHandle)

[./Library/PackageCache/com.unity.render-pipelines.universal@65a6875fdfbc/Runtime/UniversalRenderPipeline.cs line 891]

DrawOpaqueObjects: Unable to find surface for attachment 0
UnityEngine.Debug:ExtractStackTraceNoAlloc (byte*,int,string)
UnityEngine.StackTraceUtility:ExtractStackTrace ()
UnityEngine.Rendering.ScriptableRenderContext:Submit ()
UnityEngine.Rendering.Universal.UniversalRenderPipeline:RenderSingleCamera (UnityEngine.Rendering.ScriptableRenderContext,UnityEngine.Rendering.Universal.UniversalCameraData) (at ./Library/PackageCache/com.unity.render-pipelines.universal@65a6875fdfbc/Runtime/UniversalRenderPipeline.cs:891)
UnityEngine.Rendering.Universal.UniversalRenderPipeline:RenderCameraStack (UnityEngine.Rendering.ScriptableRenderContext,UnityEngine.Camera,bool) (at ./Library/PackageCache/com.unity.render-pipelines.universal@65a6875fdfbc/Runtime/UniversalRenderPipeline.cs:1093)
UnityEngine.Rendering.Universal.UniversalRenderPipeline:Render (UnityEngine.Rendering.ScriptableRenderContext,System.Collections.Generic.List`1<UnityEngine.Camera>) (at ./Library/PackageCache/com.unity.render-pipelines.universal@65a6875fdfbc/Runtime/UniversalRenderPipeline.cs:470)
UnityEngine.Rendering.RenderPipeline:InternalRender (UnityEngine.Rendering.ScriptableRenderContext,System.Collections.Generic.List`1<UnityEngine.Camera>)
UnityEngine.Rendering.RenderPipelineManager:DoRenderLoop_Internal (UnityEngine.Rendering.RenderPipelineAsset,intptr,UnityEngine.Object,Unity.Collections.LowLevel.Unsafe.AtomicSafetyHandle)

[./Library/PackageCache/com.unity.render-pipelines.universal@65a6875fdfbc/Runtime/UniversalRenderPipeline.cs line 891]

EndRenderPass: Not inside a Renderpass
UnityEngine.Debug:ExtractStackTraceNoAlloc (byte*,int,string)
UnityEngine.StackTraceUtility:ExtractStackTrace ()
UnityEngine.Rendering.ScriptableRenderContext:Submit ()
UnityEngine.Rendering.Universal.UniversalRenderPipeline:RenderSingleCamera (UnityEngine.Rendering.ScriptableRenderContext,UnityEngine.Rendering.Universal.UniversalCameraData) (at ./Library/PackageCache/com.unity.render-pipelines.universal@65a6875fdfbc/Runtime/UniversalRenderPipeline.cs:891)
UnityEngine.Rendering.Universal.UniversalRenderPipeline:RenderCameraStack (UnityEngine.Rendering.ScriptableRenderContext,UnityEngine.Camera,bool) (at ./Library/PackageCache/com.unity.render-pipelines.universal@65a6875fdfbc/Runtime/UniversalRenderPipeline.cs:1093)
UnityEngine.Rendering.Universal.UniversalRenderPipeline:Render (UnityEngine.Rendering.ScriptableRenderContext,System.Collections.Generic.List`1<UnityEngine.Camera>) (at ./Library/PackageCache/com.unity.render-pipelines.universal@65a6875fdfbc/Runtime/UniversalRenderPipeline.cs:470)
UnityEngine.Rendering.RenderPipeline:InternalRender (UnityEngine.Rendering.ScriptableRenderContext,System.Collections.Generic.List`1<UnityEngine.Camera>)
UnityEngine.Rendering.RenderPipelineManager:DoRenderLoop_Internal (UnityEngine.Rendering.RenderPipelineAsset,intptr,UnityEngine.Object,Unity.Collections.LowLevel.Unsafe.AtomicSafetyHandle)

[./Library/PackageCache/com.unity.render-pipelines.universal@65a6875fdfbc/Runtime/UniversalRenderPipeline.cs line 891]

RenderTexture.Create failed
UnityEngine.Debug:ExtractStackTraceNoAlloc (byte*,int,string)
UnityEngine.StackTraceUtility:ExtractStackTrace ()
UnityEngine.Rendering.ScriptableRenderContext:Submit ()
UnityEngine.Rendering.Universal.UniversalRenderPipeline:RenderSingleCamera (UnityEngine.Rendering.ScriptableRenderContext,UnityEngine.Rendering.Universal.UniversalCameraData) (at ./Library/PackageCache/com.unity.render-pipelines.universal@65a6875fdfbc/Runtime/UniversalRenderPipeline.cs:891)
UnityEngine.Rendering.Universal.UniversalRenderPipeline:RenderCameraStack (UnityEngine.Rendering.ScriptableRenderContext,UnityEngine.Camera,bool) (at ./Library/PackageCache/com.unity.render-pipelines.universal@65a6875fdfbc/Runtime/UniversalRenderPipeline.cs:1093)
UnityEngine.Rendering.Universal.UniversalRenderPipeline:Render (UnityEngine.Rendering.ScriptableRenderContext,System.Collections.Generic.List`1<UnityEngine.Camera>) (at ./Library/PackageCache/com.unity.render-pipelines.universal@65a6875fdfbc/Runtime/UniversalRenderPipeline.cs:470)
UnityEngine.Rendering.RenderPipeline:InternalRender (UnityEngine.Rendering.ScriptableRenderContext,System.Collections.Generic.List`1<UnityEngine.Camera>)
UnityEngine.Rendering.RenderPipelineManager:DoRenderLoop_Internal (UnityEngine.Rendering.RenderPipelineAsset,intptr,UnityEngine.Object,Unity.Collections.LowLevel.Unsafe.AtomicSafetyHandle)

[./Library/PackageCache/com.unity.render-pipelines.universal@65a6875fdfbc/Runtime/UniversalRenderPipeline.cs line 891]

RenderTexture.Create failed
UnityEngine.Debug:ExtractStackTraceNoAlloc (byte*,int,string)
UnityEngine.StackTraceUtility:ExtractStackTrace ()
UnityEngine.Rendering.ScriptableRenderContext:Submit ()
UnityEngine.Rendering.Universal.UniversalRenderPipeline:RenderSingleCamera (UnityEngine.Rendering.ScriptableRenderContext,UnityEngine.Rendering.Universal.UniversalCameraData) (at ./Library/PackageCache/com.unity.render-pipelines.universal@65a6875fdfbc/Runtime/UniversalRenderPipeline.cs:891)
UnityEngine.Rendering.Universal.UniversalRenderPipeline:RenderCameraStack (UnityEngine.Rendering.ScriptableRenderContext,UnityEngine.Camera,bool) (at ./Library/PackageCache/com.unity.render-pipelines.universal@65a6875fdfbc/Runtime/UniversalRenderPipeline.cs:1093)
UnityEngine.Rendering.Universal.UniversalRenderPipeline:Render (UnityEngine.Rendering.ScriptableRenderContext,System.Collections.Generic.List`1<UnityEngine.Camera>) (at ./Library/PackageCache/com.unity.render-pipelines.universal@65a6875fdfbc/Runtime/UniversalRenderPipeline.cs:470)
UnityEngine.Rendering.RenderPipeline:InternalRender (UnityEngine.Rendering.ScriptableRenderContext,System.Collections.Generic.List`1<UnityEngine.Camera>)
UnityEngine.Rendering.RenderPipelineManager:DoRenderLoop_Internal (UnityEngine.Rendering.RenderPipelineAsset,intptr,UnityEngine.Object,Unity.Collections.LowLevel.Unsafe.AtomicSafetyHandle)

[./Library/PackageCache/com.unity.render-pipelines.universal@65a6875fdfbc/Runtime/UniversalRenderPipeline.cs line 891]

RenderTexture.Create failed
UnityEngine.Debug:ExtractStackTraceNoAlloc (byte*,int,string)
UnityEngine.StackTraceUtility:ExtractStackTrace ()
UnityEngine.Rendering.ScriptableRenderContext:Submit ()
UnityEngine.Rendering.Universal.UniversalRenderPipeline:RenderSingleCamera (UnityEngine.Rendering.ScriptableRenderContext,UnityEngine.Rendering.Universal.UniversalCameraData) (at ./Library/PackageCache/com.unity.render-pipelines.universal@65a6875fdfbc/Runtime/UniversalRenderPipeline.cs:891)
UnityEngine.Rendering.Universal.UniversalRenderPipeline:RenderCameraStack (UnityEngine.Rendering.ScriptableRenderContext,UnityEngine.Camera,bool) (at ./Library/PackageCache/com.unity.render-pipelines.universal@65a6875fdfbc/Runtime/UniversalRenderPipeline.cs:1093)
UnityEngine.Rendering.Universal.UniversalRenderPipeline:Render (UnityEngine.Rendering.ScriptableRenderContext,System.Collections.Generic.List`1<UnityEngine.Camera>) (at ./Library/PackageCache/com.unity.render-pipelines.universal@65a6875fdfbc/Runtime/UniversalRenderPipeline.cs:470)
UnityEngine.Rendering.RenderPipeline:InternalRender (UnityEngine.Rendering.ScriptableRenderContext,System.Collections.Generic.List`1<UnityEngine.Camera>)
UnityEngine.Rendering.RenderPipelineManager:DoRenderLoop_Internal (UnityEngine.Rendering.RenderPipelineAsset,intptr,UnityEngine.Object,Unity.Collections.LowLevel.Unsafe.AtomicSafetyHandle)

[./Library/PackageCache/com.unity.render-pipelines.universal@65a6875fdfbc/Runtime/UniversalRenderPipeline.cs line 891]

DrawTransparentObjects: Unable to find surface for attachment 0
UnityEngine.Debug:ExtractStackTraceNoAlloc (byte*,int,string)
UnityEngine.StackTraceUtility:ExtractStackTrace ()
UnityEngine.Rendering.ScriptableRenderContext:Submit ()
UnityEngine.Rendering.Universal.UniversalRenderPipeline:RenderSingleCamera (UnityEngine.Rendering.ScriptableRenderContext,UnityEngine.Rendering.Universal.UniversalCameraData) (at ./Library/PackageCache/com.unity.render-pipelines.universal@65a6875fdfbc/Runtime/UniversalRenderPipeline.cs:891)
UnityEngine.Rendering.Universal.UniversalRenderPipeline:RenderCameraStack (UnityEngine.Rendering.ScriptableRenderContext,UnityEngine.Camera,bool) (at ./Library/PackageCache/com.unity.render-pipelines.universal@65a6875fdfbc/Runtime/UniversalRenderPipeline.cs:1093)
UnityEngine.Rendering.Universal.UniversalRenderPipeline:Render (UnityEngine.Rendering.ScriptableRenderContext,System.Collections.Generic.List`1<UnityEngine.Camera>) (at ./Library/PackageCache/com.unity.render-pipelines.universal@65a6875fdfbc/Runtime/UniversalRenderPipeline.cs:470)
UnityEngine.Rendering.RenderPipeline:InternalRender (UnityEngine.Rendering.ScriptableRenderContext,System.Collections.Generic.List`1<UnityEngine.Camera>)
UnityEngine.Rendering.RenderPipelineManager:DoRenderLoop_Internal (UnityEngine.Rendering.RenderPipelineAsset,intptr,UnityEngine.Object,Unity.Collections.LowLevel.Unsafe.AtomicSafetyHandle)

[./Library/PackageCache/com.unity.render-pipelines.universal@65a6875fdfbc/Runtime/UniversalRenderPipeline.cs line 891]

EndRenderPass: Not inside a Renderpass
UnityEngine.Debug:ExtractStackTraceNoAlloc (byte*,int,string)
UnityEngine.StackTraceUtility:ExtractStackTrace ()
UnityEngine.Rendering.ScriptableRenderContext:Submit ()
UnityEngine.Rendering.Universal.UniversalRenderPipeline:RenderSingleCamera (UnityEngine.Rendering.ScriptableRenderContext,UnityEngine.Rendering.Universal.UniversalCameraData) (at ./Library/PackageCache/com.unity.render-pipelines.universal@65a6875fdfbc/Runtime/UniversalRenderPipeline.cs:891)
UnityEngine.Rendering.Universal.UniversalRenderPipeline:RenderCameraStack (UnityEngine.Rendering.ScriptableRenderContext,UnityEngine.Camera,bool) (at ./Library/PackageCache/com.unity.render-pipelines.universal@65a6875fdfbc/Runtime/UniversalRenderPipeline.cs:1093)
UnityEngine.Rendering.Universal.UniversalRenderPipeline:Render (UnityEngine.Rendering.ScriptableRenderContext,System.Collections.Generic.List`1<UnityEngine.Camera>) (at ./Library/PackageCache/com.unity.render-pipelines.universal@65a6875fdfbc/Runtime/UniversalRenderPipeline.cs:470)
UnityEngine.Rendering.RenderPipeline:InternalRender (UnityEngine.Rendering.ScriptableRenderContext,System.Collections.Generic.List`1<UnityEngine.Camera>)
UnityEngine.Rendering.RenderPipelineManager:DoRenderLoop_Internal (UnityEngine.Rendering.RenderPipelineAsset,intptr,UnityEngine.Object,Unity.Collections.LowLevel.Unsafe.AtomicSafetyHandle)

[./Library/PackageCache/com.unity.render-pipelines.universal@65a6875fdfbc/Runtime/UniversalRenderPipeline.cs line 891]

SetConstantBuffer: The current renderer does not support constant buffers. This call will have no effect.
UnityEngine.Debug:ExtractStackTraceNoAlloc (byte*,int,string)
UnityEngine.StackTraceUtility:ExtractStackTrace ()
UnityEngine.Rendering.ScriptableRenderContext:Submit ()
UnityEngine.Rendering.Universal.UniversalRenderPipeline:RenderSingleCamera (UnityEngine.Rendering.ScriptableRenderContext,UnityEngine.Rendering.Universal.UniversalCameraData) (at ./Library/PackageCache/com.unity.render-pipelines.universal@65a6875fdfbc/Runtime/UniversalRenderPipeline.cs:891)
UnityEngine.Rendering.Universal.UniversalRenderPipeline:RenderCameraStack (UnityEngine.Rendering.ScriptableRenderContext,UnityEngine.Camera,bool) (at ./Library/PackageCache/com.unity.render-pipelines.universal@65a6875fdfbc/Runtime/UniversalRenderPipeline.cs:1093)
UnityEngine.Rendering.Universal.UniversalRenderPipeline:Render (UnityEngine.Rendering.ScriptableRenderContext,System.Collections.Generic.List`1<UnityEngine.Camera>) (at ./Library/PackageCache/com.unity.render-pipelines.universal@65a6875fdfbc/Runtime/UniversalRenderPipeline.cs:470)
UnityEngine.Rendering.RenderPipeline:InternalRender (UnityEngine.Rendering.ScriptableRenderContext,System.Collections.Generic.List`1<UnityEngine.Camera>)
UnityEngine.Rendering.RenderPipelineManager:DoRenderLoop_Internal (UnityEngine.Rendering.RenderPipelineAsset,intptr,UnityEngine.Object,Unity.Collections.LowLevel.Unsafe.AtomicSafetyHandle)

[./Library/PackageCache/com.unity.render-pipelines.universal@65a6875fdfbc/Runtime/UniversalRenderPipeline.cs line 891]

SetConstantBuffer: The current renderer does not support constant buffers. This call will have no effect.
UnityEngine.Debug:ExtractStackTraceNoAlloc (byte*,int,string)
UnityEngine.StackTraceUtility:ExtractStackTrace ()
UnityEngine.Rendering.ScriptableRenderContext:Submit ()
UnityEngine.Rendering.Universal.UniversalRenderPipeline:RenderSingleCamera (UnityEngine.Rendering.ScriptableRenderContext,UnityEngine.Rendering.Universal.UniversalCameraData) (at ./Library/PackageCache/com.unity.render-pipelines.universal@65a6875fdfbc/Runtime/UniversalRenderPipeline.cs:891)
UnityEngine.Rendering.Universal.UniversalRenderPipeline:RenderCameraStack (UnityEngine.Rendering.ScriptableRenderContext,UnityEngine.Camera,bool) (at ./Library/PackageCache/com.unity.render-pipelines.universal@65a6875fdfbc/Runtime/UniversalRenderPipeline.cs:1093)
UnityEngine.Rendering.Universal.UniversalRenderPipeline:Render (UnityEngine.Rendering.ScriptableRenderContext,System.Collections.Generic.List`1<UnityEngine.Camera>) (at ./Library/PackageCache/com.unity.render-pipelines.universal@65a6875fdfbc/Runtime/UniversalRenderPipeline.cs:470)
UnityEngine.Rendering.RenderPipeline:InternalRender (UnityEngine.Rendering.ScriptableRenderContext,System.Collections.Generic.List`1<UnityEngine.Camera>)
UnityEngine.Rendering.RenderPipelineManager:DoRenderLoop_Internal (UnityEngine.Rendering.RenderPipelineAsset,intptr,UnityEngine.Object,Unity.Collections.LowLevel.Unsafe.AtomicSafetyHandle)

[./Library/PackageCache/com.unity.render-pipelines.universal@65a6875fdfbc/Runtime/UniversalRenderPipeline.cs line 891]

RenderTexture.Create failed
UnityEngine.Debug:ExtractStackTraceNoAlloc (byte*,int,string)
UnityEngine.StackTraceUtility:ExtractStackTrace ()
UnityEngine.Rendering.ScriptableRenderContext:Submit ()
UnityEngine.Rendering.Universal.UniversalRenderPipeline:RenderSingleCamera (UnityEngine.Rendering.ScriptableRenderContext,UnityEngine.Rendering.Universal.UniversalCameraData) (at ./Library/PackageCache/com.unity.render-pipelines.universal@65a6875fdfbc/Runtime/UniversalRenderPipeline.cs:891)
UnityEngine.Rendering.Universal.UniversalRenderPipeline:RenderCameraStack (UnityEngine.Rendering.ScriptableRenderContext,UnityEngine.Camera,bool) (at ./Library/PackageCache/com.unity.render-pipelines.universal@65a6875fdfbc/Runtime/UniversalRenderPipeline.cs:1093)
UnityEngine.Rendering.Universal.UniversalRenderPipeline:Render (UnityEngine.Rendering.ScriptableRenderContext,System.Collections.Generic.List`1<UnityEngine.Camera>) (at ./Library/PackageCache/com.unity.render-pipelines.universal@65a6875fdfbc/Runtime/UniversalRenderPipeline.cs:470)
UnityEngine.Rendering.RenderPipeline:InternalRender (UnityEngine.Rendering.ScriptableRenderContext,System.Collections.Generic.List`1<UnityEngine.Camera>)
UnityEngine.Rendering.RenderPipelineManager:DoRenderLoop_Internal (UnityEngine.Rendering.RenderPipelineAsset,intptr,UnityEngine.Object,Unity.Collections.LowLevel.Unsafe.AtomicSafetyHandle)

[./Library/PackageCache/com.unity.render-pipelines.universal@65a6875fdfbc/Runtime/UniversalRenderPipeline.cs line 891]

RenderTexture.Create failed
UnityEngine.Debug:ExtractStackTraceNoAlloc (byte*,int,string)
UnityEngine.StackTraceUtility:ExtractStackTrace ()
UnityEngine.Rendering.ScriptableRenderContext:Submit ()
UnityEngine.Rendering.Universal.UniversalRenderPipeline:RenderSingleCamera (UnityEngine.Rendering.ScriptableRenderContext,UnityEngine.Rendering.Universal.UniversalCameraData) (at ./Library/PackageCache/com.unity.render-pipelines.universal@65a6875fdfbc/Runtime/UniversalRenderPipeline.cs:891)
UnityEngine.Rendering.Universal.UniversalRenderPipeline:RenderCameraStack (UnityEngine.Rendering.ScriptableRenderContext,UnityEngine.Camera,bool) (at ./Library/PackageCache/com.unity.render-pipelines.universal@65a6875fdfbc/Runtime/UniversalRenderPipeline.cs:1093)
UnityEngine.Rendering.Universal.UniversalRenderPipeline:Render (UnityEngine.Rendering.ScriptableRenderContext,System.Collections.Generic.List`1<UnityEngine.Camera>) (at ./Library/PackageCache/com.unity.render-pipelines.universal@65a6875fdfbc/Runtime/UniversalRenderPipeline.cs:470)
UnityEngine.Rendering.RenderPipeline:InternalRender (UnityEngine.Rendering.ScriptableRenderContext,System.Collections.Generic.List`1<UnityEngine.Camera>)
UnityEngine.Rendering.RenderPipelineManager:DoRenderLoop_Internal (UnityEngine.Rendering.RenderPipelineAsset,intptr,UnityEngine.Object,Unity.Collections.LowLevel.Unsafe.AtomicSafetyHandle)

[./Library/PackageCache/com.unity.render-pipelines.universal@65a6875fdfbc/Runtime/UniversalRenderPipeline.cs line 891]

RenderTexture.Create failed
UnityEngine.Debug:ExtractStackTraceNoAlloc (byte*,int,string)
UnityEngine.StackTraceUtility:ExtractStackTrace ()
UnityEngine.Rendering.ScriptableRenderContext:Submit ()
UnityEngine.Rendering.Universal.UniversalRenderPipeline:RenderSingleCamera (UnityEngine.Rendering.ScriptableRenderContext,UnityEngine.Rendering.Universal.UniversalCameraData) (at ./Library/PackageCache/com.unity.render-pipelines.universal@65a6875fdfbc/Runtime/UniversalRenderPipeline.cs:891)
UnityEngine.Rendering.Universal.UniversalRenderPipeline:RenderCameraStack (UnityEngine.Rendering.ScriptableRenderContext,UnityEngine.Camera,bool) (at ./Library/PackageCache/com.unity.render-pipelines.universal@65a6875fdfbc/Runtime/UniversalRenderPipeline.cs:1093)
UnityEngine.Rendering.Universal.UniversalRenderPipeline:Render (UnityEngine.Rendering.ScriptableRenderContext,System.Collections.Generic.List`1<UnityEngine.Camera>) (at ./Library/PackageCache/com.unity.render-pipelines.universal@65a6875fdfbc/Runtime/UniversalRenderPipeline.cs:470)
UnityEngine.Rendering.RenderPipeline:InternalRender (UnityEngine.Rendering.ScriptableRenderContext,System.Collections.Generic.List`1<UnityEngine.Camera>)
UnityEngine.Rendering.RenderPipelineManager:DoRenderLoop_Internal (UnityEngine.Rendering.RenderPipelineAsset,intptr,UnityEngine.Object,Unity.Collections.LowLevel.Unsafe.AtomicSafetyHandle)

[./Library/PackageCache/com.unity.render-pipelines.universal@65a6875fdfbc/Runtime/UniversalRenderPipeline.cs line 891]

DrawDepthNormalPrepass: Unable to find surface for attachment 0
UnityEngine.Debug:ExtractStackTraceNoAlloc (byte*,int,string)
UnityEngine.StackTraceUtility:ExtractStackTrace ()
UnityEngine.Rendering.ScriptableRenderContext:Submit ()
UnityEngine.Rendering.Universal.UniversalRenderPipeline:RenderSingleCamera (UnityEngine.Rendering.ScriptableRenderContext,UnityEngine.Rendering.Universal.UniversalCameraData) (at ./Library/PackageCache/com.unity.render-pipelines.universal@65a6875fdfbc/Runtime/UniversalRenderPipeline.cs:891)
UnityEngine.Rendering.Universal.UniversalRenderPipeline:RenderCameraStack (UnityEngine.Rendering.ScriptableRenderContext,UnityEngine.Camera,bool) (at ./Library/PackageCache/com.unity.render-pipelines.universal@65a6875fdfbc/Runtime/UniversalRenderPipeline.cs:1093)
UnityEngine.Rendering.Universal.UniversalRenderPipeline:Render (UnityEngine.Rendering.ScriptableRenderContext,System.Collections.Generic.List`1<UnityEngine.Camera>) (at ./Library/PackageCache/com.unity.render-pipelines.universal@65a6875fdfbc/Runtime/UniversalRenderPipeline.cs:470)
UnityEngine.Rendering.RenderPipeline:InternalRender (UnityEngine.Rendering.ScriptableRenderContext,System.Collections.Generic.List`1<UnityEngine.Camera>)
UnityEngine.Rendering.RenderPipelineManager:DoRenderLoop_Internal (UnityEngine.Rendering.RenderPipelineAsset,intptr,UnityEngine.Object,Unity.Collections.LowLevel.Unsafe.AtomicSafetyHandle)

[./Library/PackageCache/com.unity.render-pipelines.universal@65a6875fdfbc/Runtime/UniversalRenderPipeline.cs line 891]

EndRenderPass: Not inside a Renderpass
UnityEngine.Debug:ExtractStackTraceNoAlloc (byte*,int,string)
UnityEngine.StackTraceUtility:ExtractStackTrace ()
UnityEngine.Rendering.ScriptableRenderContext:Submit ()
UnityEngine.Rendering.Universal.UniversalRenderPipeline:RenderSingleCamera (UnityEngine.Rendering.ScriptableRenderContext,UnityEngine.Rendering.Universal.UniversalCameraData) (at ./Library/PackageCache/com.unity.render-pipelines.universal@65a6875fdfbc/Runtime/UniversalRenderPipeline.cs:891)
UnityEngine.Rendering.Universal.UniversalRenderPipeline:RenderCameraStack (UnityEngine.Rendering.ScriptableRenderContext,UnityEngine.Camera,bool) (at ./Library/PackageCache/com.unity.render-pipelines.universal@65a6875fdfbc/Runtime/UniversalRenderPipeline.cs:1093)
UnityEngine.Rendering.Universal.UniversalRenderPipeline:Render (UnityEngine.Rendering.ScriptableRenderContext,System.Collections.Generic.List`1<UnityEngine.Camera>) (at ./Library/PackageCache/com.unity.render-pipelines.universal@65a6875fdfbc/Runtime/UniversalRenderPipeline.cs:470)
UnityEngine.Rendering.RenderPipeline:InternalRender (UnityEngine.Rendering.ScriptableRenderContext,System.Collections.Generic.List`1<UnityEngine.Camera>)
UnityEngine.Rendering.RenderPipelineManager:DoRenderLoop_Internal (UnityEngine.Rendering.RenderPipelineAsset,intptr,UnityEngine.Object,Unity.Collections.LowLevel.Unsafe.AtomicSafetyHandle)

[./Library/PackageCache/com.unity.render-pipelines.universal@65a6875fdfbc/Runtime/UniversalRenderPipeline.cs line 891]

RenderTexture.Create failed
UnityEngine.Debug:ExtractStackTraceNoAlloc (byte*,int,string)
UnityEngine.StackTraceUtility:ExtractStackTrace ()
UnityEngine.Rendering.ScriptableRenderContext:Submit ()
UnityEngine.Rendering.Universal.UniversalRenderPipeline:RenderSingleCamera (UnityEngine.Rendering.ScriptableRenderContext,UnityEngine.Rendering.Universal.UniversalCameraData) (at ./Library/PackageCache/com.unity.render-pipelines.universal@65a6875fdfbc/Runtime/UniversalRenderPipeline.cs:891)
UnityEngine.Rendering.Universal.UniversalRenderPipeline:RenderCameraStack (UnityEngine.Rendering.ScriptableRenderContext,UnityEngine.Camera,bool) (at ./Library/PackageCache/com.unity.render-pipelines.universal@65a6875fdfbc/Runtime/UniversalRenderPipeline.cs:1093)
UnityEngine.Rendering.Universal.UniversalRenderPipeline:Render (UnityEngine.Rendering.ScriptableRenderContext,System.Collections.Generic.List`1<UnityEngine.Camera>) (at ./Library/PackageCache/com.unity.render-pipelines.universal@65a6875fdfbc/Runtime/UniversalRenderPipeline.cs:470)
UnityEngine.Rendering.RenderPipeline:InternalRender (UnityEngine.Rendering.ScriptableRenderContext,System.Collections.Generic.List`1<UnityEngine.Camera>)
UnityEngine.Rendering.RenderPipelineManager:DoRenderLoop_Internal (UnityEngine.Rendering.RenderPipelineAsset,intptr,UnityEngine.Object,Unity.Collections.LowLevel.Unsafe.AtomicSafetyHandle)

[./Library/PackageCache/com.unity.render-pipelines.universal@65a6875fdfbc/Runtime/UniversalRenderPipeline.cs line 891]

RenderTexture.Create failed
UnityEngine.Debug:ExtractStackTraceNoAlloc (byte*,int,string)
UnityEngine.StackTraceUtility:ExtractStackTrace ()
UnityEngine.Rendering.ScriptableRenderContext:Submit ()
UnityEngine.Rendering.Universal.UniversalRenderPipeline:RenderSingleCamera (UnityEngine.Rendering.ScriptableRenderContext,UnityEngine.Rendering.Universal.UniversalCameraData) (at ./Library/PackageCache/com.unity.render-pipelines.universal@65a6875fdfbc/Runtime/UniversalRenderPipeline.cs:891)
UnityEngine.Rendering.Universal.UniversalRenderPipeline:RenderCameraStack (UnityEngine.Rendering.ScriptableRenderContext,UnityEngine.Camera,bool) (at ./Library/PackageCache/com.unity.render-pipelines.universal@65a6875fdfbc/Runtime/UniversalRenderPipeline.cs:1093)
UnityEngine.Rendering.Universal.UniversalRenderPipeline:Render (UnityEngine.Rendering.ScriptableRenderContext,System.Collections.Generic.List`1<UnityEngine.Camera>) (at ./Library/PackageCache/com.unity.render-pipelines.universal@65a6875fdfbc/Runtime/UniversalRenderPipeline.cs:470)
UnityEngine.Rendering.RenderPipeline:InternalRender (UnityEngine.Rendering.ScriptableRenderContext,System.Collections.Generic.List`1<UnityEngine.Camera>)
UnityEngine.Rendering.RenderPipelineManager:DoRenderLoop_Internal (UnityEngine.Rendering.RenderPipelineAsset,intptr,UnityEngine.Object,Unity.Collections.LowLevel.Unsafe.AtomicSafetyHandle)

[./Library/PackageCache/com.unity.render-pipelines.universal@65a6875fdfbc/Runtime/UniversalRenderPipeline.cs line 891]

RenderTexture.Create failed
UnityEngine.Debug:ExtractStackTraceNoAlloc (byte*,int,string)
UnityEngine.StackTraceUtility:ExtractStackTrace ()
UnityEngine.Rendering.ScriptableRenderContext:Submit ()
UnityEngine.Rendering.Universal.UniversalRenderPipeline:RenderSingleCamera (UnityEngine.Rendering.ScriptableRenderContext,UnityEngine.Rendering.Universal.UniversalCameraData) (at ./Library/PackageCache/com.unity.render-pipelines.universal@65a6875fdfbc/Runtime/UniversalRenderPipeline.cs:891)
UnityEngine.Rendering.Universal.UniversalRenderPipeline:RenderCameraStack (UnityEngine.Rendering.ScriptableRenderContext,UnityEngine.Camera,bool) (at ./Library/PackageCache/com.unity.render-pipelines.universal@65a6875fdfbc/Runtime/UniversalRenderPipeline.cs:1093)
UnityEngine.Rendering.Universal.UniversalRenderPipeline:Render (UnityEngine.Rendering.ScriptableRenderContext,System.Collections.Generic.List`1<UnityEngine.Camera>) (at ./Library/PackageCache/com.unity.render-pipelines.universal@65a6875fdfbc/Runtime/UniversalRenderPipeline.cs:470)
UnityEngine.Rendering.RenderPipeline:InternalRender (UnityEngine.Rendering.ScriptableRenderContext,System.Collections.Generic.List`1<UnityEngine.Camera>)
UnityEngine.Rendering.RenderPipelineManager:DoRenderLoop_Internal (UnityEngine.Rendering.RenderPipelineAsset,intptr,UnityEngine.Object,Unity.Collections.LowLevel.Unsafe.AtomicSafetyHandle)

[./Library/PackageCache/com.unity.render-pipelines.universal@65a6875fdfbc/Runtime/UniversalRenderPipeline.cs line 891]

DrawOpaqueObjects: Unable to find surface for attachment 0
UnityEngine.Debug:ExtractStackTraceNoAlloc (byte*,int,string)
UnityEngine.StackTraceUtility:ExtractStackTrace ()
UnityEngine.Rendering.ScriptableRenderContext:Submit ()
UnityEngine.Rendering.Universal.UniversalRenderPipeline:RenderSingleCamera (UnityEngine.Rendering.ScriptableRenderContext,UnityEngine.Rendering.Universal.UniversalCameraData) (at ./Library/PackageCache/com.unity.render-pipelines.universal@65a6875fdfbc/Runtime/UniversalRenderPipeline.cs:891)
UnityEngine.Rendering.Universal.UniversalRenderPipeline:RenderCameraStack (UnityEngine.Rendering.ScriptableRenderContext,UnityEngine.Camera,bool) (at ./Library/PackageCache/com.unity.render-pipelines.universal@65a6875fdfbc/Runtime/UniversalRenderPipeline.cs:1093)
UnityEngine.Rendering.Universal.UniversalRenderPipeline:Render (UnityEngine.Rendering.ScriptableRenderContext,System.Collections.Generic.List`1<UnityEngine.Camera>) (at ./Library/PackageCache/com.unity.render-pipelines.universal@65a6875fdfbc/Runtime/UniversalRenderPipeline.cs:470)
UnityEngine.Rendering.RenderPipeline:InternalRender (UnityEngine.Rendering.ScriptableRenderContext,System.Collections.Generic.List`1<UnityEngine.Camera>)
UnityEngine.Rendering.RenderPipelineManager:DoRenderLoop_Internal (UnityEngine.Rendering.RenderPipelineAsset,intptr,UnityEngine.Object,Unity.Collections.LowLevel.Unsafe.AtomicSafetyHandle)

[./Library/PackageCache/com.unity.render-pipelines.universal@65a6875fdfbc/Runtime/UniversalRenderPipeline.cs line 891]

EndRenderPass: Not inside a Renderpass
UnityEngine.Debug:ExtractStackTraceNoAlloc (byte*,int,string)
UnityEngine.StackTraceUtility:ExtractStackTrace ()
UnityEngine.Rendering.ScriptableRenderContext:Submit ()
UnityEngine.Rendering.Universal.UniversalRenderPipeline:RenderSingleCamera (UnityEngine.Rendering.ScriptableRenderContext,UnityEngine.Rendering.Universal.UniversalCameraData) (at ./Library/PackageCache/com.unity.render-pipelines.universal@65a6875fdfbc/Runtime/UniversalRenderPipeline.cs:891)
UnityEngine.Rendering.Universal.UniversalRenderPipeline:RenderCameraStack (UnityEngine.Rendering.ScriptableRenderContext,UnityEngine.Camera,bool) (at ./Library/PackageCache/com.unity.render-pipelines.universal@65a6875fdfbc/Runtime/UniversalRenderPipeline.cs:1093)
UnityEngine.Rendering.Universal.UniversalRenderPipeline:Render (UnityEngine.Rendering.ScriptableRenderContext,System.Collections.Generic.List`1<UnityEngine.Camera>) (at ./Library/PackageCache/com.unity.render-pipelines.universal@65a6875fdfbc/Runtime/UniversalRenderPipeline.cs:470)
UnityEngine.Rendering.RenderPipeline:InternalRender (UnityEngine.Rendering.ScriptableRenderContext,System.Collections.Generic.List`1<UnityEngine.Camera>)
UnityEngine.Rendering.RenderPipelineManager:DoRenderLoop_Internal (UnityEngine.Rendering.RenderPipelineAsset,intptr,UnityEngine.Object,Unity.Collections.LowLevel.Unsafe.AtomicSafetyHandle)

[./Library/PackageCache/com.unity.render-pipelines.universal@65a6875fdfbc/Runtime/UniversalRenderPipeline.cs line 891]

RenderTexture.Create failed
UnityEngine.Debug:ExtractStackTraceNoAlloc (byte*,int,string)
UnityEngine.StackTraceUtility:ExtractStackTrace ()
UnityEngine.Rendering.ScriptableRenderContext:Submit ()
UnityEngine.Rendering.Universal.UniversalRenderPipeline:RenderSingleCamera (UnityEngine.Rendering.ScriptableRenderContext,UnityEngine.Rendering.Universal.UniversalCameraData) (at ./Library/PackageCache/com.unity.render-pipelines.universal@65a6875fdfbc/Runtime/UniversalRenderPipeline.cs:891)
UnityEngine.Rendering.Universal.UniversalRenderPipeline:RenderCameraStack (UnityEngine.Rendering.ScriptableRenderContext,UnityEngine.Camera,bool) (at ./Library/PackageCache/com.unity.render-pipelines.universal@65a6875fdfbc/Runtime/UniversalRenderPipeline.cs:1093)
UnityEngine.Rendering.Universal.UniversalRenderPipeline:Render (UnityEngine.Rendering.ScriptableRenderContext,System.Collections.Generic.List`1<UnityEngine.Camera>) (at ./Library/PackageCache/com.unity.render-pipelines.universal@65a6875fdfbc/Runtime/UniversalRenderPipeline.cs:470)
UnityEngine.Rendering.RenderPipeline:InternalRender (UnityEngine.Rendering.ScriptableRenderContext,System.Collections.Generic.List`1<UnityEngine.Camera>)
UnityEngine.Rendering.RenderPipelineManager:DoRenderLoop_Internal (UnityEngine.Rendering.RenderPipelineAsset,intptr,UnityEngine.Object,Unity.Collections.LowLevel.Unsafe.AtomicSafetyHandle)

[./Library/PackageCache/com.unity.render-pipelines.universal@65a6875fdfbc/Runtime/UniversalRenderPipeline.cs line 891]

RenderTexture.Create failed
UnityEngine.Debug:ExtractStackTraceNoAlloc (byte*,int,string)
UnityEngine.StackTraceUtility:ExtractStackTrace ()
UnityEngine.Rendering.ScriptableRenderContext:Submit ()
UnityEngine.Rendering.Universal.UniversalRenderPipeline:RenderSingleCamera (UnityEngine.Rendering.ScriptableRenderContext,UnityEngine.Rendering.Universal.UniversalCameraData) (at ./Library/PackageCache/com.unity.render-pipelines.universal@65a6875fdfbc/Runtime/UniversalRenderPipeline.cs:891)
UnityEngine.Rendering.Universal.UniversalRenderPipeline:RenderCameraStack (UnityEngine.Rendering.ScriptableRenderContext,UnityEngine.Camera,bool) (at ./Library/PackageCache/com.unity.render-pipelines.universal@65a6875fdfbc/Runtime/UniversalRenderPipeline.cs:1093)
UnityEngine.Rendering.Universal.UniversalRenderPipeline:Render (UnityEngine.Rendering.ScriptableRenderContext,System.Collections.Generic.List`1<UnityEngine.Camera>) (at ./Library/PackageCache/com.unity.render-pipelines.universal@65a6875fdfbc/Runtime/UniversalRenderPipeline.cs:470)
UnityEngine.Rendering.RenderPipeline:InternalRender (UnityEngine.Rendering.ScriptableRenderContext,System.Collections.Generic.List`1<UnityEngine.Camera>)
UnityEngine.Rendering.RenderPipelineManager:DoRenderLoop_Internal (UnityEngine.Rendering.RenderPipelineAsset,intptr,UnityEngine.Object,Unity.Collections.LowLevel.Unsafe.AtomicSafetyHandle)

[./Library/PackageCache/com.unity.render-pipelines.universal@65a6875fdfbc/Runtime/UniversalRenderPipeline.cs line 891]

RenderTexture.Create failed
UnityEngine.Debug:ExtractStackTraceNoAlloc (byte*,int,string)
UnityEngine.StackTraceUtility:ExtractStackTrace ()
UnityEngine.Rendering.ScriptableRenderContext:Submit ()
UnityEngine.Rendering.Universal.UniversalRenderPipeline:RenderSingleCamera (UnityEngine.Rendering.ScriptableRenderContext,UnityEngine.Rendering.Universal.UniversalCameraData) (at ./Library/PackageCache/com.unity.render-pipelines.universal@65a6875fdfbc/Runtime/UniversalRenderPipeline.cs:891)
UnityEngine.Rendering.Universal.UniversalRenderPipeline:RenderCameraStack (UnityEngine.Rendering.ScriptableRenderContext,UnityEngine.Camera,bool) (at ./Library/PackageCache/com.unity.render-pipelines.universal@65a6875fdfbc/Runtime/UniversalRenderPipeline.cs:1093)
UnityEngine.Rendering.Universal.UniversalRenderPipeline:Render (UnityEngine.Rendering.ScriptableRenderContext,System.Collections.Generic.List`1<UnityEngine.Camera>) (at ./Library/PackageCache/com.unity.render-pipelines.universal@65a6875fdfbc/Runtime/UniversalRenderPipeline.cs:470)
UnityEngine.Rendering.RenderPipeline:InternalRender (UnityEngine.Rendering.ScriptableRenderContext,System.Collections.Generic.List`1<UnityEngine.Camera>)
UnityEngine.Rendering.RenderPipelineManager:DoRenderLoop_Internal (UnityEngine.Rendering.RenderPipelineAsset,intptr,UnityEngine.Object,Unity.Collections.LowLevel.Unsafe.AtomicSafetyHandle)

[./Library/PackageCache/com.unity.render-pipelines.universal@65a6875fdfbc/Runtime/UniversalRenderPipeline.cs line 891]

DrawTransparentObjects: Unable to find surface for attachment 0
UnityEngine.Debug:ExtractStackTraceNoAlloc (byte*,int,string)
UnityEngine.StackTraceUtility:ExtractStackTrace ()
UnityEngine.Rendering.ScriptableRenderContext:Submit ()
UnityEngine.Rendering.Universal.UniversalRenderPipeline:RenderSingleCamera (UnityEngine.Rendering.ScriptableRenderContext,UnityEngine.Rendering.Universal.UniversalCameraData) (at ./Library/PackageCache/com.unity.render-pipelines.universal@65a6875fdfbc/Runtime/UniversalRenderPipeline.cs:891)
UnityEngine.Rendering.Universal.UniversalRenderPipeline:RenderCameraStack (UnityEngine.Rendering.ScriptableRenderContext,UnityEngine.Camera,bool) (at ./Library/PackageCache/com.unity.render-pipelines.universal@65a6875fdfbc/Runtime/UniversalRenderPipeline.cs:1093)
UnityEngine.Rendering.Universal.UniversalRenderPipeline:Render (UnityEngine.Rendering.ScriptableRenderContext,System.Collections.Generic.List`1<UnityEngine.Camera>) (at ./Library/PackageCache/com.unity.render-pipelines.universal@65a6875fdfbc/Runtime/UniversalRenderPipeline.cs:470)
UnityEngine.Rendering.RenderPipeline:InternalRender (UnityEngine.Rendering.ScriptableRenderContext,System.Collections.Generic.List`1<UnityEngine.Camera>)
UnityEngine.Rendering.RenderPipelineManager:DoRenderLoop_Internal (UnityEngine.Rendering.RenderPipelineAsset,intptr,UnityEngine.Object,Unity.Collections.LowLevel.Unsafe.AtomicSafetyHandle)

[./Library/PackageCache/com.unity.render-pipelines.universal@65a6875fdfbc/Runtime/UniversalRenderPipeline.cs line 891]

EndRenderPass: Not inside a Renderpass
UnityEngine.Debug:ExtractStackTraceNoAlloc (byte*,int,string)
UnityEngine.StackTraceUtility:ExtractStackTrace ()
UnityEngine.Rendering.ScriptableRenderContext:Submit ()
UnityEngine.Rendering.Universal.UniversalRenderPipeline:RenderSingleCamera (UnityEngine.Rendering.ScriptableRenderContext,UnityEngine.Rendering.Universal.UniversalCameraData) (at ./Library/PackageCache/com.unity.render-pipelines.universal@65a6875fdfbc/Runtime/UniversalRenderPipeline.cs:891)
UnityEngine.Rendering.Universal.UniversalRenderPipeline:RenderCameraStack (UnityEngine.Rendering.ScriptableRenderContext,UnityEngine.Camera,bool) (at ./Library/PackageCache/com.unity.render-pipelines.universal@65a6875fdfbc/Runtime/UniversalRenderPipeline.cs:1093)
UnityEngine.Rendering.Universal.UniversalRenderPipeline:Render (UnityEngine.Rendering.ScriptableRenderContext,System.Collections.Generic.List`1<UnityEngine.Camera>) (at ./Library/PackageCache/com.unity.render-pipelines.universal@65a6875fdfbc/Runtime/UniversalRenderPipeline.cs:470)
UnityEngine.Rendering.RenderPipeline:InternalRender (UnityEngine.Rendering.ScriptableRenderContext,System.Collections.Generic.List`1<UnityEngine.Camera>)
UnityEngine.Rendering.RenderPipelineManager:DoRenderLoop_Internal (UnityEngine.Rendering.RenderPipelineAsset,intptr,UnityEngine.Object,Unity.Collections.LowLevel.Unsafe.AtomicSafetyHandle)

[./Library/PackageCache/com.unity.render-pipelines.universal@65a6875fdfbc/Runtime/UniversalRenderPipeline.cs line 891]

SetConstantBuffer: The current renderer does not support constant buffers. This call will have no effect.
UnityEngine.Debug:ExtractStackTraceNoAlloc (byte*,int,string)
UnityEngine.StackTraceUtility:ExtractStackTrace ()
UnityEngine.Rendering.ScriptableRenderContext:Submit ()
UnityEngine.Rendering.Universal.UniversalRenderPipeline:RenderSingleCamera (UnityEngine.Rendering.ScriptableRenderContext,UnityEngine.Rendering.Universal.UniversalCameraData) (at ./Library/PackageCache/com.unity.render-pipelines.universal@65a6875fdfbc/Runtime/UniversalRenderPipeline.cs:891)
UnityEngine.Rendering.Universal.UniversalRenderPipeline:RenderCameraStack (UnityEngine.Rendering.ScriptableRenderContext,UnityEngine.Camera,bool) (at ./Library/PackageCache/com.unity.render-pipelines.universal@65a6875fdfbc/Runtime/UniversalRenderPipeline.cs:1093)
UnityEngine.Rendering.Universal.UniversalRenderPipeline:Render (UnityEngine.Rendering.ScriptableRenderContext,System.Collections.Generic.List`1<UnityEngine.Camera>) (at ./Library/PackageCache/com.unity.render-pipelines.universal@65a6875fdfbc/Runtime/UniversalRenderPipeline.cs:470)
UnityEngine.Rendering.RenderPipeline:InternalRender (UnityEngine.Rendering.ScriptableRenderContext,System.Collections.Generic.List`1<UnityEngine.Camera>)
UnityEngine.Rendering.RenderPipelineManager:DoRenderLoop_Internal (UnityEngine.Rendering.RenderPipelineAsset,intptr,UnityEngine.Object,Unity.Collections.LowLevel.Unsafe.AtomicSafetyHandle)

[./Library/PackageCache/com.unity.render-pipelines.universal@65a6875fdfbc/Runtime/UniversalRenderPipeline.cs line 891]

SetConstantBuffer: The current renderer does not support constant buffers. This call will have no effect.
UnityEngine.Debug:ExtractStackTraceNoAlloc (byte*,int,string)
UnityEngine.StackTraceUtility:ExtractStackTrace ()
UnityEngine.Rendering.ScriptableRenderContext:Submit ()
UnityEngine.Rendering.Universal.UniversalRenderPipeline:RenderSingleCamera (UnityEngine.Rendering.ScriptableRenderContext,UnityEngine.Rendering.Universal.UniversalCameraData) (at ./Library/PackageCache/com.unity.render-pipelines.universal@65a6875fdfbc/Runtime/UniversalRenderPipeline.cs:891)
UnityEngine.Rendering.Universal.UniversalRenderPipeline:RenderCameraStack (UnityEngine.Rendering.ScriptableRenderContext,UnityEngine.Camera,bool) (at ./Library/PackageCache/com.unity.render-pipelines.universal@65a6875fdfbc/Runtime/UniversalRenderPipeline.cs:1093)
UnityEngine.Rendering.Universal.UniversalRenderPipeline:Render (UnityEngine.Rendering.ScriptableRenderContext,System.Collections.Generic.List`1<UnityEngine.Camera>) (at ./Library/PackageCache/com.unity.render-pipelines.universal@65a6875fdfbc/Runtime/UniversalRenderPipeline.cs:470)
UnityEngine.Rendering.RenderPipeline:InternalRender (UnityEngine.Rendering.ScriptableRenderContext,System.Collections.Generic.List`1<UnityEngine.Camera>)
UnityEngine.Rendering.RenderPipelineManager:DoRenderLoop_Internal (UnityEngine.Rendering.RenderPipelineAsset,intptr,UnityEngine.Object,Unity.Collections.LowLevel.Unsafe.AtomicSafetyHandle)

[./Library/PackageCache/com.unity.render-pipelines.universal@65a6875fdfbc/Runtime/UniversalRenderPipeline.cs line 891]

RenderTexture.Create failed
UnityEngine.Debug:ExtractStackTraceNoAlloc (byte*,int,string)
UnityEngine.StackTraceUtility:ExtractStackTrace ()
UnityEngine.Rendering.ScriptableRenderContext:Submit ()
UnityEngine.Rendering.Universal.UniversalRenderPipeline:RenderSingleCamera (UnityEngine.Rendering.ScriptableRenderContext,UnityEngine.Rendering.Universal.UniversalCameraData) (at ./Library/PackageCache/com.unity.render-pipelines.universal@65a6875fdfbc/Runtime/UniversalRenderPipeline.cs:891)
UnityEngine.Rendering.Universal.UniversalRenderPipeline:RenderCameraStack (UnityEngine.Rendering.ScriptableRenderContext,UnityEngine.Camera,bool) (at ./Library/PackageCache/com.unity.render-pipelines.universal@65a6875fdfbc/Runtime/UniversalRenderPipeline.cs:1093)
UnityEngine.Rendering.Universal.UniversalRenderPipeline:Render (UnityEngine.Rendering.ScriptableRenderContext,System.Collections.Generic.List`1<UnityEngine.Camera>) (at ./Library/PackageCache/com.unity.render-pipelines.universal@65a6875fdfbc/Runtime/UniversalRenderPipeline.cs:470)
UnityEngine.Rendering.RenderPipeline:InternalRender (UnityEngine.Rendering.ScriptableRenderContext,System.Collections.Generic.List`1<UnityEngine.Camera>)
UnityEngine.Rendering.RenderPipelineManager:DoRenderLoop_Internal (UnityEngine.Rendering.RenderPipelineAsset,intptr,UnityEngine.Object,Unity.Collections.LowLevel.Unsafe.AtomicSafetyHandle)

[./Library/PackageCache/com.unity.render-pipelines.universal@65a6875fdfbc/Runtime/UniversalRenderPipeline.cs line 891]

RenderTexture.Create failed
UnityEngine.Debug:ExtractStackTraceNoAlloc (byte*,int,string)
UnityEngine.StackTraceUtility:ExtractStackTrace ()
UnityEngine.Rendering.ScriptableRenderContext:Submit ()
UnityEngine.Rendering.Universal.UniversalRenderPipeline:RenderSingleCamera (UnityEngine.Rendering.ScriptableRenderContext,UnityEngine.Rendering.Universal.UniversalCameraData) (at ./Library/PackageCache/com.unity.render-pipelines.universal@65a6875fdfbc/Runtime/UniversalRenderPipeline.cs:891)
UnityEngine.Rendering.Universal.UniversalRenderPipeline:RenderCameraStack (UnityEngine.Rendering.ScriptableRenderContext,UnityEngine.Camera,bool) (at ./Library/PackageCache/com.unity.render-pipelines.universal@65a6875fdfbc/Runtime/UniversalRenderPipeline.cs:1093)
UnityEngine.Rendering.Universal.UniversalRenderPipeline:Render (UnityEngine.Rendering.ScriptableRenderContext,System.Collections.Generic.List`1<UnityEngine.Camera>) (at ./Library/PackageCache/com.unity.render-pipelines.universal@65a6875fdfbc/Runtime/UniversalRenderPipeline.cs:470)
UnityEngine.Rendering.RenderPipeline:InternalRender (UnityEngine.Rendering.ScriptableRenderContext,System.Collections.Generic.List`1<UnityEngine.Camera>)
UnityEngine.Rendering.RenderPipelineManager:DoRenderLoop_Internal (UnityEngine.Rendering.RenderPipelineAsset,intptr,UnityEngine.Object,Unity.Collections.LowLevel.Unsafe.AtomicSafetyHandle)

[./Library/PackageCache/com.unity.render-pipelines.universal@65a6875fdfbc/Runtime/UniversalRenderPipeline.cs line 891]

RenderTexture.Create failed
UnityEngine.Debug:ExtractStackTraceNoAlloc (byte*,int,string)
UnityEngine.StackTraceUtility:ExtractStackTrace ()
UnityEngine.Rendering.ScriptableRenderContext:Submit ()
UnityEngine.Rendering.Universal.UniversalRenderPipeline:RenderSingleCamera (UnityEngine.Rendering.ScriptableRenderContext,UnityEngine.Rendering.Universal.UniversalCameraData) (at ./Library/PackageCache/com.unity.render-pipelines.universal@65a6875fdfbc/Runtime/UniversalRenderPipeline.cs:891)
UnityEngine.Rendering.Universal.UniversalRenderPipeline:RenderCameraStack (UnityEngine.Rendering.ScriptableRenderContext,UnityEngine.Camera,bool) (at ./Library/PackageCache/com.unity.render-pipelines.universal@65a6875fdfbc/Runtime/UniversalRenderPipeline.cs:1093)
UnityEngine.Rendering.Universal.UniversalRenderPipeline:Render (UnityEngine.Rendering.ScriptableRenderContext,System.Collections.Generic.List`1<UnityEngine.Camera>) (at ./Library/PackageCache/com.unity.render-pipelines.universal@65a6875fdfbc/Runtime/UniversalRenderPipeline.cs:470)
UnityEngine.Rendering.RenderPipeline:InternalRender (UnityEngine.Rendering.ScriptableRenderContext,System.Collections.Generic.List`1<UnityEngine.Camera>)
UnityEngine.Rendering.RenderPipelineManager:DoRenderLoop_Internal (UnityEngine.Rendering.RenderPipelineAsset,intptr,UnityEngine.Object,Unity.Collections.LowLevel.Unsafe.AtomicSafetyHandle)

[./Library/PackageCache/com.unity.render-pipelines.universal@65a6875fdfbc/Runtime/UniversalRenderPipeline.cs line 891]

DrawDepthNormalPrepass: Unable to find surface for attachment 0
UnityEngine.Debug:ExtractStackTraceNoAlloc (byte*,int,string)
UnityEngine.StackTraceUtility:ExtractStackTrace ()
UnityEngine.Rendering.ScriptableRenderContext:Submit ()
UnityEngine.Rendering.Universal.UniversalRenderPipeline:RenderSingleCamera (UnityEngine.Rendering.ScriptableRenderContext,UnityEngine.Rendering.Universal.UniversalCameraData) (at ./Library/PackageCache/com.unity.render-pipelines.universal@65a6875fdfbc/Runtime/UniversalRenderPipeline.cs:891)
UnityEngine.Rendering.Universal.UniversalRenderPipeline:RenderCameraStack (UnityEngine.Rendering.ScriptableRenderContext,UnityEngine.Camera,bool) (at ./Library/PackageCache/com.unity.render-pipelines.universal@65a6875fdfbc/Runtime/UniversalRenderPipeline.cs:1093)
UnityEngine.Rendering.Universal.UniversalRenderPipeline:Render (UnityEngine.Rendering.ScriptableRenderContext,System.Collections.Generic.List`1<UnityEngine.Camera>) (at ./Library/PackageCache/com.unity.render-pipelines.universal@65a6875fdfbc/Runtime/UniversalRenderPipeline.cs:470)
UnityEngine.Rendering.RenderPipeline:InternalRender (UnityEngine.Rendering.ScriptableRenderContext,System.Collections.Generic.List`1<UnityEngine.Camera>)
UnityEngine.Rendering.RenderPipelineManager:DoRenderLoop_Internal (UnityEngine.Rendering.RenderPipelineAsset,intptr,UnityEngine.Object,Unity.Collections.LowLevel.Unsafe.AtomicSafetyHandle)

[./Library/PackageCache/com.unity.render-pipelines.universal@65a6875fdfbc/Runtime/UniversalRenderPipeline.cs line 891]

EndRenderPass: Not inside a Renderpass
UnityEngine.Debug:ExtractStackTraceNoAlloc (byte*,int,string)
UnityEngine.StackTraceUtility:ExtractStackTrace ()
UnityEngine.Rendering.ScriptableRenderContext:Submit ()
UnityEngine.Rendering.Universal.UniversalRenderPipeline:RenderSingleCamera (UnityEngine.Rendering.ScriptableRenderContext,UnityEngine.Rendering.Universal.UniversalCameraData) (at ./Library/PackageCache/com.unity.render-pipelines.universal@65a6875fdfbc/Runtime/UniversalRenderPipeline.cs:891)
UnityEngine.Rendering.Universal.UniversalRenderPipeline:RenderCameraStack (UnityEngine.Rendering.ScriptableRenderContext,UnityEngine.Camera,bool) (at ./Library/PackageCache/com.unity.render-pipelines.universal@65a6875fdfbc/Runtime/UniversalRenderPipeline.cs:1093)
UnityEngine.Rendering.Universal.UniversalRenderPipeline:Render (UnityEngine.Rendering.ScriptableRenderContext,System.Collections.Generic.List`1<UnityEngine.Camera>) (at ./Library/PackageCache/com.unity.render-pipelines.universal@65a6875fdfbc/Runtime/UniversalRenderPipeline.cs:470)
UnityEngine.Rendering.RenderPipeline:InternalRender (UnityEngine.Rendering.ScriptableRenderContext,System.Collections.Generic.List`1<UnityEngine.Camera>)
UnityEngine.Rendering.RenderPipelineManager:DoRenderLoop_Internal (UnityEngine.Rendering.RenderPipelineAsset,intptr,UnityEngine.Object,Unity.Collections.LowLevel.Unsafe.AtomicSafetyHandle)

[./Library/PackageCache/com.unity.render-pipelines.universal@65a6875fdfbc/Runtime/UniversalRenderPipeline.cs line 891]

RenderTexture.Create failed
UnityEngine.Debug:ExtractStackTraceNoAlloc (byte*,int,string)
UnityEngine.StackTraceUtility:ExtractStackTrace ()
UnityEngine.Rendering.ScriptableRenderContext:Submit ()
UnityEngine.Rendering.Universal.UniversalRenderPipeline:RenderSingleCamera (UnityEngine.Rendering.ScriptableRenderContext,UnityEngine.Rendering.Universal.UniversalCameraData) (at ./Library/PackageCache/com.unity.render-pipelines.universal@65a6875fdfbc/Runtime/UniversalRenderPipeline.cs:891)
UnityEngine.Rendering.Universal.UniversalRenderPipeline:RenderCameraStack (UnityEngine.Rendering.ScriptableRenderContext,UnityEngine.Camera,bool) (at ./Library/PackageCache/com.unity.render-pipelines.universal@65a6875fdfbc/Runtime/UniversalRenderPipeline.cs:1093)
UnityEngine.Rendering.Universal.UniversalRenderPipeline:Render (UnityEngine.Rendering.ScriptableRenderContext,System.Collections.Generic.List`1<UnityEngine.Camera>) (at ./Library/PackageCache/com.unity.render-pipelines.universal@65a6875fdfbc/Runtime/UniversalRenderPipeline.cs:470)
UnityEngine.Rendering.RenderPipeline:InternalRender (UnityEngine.Rendering.ScriptableRenderContext,System.Collections.Generic.List`1<UnityEngine.Camera>)
UnityEngine.Rendering.RenderPipelineManager:DoRenderLoop_Internal (UnityEngine.Rendering.RenderPipelineAsset,intptr,UnityEngine.Object,Unity.Collections.LowLevel.Unsafe.AtomicSafetyHandle)

[./Library/PackageCache/com.unity.render-pipelines.universal@65a6875fdfbc/Runtime/UniversalRenderPipeline.cs line 891]

RenderTexture.Create failed
UnityEngine.Debug:ExtractStackTraceNoAlloc (byte*,int,string)
UnityEngine.StackTraceUtility:ExtractStackTrace ()
UnityEngine.Rendering.ScriptableRenderContext:Submit ()
UnityEngine.Rendering.Universal.UniversalRenderPipeline:RenderSingleCamera (UnityEngine.Rendering.ScriptableRenderContext,UnityEngine.Rendering.Universal.UniversalCameraData) (at ./Library/PackageCache/com.unity.render-pipelines.universal@65a6875fdfbc/Runtime/UniversalRenderPipeline.cs:891)
UnityEngine.Rendering.Universal.UniversalRenderPipeline:RenderCameraStack (UnityEngine.Rendering.ScriptableRenderContext,UnityEngine.Camera,bool) (at ./Library/PackageCache/com.unity.render-pipelines.universal@65a6875fdfbc/Runtime/UniversalRenderPipeline.cs:1093)
UnityEngine.Rendering.Universal.UniversalRenderPipeline:Render (UnityEngine.Rendering.ScriptableRenderContext,System.Collections.Generic.List`1<UnityEngine.Camera>) (at ./Library/PackageCache/com.unity.render-pipelines.universal@65a6875fdfbc/Runtime/UniversalRenderPipeline.cs:470)
UnityEngine.Rendering.RenderPipeline:InternalRender (UnityEngine.Rendering.ScriptableRenderContext,System.Collections.Generic.List`1<UnityEngine.Camera>)
UnityEngine.Rendering.RenderPipelineManager:DoRenderLoop_Internal (UnityEngine.Rendering.RenderPipelineAsset,intptr,UnityEngine.Object,Unity.Collections.LowLevel.Unsafe.AtomicSafetyHandle)

[./Library/PackageCache/com.unity.render-pipelines.universal@65a6875fdfbc/Runtime/UniversalRenderPipeline.cs line 891]

RenderTexture.Create failed
UnityEngine.Debug:ExtractStackTraceNoAlloc (byte*,int,string)
UnityEngine.StackTraceUtility:ExtractStackTrace ()
UnityEngine.Rendering.ScriptableRenderContext:Submit ()
UnityEngine.Rendering.Universal.UniversalRenderPipeline:RenderSingleCamera (UnityEngine.Rendering.ScriptableRenderContext,UnityEngine.Rendering.Universal.UniversalCameraData) (at ./Library/PackageCache/com.unity.render-pipelines.universal@65a6875fdfbc/Runtime/UniversalRenderPipeline.cs:891)
UnityEngine.Rendering.Universal.UniversalRenderPipeline:RenderCameraStack (UnityEngine.Rendering.ScriptableRenderContext,UnityEngine.Camera,bool) (at ./Library/PackageCache/com.unity.render-pipelines.universal@65a6875fdfbc/Runtime/UniversalRenderPipeline.cs:1093)
UnityEngine.Rendering.Universal.UniversalRenderPipeline:Render (UnityEngine.Rendering.ScriptableRenderContext,System.Collections.Generic.List`1<UnityEngine.Camera>) (at ./Library/PackageCache/com.unity.render-pipelines.universal@65a6875fdfbc/Runtime/UniversalRenderPipeline.cs:470)
UnityEngine.Rendering.RenderPipeline:InternalRender (UnityEngine.Rendering.ScriptableRenderContext,System.Collections.Generic.List`1<UnityEngine.Camera>)
UnityEngine.Rendering.RenderPipelineManager:DoRenderLoop_Internal (UnityEngine.Rendering.RenderPipelineAsset,intptr,UnityEngine.Object,Unity.Collections.LowLevel.Unsafe.AtomicSafetyHandle)

[./Library/PackageCache/com.unity.render-pipelines.universal@65a6875fdfbc/Runtime/UniversalRenderPipeline.cs line 891]

DrawOpaqueObjects: Unable to find surface for attachment 0
UnityEngine.Debug:ExtractStackTraceNoAlloc (byte*,int,string)
UnityEngine.StackTraceUtility:ExtractStackTrace ()
UnityEngine.Rendering.ScriptableRenderContext:Submit ()
UnityEngine.Rendering.Universal.UniversalRenderPipeline:RenderSingleCamera (UnityEngine.Rendering.ScriptableRenderContext,UnityEngine.Rendering.Universal.UniversalCameraData) (at ./Library/PackageCache/com.unity.render-pipelines.universal@65a6875fdfbc/Runtime/UniversalRenderPipeline.cs:891)
UnityEngine.Rendering.Universal.UniversalRenderPipeline:RenderCameraStack (UnityEngine.Rendering.ScriptableRenderContext,UnityEngine.Camera,bool) (at ./Library/PackageCache/com.unity.render-pipelines.universal@65a6875fdfbc/Runtime/UniversalRenderPipeline.cs:1093)
UnityEngine.Rendering.Universal.UniversalRenderPipeline:Render (UnityEngine.Rendering.ScriptableRenderContext,System.Collections.Generic.List`1<UnityEngine.Camera>) (at ./Library/PackageCache/com.unity.render-pipelines.universal@65a6875fdfbc/Runtime/UniversalRenderPipeline.cs:470)
UnityEngine.Rendering.RenderPipeline:InternalRender (UnityEngine.Rendering.ScriptableRenderContext,System.Collections.Generic.List`1<UnityEngine.Camera>)
UnityEngine.Rendering.RenderPipelineManager:DoRenderLoop_Internal (UnityEngine.Rendering.RenderPipelineAsset,intptr,UnityEngine.Object,Unity.Collections.LowLevel.Unsafe.AtomicSafetyHandle)

[./Library/PackageCache/com.unity.render-pipelines.universal@65a6875fdfbc/Runtime/UniversalRenderPipeline.cs line 891]

EndRenderPass: Not inside a Renderpass
UnityEngine.Debug:ExtractStackTraceNoAlloc (byte*,int,string)
UnityEngine.StackTraceUtility:ExtractStackTrace ()
UnityEngine.Rendering.ScriptableRenderContext:Submit ()
UnityEngine.Rendering.Universal.UniversalRenderPipeline:RenderSingleCamera (UnityEngine.Rendering.ScriptableRenderContext,UnityEngine.Rendering.Universal.UniversalCameraData) (at ./Library/PackageCache/com.unity.render-pipelines.universal@65a6875fdfbc/Runtime/UniversalRenderPipeline.cs:891)
UnityEngine.Rendering.Universal.UniversalRenderPipeline:RenderCameraStack (UnityEngine.Rendering.ScriptableRenderContext,UnityEngine.Camera,bool) (at ./Library/PackageCache/com.unity.render-pipelines.universal@65a6875fdfbc/Runtime/UniversalRenderPipeline.cs:1093)
UnityEngine.Rendering.Universal.UniversalRenderPipeline:Render (UnityEngine.Rendering.ScriptableRenderContext,System.Collections.Generic.List`1<UnityEngine.Camera>) (at ./Library/PackageCache/com.unity.render-pipelines.universal@65a6875fdfbc/Runtime/UniversalRenderPipeline.cs:470)
UnityEngine.Rendering.RenderPipeline:InternalRender (UnityEngine.Rendering.ScriptableRenderContext,System.Collections.Generic.List`1<UnityEngine.Camera>)
UnityEngine.Rendering.RenderPipelineManager:DoRenderLoop_Internal (UnityEngine.Rendering.RenderPipelineAsset,intptr,UnityEngine.Object,Unity.Collections.LowLevel.Unsafe.AtomicSafetyHandle)

[./Library/PackageCache/com.unity.render-pipelines.universal@65a6875fdfbc/Runtime/UniversalRenderPipeline.cs line 891]

RenderTexture.Create failed
UnityEngine.Debug:ExtractStackTraceNoAlloc (byte*,int,string)
UnityEngine.StackTraceUtility:ExtractStackTrace ()
UnityEngine.Rendering.ScriptableRenderContext:Submit ()
UnityEngine.Rendering.Universal.UniversalRenderPipeline:RenderSingleCamera (UnityEngine.Rendering.ScriptableRenderContext,UnityEngine.Rendering.Universal.UniversalCameraData) (at ./Library/PackageCache/com.unity.render-pipelines.universal@65a6875fdfbc/Runtime/UniversalRenderPipeline.cs:891)
UnityEngine.Rendering.Universal.UniversalRenderPipeline:RenderCameraStack (UnityEngine.Rendering.ScriptableRenderContext,UnityEngine.Camera,bool) (at ./Library/PackageCache/com.unity.render-pipelines.universal@65a6875fdfbc/Runtime/UniversalRenderPipeline.cs:1093)
UnityEngine.Rendering.Universal.UniversalRenderPipeline:Render (UnityEngine.Rendering.ScriptableRenderContext,System.Collections.Generic.List`1<UnityEngine.Camera>) (at ./Library/PackageCache/com.unity.render-pipelines.universal@65a6875fdfbc/Runtime/UniversalRenderPipeline.cs:470)
UnityEngine.Rendering.RenderPipeline:InternalRender (UnityEngine.Rendering.ScriptableRenderContext,System.Collections.Generic.List`1<UnityEngine.Camera>)
UnityEngine.Rendering.RenderPipelineManager:DoRenderLoop_Internal (UnityEngine.Rendering.RenderPipelineAsset,intptr,UnityEngine.Object,Unity.Collections.LowLevel.Unsafe.AtomicSafetyHandle)

[./Library/PackageCache/com.unity.render-pipelines.universal@65a6875fdfbc/Runtime/UniversalRenderPipeline.cs line 891]

RenderTexture.Create failed
UnityEngine.Debug:ExtractStackTraceNoAlloc (byte*,int,string)
UnityEngine.StackTraceUtility:ExtractStackTrace ()
UnityEngine.Rendering.ScriptableRenderContext:Submit ()
UnityEngine.Rendering.Universal.UniversalRenderPipeline:RenderSingleCamera (UnityEngine.Rendering.ScriptableRenderContext,UnityEngine.Rendering.Universal.UniversalCameraData) (at ./Library/PackageCache/com.unity.render-pipelines.universal@65a6875fdfbc/Runtime/UniversalRenderPipeline.cs:891)
UnityEngine.Rendering.Universal.UniversalRenderPipeline:RenderCameraStack (UnityEngine.Rendering.ScriptableRenderContext,UnityEngine.Camera,bool) (at ./Library/PackageCache/com.unity.render-pipelines.universal@65a6875fdfbc/Runtime/UniversalRenderPipeline.cs:1093)
UnityEngine.Rendering.Universal.UniversalRenderPipeline:Render (UnityEngine.Rendering.ScriptableRenderContext,System.Collections.Generic.List`1<UnityEngine.Camera>) (at ./Library/PackageCache/com.unity.render-pipelines.universal@65a6875fdfbc/Runtime/UniversalRenderPipeline.cs:470)
UnityEngine.Rendering.RenderPipeline:InternalRender (UnityEngine.Rendering.ScriptableRenderContext,System.Collections.Generic.List`1<UnityEngine.Camera>)
UnityEngine.Rendering.RenderPipelineManager:DoRenderLoop_Internal (UnityEngine.Rendering.RenderPipelineAsset,intptr,UnityEngine.Object,Unity.Collections.LowLevel.Unsafe.AtomicSafetyHandle)

[./Library/PackageCache/com.unity.render-pipelines.universal@65a6875fdfbc/Runtime/UniversalRenderPipeline.cs line 891]

RenderTexture.Create failed
UnityEngine.Debug:ExtractStackTraceNoAlloc (byte*,int,string)
UnityEngine.StackTraceUtility:ExtractStackTrace ()
UnityEngine.Rendering.ScriptableRenderContext:Submit ()
UnityEngine.Rendering.Universal.UniversalRenderPipeline:RenderSingleCamera (UnityEngine.Rendering.ScriptableRenderContext,UnityEngine.Rendering.Universal.UniversalCameraData) (at ./Library/PackageCache/com.unity.render-pipelines.universal@65a6875fdfbc/Runtime/UniversalRenderPipeline.cs:891)
UnityEngine.Rendering.Universal.UniversalRenderPipeline:RenderCameraStack (UnityEngine.Rendering.ScriptableRenderContext,UnityEngine.Camera,bool) (at ./Library/PackageCache/com.unity.render-pipelines.universal@65a6875fdfbc/Runtime/UniversalRenderPipeline.cs:1093)
UnityEngine.Rendering.Universal.UniversalRenderPipeline:Render (UnityEngine.Rendering.ScriptableRenderContext,System.Collections.Generic.List`1<UnityEngine.Camera>) (at ./Library/PackageCache/com.unity.render-pipelines.universal@65a6875fdfbc/Runtime/UniversalRenderPipeline.cs:470)
UnityEngine.Rendering.RenderPipeline:InternalRender (UnityEngine.Rendering.ScriptableRenderContext,System.Collections.Generic.List`1<UnityEngine.Camera>)
UnityEngine.Rendering.RenderPipelineManager:DoRenderLoop_Internal (UnityEngine.Rendering.RenderPipelineAsset,intptr,UnityEngine.Object,Unity.Collections.LowLevel.Unsafe.AtomicSafetyHandle)

[./Library/PackageCache/com.unity.render-pipelines.universal@65a6875fdfbc/Runtime/UniversalRenderPipeline.cs line 891]

DrawTransparentObjects: Unable to find surface for attachment 0
UnityEngine.Debug:ExtractStackTraceNoAlloc (byte*,int,string)
UnityEngine.StackTraceUtility:ExtractStackTrace ()
UnityEngine.Rendering.ScriptableRenderContext:Submit ()
UnityEngine.Rendering.Universal.UniversalRenderPipeline:RenderSingleCamera (UnityEngine.Rendering.ScriptableRenderContext,UnityEngine.Rendering.Universal.UniversalCameraData) (at ./Library/PackageCache/com.unity.render-pipelines.universal@65a6875fdfbc/Runtime/UniversalRenderPipeline.cs:891)
UnityEngine.Rendering.Universal.UniversalRenderPipeline:RenderCameraStack (UnityEngine.Rendering.ScriptableRenderContext,UnityEngine.Camera,bool) (at ./Library/PackageCache/com.unity.render-pipelines.universal@65a6875fdfbc/Runtime/UniversalRenderPipeline.cs:1093)
UnityEngine.Rendering.Universal.UniversalRenderPipeline:Render (UnityEngine.Rendering.ScriptableRenderContext,System.Collections.Generic.List`1<UnityEngine.Camera>) (at ./Library/PackageCache/com.unity.render-pipelines.universal@65a6875fdfbc/Runtime/UniversalRenderPipeline.cs:470)
UnityEngine.Rendering.RenderPipeline:InternalRender (UnityEngine.Rendering.ScriptableRenderContext,System.Collections.Generic.List`1<UnityEngine.Camera>)
UnityEngine.Rendering.RenderPipelineManager:DoRenderLoop_Internal (UnityEngine.Rendering.RenderPipelineAsset,intptr,UnityEngine.Object,Unity.Collections.LowLevel.Unsafe.AtomicSafetyHandle)

[./Library/PackageCache/com.unity.render-pipelines.universal@65a6875fdfbc/Runtime/UniversalRenderPipeline.cs line 891]

EndRenderPass: Not inside a Renderpass
UnityEngine.Debug:ExtractStackTraceNoAlloc (byte*,int,string)
UnityEngine.StackTraceUtility:ExtractStackTrace ()
UnityEngine.Rendering.ScriptableRenderContext:Submit ()
UnityEngine.Rendering.Universal.UniversalRenderPipeline:RenderSingleCamera (UnityEngine.Rendering.ScriptableRenderContext,UnityEngine.Rendering.Universal.UniversalCameraData) (at ./Library/PackageCache/com.unity.render-pipelines.universal@65a6875fdfbc/Runtime/UniversalRenderPipeline.cs:891)
UnityEngine.Rendering.Universal.UniversalRenderPipeline:RenderCameraStack (UnityEngine.Rendering.ScriptableRenderContext,UnityEngine.Camera,bool) (at ./Library/PackageCache/com.unity.render-pipelines.universal@65a6875fdfbc/Runtime/UniversalRenderPipeline.cs:1093)
UnityEngine.Rendering.Universal.UniversalRenderPipeline:Render (UnityEngine.Rendering.ScriptableRenderContext,System.Collections.Generic.List`1<UnityEngine.Camera>) (at ./Library/PackageCache/com.unity.render-pipelines.universal@65a6875fdfbc/Runtime/UniversalRenderPipeline.cs:470)
UnityEngine.Rendering.RenderPipeline:InternalRender (UnityEngine.Rendering.ScriptableRenderContext,System.Collections.Generic.List`1<UnityEngine.Camera>)
UnityEngine.Rendering.RenderPipelineManager:DoRenderLoop_Internal (UnityEngine.Rendering.RenderPipelineAsset,intptr,UnityEngine.Object,Unity.Collections.LowLevel.Unsafe.AtomicSafetyHandle)

[./Library/PackageCache/com.unity.render-pipelines.universal@65a6875fdfbc/Runtime/UniversalRenderPipeline.cs line 891]

Saving results to: C:/Users/Mathe/AppData/LocalLow/DefaultCompany/Hegemonia Global\TestResults.xml
Saving results to: C:\Users\Mathe\Desktop\Hegemonia-Mundial-main\Hegemonia-Mundial-main\V2-playmode-results.xml
SetConstantBuffer: The current renderer does not support constant buffers. This call will have no effect.
UnityEngine.Debug:ExtractStackTraceNoAlloc (byte*,int,string)
UnityEngine.StackTraceUtility:ExtractStackTrace ()
UnityEngine.Rendering.ScriptableRenderContext:Submit ()
UnityEngine.Rendering.Universal.UniversalRenderPipeline:RenderSingleCamera (UnityEngine.Rendering.ScriptableRenderContext,UnityEngine.Rendering.Universal.UniversalCameraData) (at ./Library/PackageCache/com.unity.render-pipelines.universal@65a6875fdfbc/Runtime/UniversalRenderPipeline.cs:891)
UnityEngine.Rendering.Universal.UniversalRenderPipeline:RenderCameraStack (UnityEngine.Rendering.ScriptableRenderContext,UnityEngine.Camera,bool) (at ./Library/PackageCache/com.unity.render-pipelines.universal@65a6875fdfbc/Runtime/UniversalRenderPipeline.cs:1093)
UnityEngine.Rendering.Universal.UniversalRenderPipeline:Render (UnityEngine.Rendering.ScriptableRenderContext,System.Collections.Generic.List`1<UnityEngine.Camera>) (at ./Library/PackageCache/com.unity.render-pipelines.universal@65a6875fdfbc/Runtime/UniversalRenderPipeline.cs:470)
UnityEngine.Rendering.RenderPipeline:InternalRender (UnityEngine.Rendering.ScriptableRenderContext,System.Collections.Generic.List`1<UnityEngine.Camera>)
UnityEngine.Rendering.RenderPipelineManager:DoRenderLoop_Internal (UnityEngine.Rendering.RenderPipelineAsset,intptr,UnityEngine.Object,Unity.Collections.LowLevel.Unsafe.AtomicSafetyHandle)

[./Library/PackageCache/com.unity.render-pipelines.universal@65a6875fdfbc/Runtime/UniversalRenderPipeline.cs line 891]

SetConstantBuffer: The current renderer does not support constant buffers. This call will have no effect.
UnityEngine.Debug:ExtractStackTraceNoAlloc (byte*,int,string)
UnityEngine.StackTraceUtility:ExtractStackTrace ()
UnityEngine.Rendering.ScriptableRenderContext:Submit ()
UnityEngine.Rendering.Universal.UniversalRenderPipeline:RenderSingleCamera (UnityEngine.Rendering.ScriptableRenderContext,UnityEngine.Rendering.Universal.UniversalCameraData) (at ./Library/PackageCache/com.unity.render-pipelines.universal@65a6875fdfbc/Runtime/UniversalRenderPipeline.cs:891)
UnityEngine.Rendering.Universal.UniversalRenderPipeline:RenderCameraStack (UnityEngine.Rendering.ScriptableRenderContext,UnityEngine.Camera,bool) (at ./Library/PackageCache/com.unity.render-pipelines.universal@65a6875fdfbc/Runtime/UniversalRenderPipeline.cs:1093)
UnityEngine.Rendering.Universal.UniversalRenderPipeline:Render (UnityEngine.Rendering.ScriptableRenderContext,System.Collections.Generic.List`1<UnityEngine.Camera>) (at ./Library/PackageCache/com.unity.render-pipelines.universal@65a6875fdfbc/Runtime/UniversalRenderPipeline.cs:470)
UnityEngine.Rendering.RenderPipeline:InternalRender (UnityEngine.Rendering.ScriptableRenderContext,System.Collections.Generic.List`1<UnityEngine.Camera>)
UnityEngine.Rendering.RenderPipelineManager:DoRenderLoop_Internal (UnityEngine.Rendering.RenderPipelineAsset,intptr,UnityEngine.Object,Unity.Collections.LowLevel.Unsafe.AtomicSafetyHandle)

[./Library/PackageCache/com.unity.render-pipelines.universal@65a6875fdfbc/Runtime/UniversalRenderPipeline.cs line 891]

RenderTexture.Create failed
UnityEngine.Debug:ExtractStackTraceNoAlloc (byte*,int,string)
UnityEngine.StackTraceUtility:ExtractStackTrace ()
UnityEngine.Rendering.ScriptableRenderContext:Submit ()
UnityEngine.Rendering.Universal.UniversalRenderPipeline:RenderSingleCamera (UnityEngine.Rendering.ScriptableRenderContext,UnityEngine.Rendering.Universal.UniversalCameraData) (at ./Library/PackageCache/com.unity.render-pipelines.universal@65a6875fdfbc/Runtime/UniversalRenderPipeline.cs:891)
UnityEngine.Rendering.Universal.UniversalRenderPipeline:RenderCameraStack (UnityEngine.Rendering.ScriptableRenderContext,UnityEngine.Camera,bool) (at ./Library/PackageCache/com.unity.render-pipelines.universal@65a6875fdfbc/Runtime/UniversalRenderPipeline.cs:1093)
UnityEngine.Rendering.Universal.UniversalRenderPipeline:Render (UnityEngine.Rendering.ScriptableRenderContext,System.Collections.Generic.List`1<UnityEngine.Camera>) (at ./Library/PackageCache/com.unity.render-pipelines.universal@65a6875fdfbc/Runtime/UniversalRenderPipeline.cs:470)
UnityEngine.Rendering.RenderPipeline:InternalRender (UnityEngine.Rendering.ScriptableRenderContext,System.Collections.Generic.List`1<UnityEngine.Camera>)
UnityEngine.Rendering.RenderPipelineManager:DoRenderLoop_Internal (UnityEngine.Rendering.RenderPipelineAsset,intptr,UnityEngine.Object,Unity.Collections.LowLevel.Unsafe.AtomicSafetyHandle)

[./Library/PackageCache/com.unity.render-pipelines.universal@65a6875fdfbc/Runtime/UniversalRenderPipeline.cs line 891]

RenderTexture.Create failed
UnityEngine.Debug:ExtractStackTraceNoAlloc (byte*,int,string)
UnityEngine.StackTraceUtility:ExtractStackTrace ()
UnityEngine.Rendering.ScriptableRenderContext:Submit ()
UnityEngine.Rendering.Universal.UniversalRenderPipeline:RenderSingleCamera (UnityEngine.Rendering.ScriptableRenderContext,UnityEngine.Rendering.Universal.UniversalCameraData) (at ./Library/PackageCache/com.unity.render-pipelines.universal@65a6875fdfbc/Runtime/UniversalRenderPipeline.cs:891)
UnityEngine.Rendering.Universal.UniversalRenderPipeline:RenderCameraStack (UnityEngine.Rendering.ScriptableRenderContext,UnityEngine.Camera,bool) (at ./Library/PackageCache/com.unity.render-pipelines.universal@65a6875fdfbc/Runtime/UniversalRenderPipeline.cs:1093)
UnityEngine.Rendering.Universal.UniversalRenderPipeline:Render (UnityEngine.Rendering.ScriptableRenderContext,System.Collections.Generic.List`1<UnityEngine.Camera>) (at ./Library/PackageCache/com.unity.render-pipelines.universal@65a6875fdfbc/Runtime/UniversalRenderPipeline.cs:470)
UnityEngine.Rendering.RenderPipeline:InternalRender (UnityEngine.Rendering.ScriptableRenderContext,System.Collections.Generic.List`1<UnityEngine.Camera>)
UnityEngine.Rendering.RenderPipelineManager:DoRenderLoop_Internal (UnityEngine.Rendering.RenderPipelineAsset,intptr,UnityEngine.Object,Unity.Collections.LowLevel.Unsafe.AtomicSafetyHandle)

[./Library/PackageCache/com.unity.render-pipelines.universal@65a6875fdfbc/Runtime/UniversalRenderPipeline.cs line 891]

RenderTexture.Create failed
UnityEngine.Debug:ExtractStackTraceNoAlloc (byte*,int,string)
UnityEngine.StackTraceUtility:ExtractStackTrace ()
UnityEngine.Rendering.ScriptableRenderContext:Submit ()
UnityEngine.Rendering.Universal.UniversalRenderPipeline:RenderSingleCamera (UnityEngine.Rendering.ScriptableRenderContext,UnityEngine.Rendering.Universal.UniversalCameraData) (at ./Library/PackageCache/com.unity.render-pipelines.universal@65a6875fdfbc/Runtime/UniversalRenderPipeline.cs:891)
UnityEngine.Rendering.Universal.UniversalRenderPipeline:RenderCameraStack (UnityEngine.Rendering.ScriptableRenderContext,UnityEngine.Camera,bool) (at ./Library/PackageCache/com.unity.render-pipelines.universal@65a6875fdfbc/Runtime/UniversalRenderPipeline.cs:1093)
UnityEngine.Rendering.Universal.UniversalRenderPipeline:Render (UnityEngine.Rendering.ScriptableRenderContext,System.Collections.Generic.List`1<UnityEngine.Camera>) (at ./Library/PackageCache/com.unity.render-pipelines.universal@65a6875fdfbc/Runtime/UniversalRenderPipeline.cs:470)
UnityEngine.Rendering.RenderPipeline:InternalRender (UnityEngine.Rendering.ScriptableRenderContext,System.Collections.Generic.List`1<UnityEngine.Camera>)
UnityEngine.Rendering.RenderPipelineManager:DoRenderLoop_Internal (UnityEngine.Rendering.RenderPipelineAsset,intptr,UnityEngine.Object,Unity.Collections.LowLevel.Unsafe.AtomicSafetyHandle)

[./Library/PackageCache/com.unity.render-pipelines.universal@65a6875fdfbc/Runtime/UniversalRenderPipeline.cs line 891]

DrawDepthNormalPrepass: Unable to find surface for attachment 0
UnityEngine.Debug:ExtractStackTraceNoAlloc (byte*,int,string)
UnityEngine.StackTraceUtility:ExtractStackTrace ()
UnityEngine.Rendering.ScriptableRenderContext:Submit ()
UnityEngine.Rendering.Universal.UniversalRenderPipeline:RenderSingleCamera (UnityEngine.Rendering.ScriptableRenderContext,UnityEngine.Rendering.Universal.UniversalCameraData) (at ./Library/PackageCache/com.unity.render-pipelines.universal@65a6875fdfbc/Runtime/UniversalRenderPipeline.cs:891)
UnityEngine.Rendering.Universal.UniversalRenderPipeline:RenderCameraStack (UnityEngine.Rendering.ScriptableRenderContext,UnityEngine.Camera,bool) (at ./Library/PackageCache/com.unity.render-pipelines.universal@65a6875fdfbc/Runtime/UniversalRenderPipeline.cs:1093)
UnityEngine.Rendering.Universal.UniversalRenderPipeline:Render (UnityEngine.Rendering.ScriptableRenderContext,System.Collections.Generic.List`1<UnityEngine.Camera>) (at ./Library/PackageCache/com.unity.render-pipelines.universal@65a6875fdfbc/Runtime/UniversalRenderPipeline.cs:470)
UnityEngine.Rendering.RenderPipeline:InternalRender (UnityEngine.Rendering.ScriptableRenderContext,System.Collections.Generic.List`1<UnityEngine.Camera>)
UnityEngine.Rendering.RenderPipelineManager:DoRenderLoop_Internal (UnityEngine.Rendering.RenderPipelineAsset,intptr,UnityEngine.Object,Unity.Collections.LowLevel.Unsafe.AtomicSafetyHandle)

[./Library/PackageCache/com.unity.render-pipelines.universal@65a6875fdfbc/Runtime/UniversalRenderPipeline.cs line 891]

EndRenderPass: Not inside a Renderpass
UnityEngine.Debug:ExtractStackTraceNoAlloc (byte*,int,string)
UnityEngine.StackTraceUtility:ExtractStackTrace ()
UnityEngine.Rendering.ScriptableRenderContext:Submit ()
UnityEngine.Rendering.Universal.UniversalRenderPipeline:RenderSingleCamera (UnityEngine.Rendering.ScriptableRenderContext,UnityEngine.Rendering.Universal.UniversalCameraData) (at ./Library/PackageCache/com.unity.render-pipelines.universal@65a6875fdfbc/Runtime/UniversalRenderPipeline.cs:891)
UnityEngine.Rendering.Universal.UniversalRenderPipeline:RenderCameraStack (UnityEngine.Rendering.ScriptableRenderContext,UnityEngine.Camera,bool) (at ./Library/PackageCache/com.unity.render-pipelines.universal@65a6875fdfbc/Runtime/UniversalRenderPipeline.cs:1093)
UnityEngine.Rendering.Universal.UniversalRenderPipeline:Render (UnityEngine.Rendering.ScriptableRenderContext,System.Collections.Generic.List`1<UnityEngine.Camera>) (at ./Library/PackageCache/com.unity.render-pipelines.universal@65a6875fdfbc/Runtime/UniversalRenderPipeline.cs:470)
UnityEngine.Rendering.RenderPipeline:InternalRender (UnityEngine.Rendering.ScriptableRenderContext,System.Collections.Generic.List`1<UnityEngine.Camera>)
UnityEngine.Rendering.RenderPipelineManager:DoRenderLoop_Internal (UnityEngine.Rendering.RenderPipelineAsset,intptr,UnityEngine.Object,Unity.Collections.LowLevel.Unsafe.AtomicSafetyHandle)

[./Library/PackageCache/com.unity.render-pipelines.universal@65a6875fdfbc/Runtime/UniversalRenderPipeline.cs line 891]

RenderTexture.Create failed
UnityEngine.Debug:ExtractStackTraceNoAlloc (byte*,int,string)
UnityEngine.StackTraceUtility:ExtractStackTrace ()
UnityEngine.Rendering.ScriptableRenderContext:Submit ()
UnityEngine.Rendering.Universal.UniversalRenderPipeline:RenderSingleCamera (UnityEngine.Rendering.ScriptableRenderContext,UnityEngine.Rendering.Universal.UniversalCameraData) (at ./Library/PackageCache/com.unity.render-pipelines.universal@65a6875fdfbc/Runtime/UniversalRenderPipeline.cs:891)
UnityEngine.Rendering.Universal.UniversalRenderPipeline:RenderCameraStack (UnityEngine.Rendering.ScriptableRenderContext,UnityEngine.Camera,bool) (at ./Library/PackageCache/com.unity.render-pipelines.universal@65a6875fdfbc/Runtime/UniversalRenderPipeline.cs:1093)
UnityEngine.Rendering.Universal.UniversalRenderPipeline:Render (UnityEngine.Rendering.ScriptableRenderContext,System.Collections.Generic.List`1<UnityEngine.Camera>) (at ./Library/PackageCache/com.unity.render-pipelines.universal@65a6875fdfbc/Runtime/UniversalRenderPipeline.cs:470)
UnityEngine.Rendering.RenderPipeline:InternalRender (UnityEngine.Rendering.ScriptableRenderContext,System.Collections.Generic.List`1<UnityEngine.Camera>)
UnityEngine.Rendering.RenderPipelineManager:DoRenderLoop_Internal (UnityEngine.Rendering.RenderPipelineAsset,intptr,UnityEngine.Object,Unity.Collections.LowLevel.Unsafe.AtomicSafetyHandle)

[./Library/PackageCache/com.unity.render-pipelines.universal@65a6875fdfbc/Runtime/UniversalRenderPipeline.cs line 891]

RenderTexture.Create failed
UnityEngine.Debug:ExtractStackTraceNoAlloc (byte*,int,string)
UnityEngine.StackTraceUtility:ExtractStackTrace ()
UnityEngine.Rendering.ScriptableRenderContext:Submit ()
UnityEngine.Rendering.Universal.UniversalRenderPipeline:RenderSingleCamera (UnityEngine.Rendering.ScriptableRenderContext,UnityEngine.Rendering.Universal.UniversalCameraData) (at ./Library/PackageCache/com.unity.render-pipelines.universal@65a6875fdfbc/Runtime/UniversalRenderPipeline.cs:891)
UnityEngine.Rendering.Universal.UniversalRenderPipeline:RenderCameraStack (UnityEngine.Rendering.ScriptableRenderContext,UnityEngine.Camera,bool) (at ./Library/PackageCache/com.unity.render-pipelines.universal@65a6875fdfbc/Runtime/UniversalRenderPipeline.cs:1093)
UnityEngine.Rendering.Universal.UniversalRenderPipeline:Render (UnityEngine.Rendering.ScriptableRenderContext,System.Collections.Generic.List`1<UnityEngine.Camera>) (at ./Library/PackageCache/com.unity.render-pipelines.universal@65a6875fdfbc/Runtime/UniversalRenderPipeline.cs:470)
UnityEngine.Rendering.RenderPipeline:InternalRender (UnityEngine.Rendering.ScriptableRenderContext,System.Collections.Generic.List`1<UnityEngine.Camera>)
UnityEngine.Rendering.RenderPipelineManager:DoRenderLoop_Internal (UnityEngine.Rendering.RenderPipelineAsset,intptr,UnityEngine.Object,Unity.Collections.LowLevel.Unsafe.AtomicSafetyHandle)

[./Library/PackageCache/com.unity.render-pipelines.universal@65a6875fdfbc/Runtime/UniversalRenderPipeline.cs line 891]

RenderTexture.Create failed
UnityEngine.Debug:ExtractStackTraceNoAlloc (byte*,int,string)
UnityEngine.StackTraceUtility:ExtractStackTrace ()
UnityEngine.Rendering.ScriptableRenderContext:Submit ()
UnityEngine.Rendering.Universal.UniversalRenderPipeline:RenderSingleCamera (UnityEngine.Rendering.ScriptableRenderContext,UnityEngine.Rendering.Universal.UniversalCameraData) (at ./Library/PackageCache/com.unity.render-pipelines.universal@65a6875fdfbc/Runtime/UniversalRenderPipeline.cs:891)
UnityEngine.Rendering.Universal.UniversalRenderPipeline:RenderCameraStack (UnityEngine.Rendering.ScriptableRenderContext,UnityEngine.Camera,bool) (at ./Library/PackageCache/com.unity.render-pipelines.universal@65a6875fdfbc/Runtime/UniversalRenderPipeline.cs:1093)
UnityEngine.Rendering.Universal.UniversalRenderPipeline:Render (UnityEngine.Rendering.ScriptableRenderContext,System.Collections.Generic.List`1<UnityEngine.Camera>) (at ./Library/PackageCache/com.unity.render-pipelines.universal@65a6875fdfbc/Runtime/UniversalRenderPipeline.cs:470)
UnityEngine.Rendering.RenderPipeline:InternalRender (UnityEngine.Rendering.ScriptableRenderContext,System.Collections.Generic.List`1<UnityEngine.Camera>)
UnityEngine.Rendering.RenderPipelineManager:DoRenderLoop_Internal (UnityEngine.Rendering.RenderPipelineAsset,intptr,UnityEngine.Object,Unity.Collections.LowLevel.Unsafe.AtomicSafetyHandle)

[./Library/PackageCache/com.unity.render-pipelines.universal@65a6875fdfbc/Runtime/UniversalRenderPipeline.cs line 891]

DrawOpaqueObjects: Unable to find surface for attachment 0
UnityEngine.Debug:ExtractStackTraceNoAlloc (byte*,int,string)
UnityEngine.StackTraceUtility:ExtractStackTrace ()
UnityEngine.Rendering.ScriptableRenderContext:Submit ()
UnityEngine.Rendering.Universal.UniversalRenderPipeline:RenderSingleCamera (UnityEngine.Rendering.ScriptableRenderContext,UnityEngine.Rendering.Universal.UniversalCameraData) (at ./Library/PackageCache/com.unity.render-pipelines.universal@65a6875fdfbc/Runtime/UniversalRenderPipeline.cs:891)
UnityEngine.Rendering.Universal.UniversalRenderPipeline:RenderCameraStack (UnityEngine.Rendering.ScriptableRenderContext,UnityEngine.Camera,bool) (at ./Library/PackageCache/com.unity.render-pipelines.universal@65a6875fdfbc/Runtime/UniversalRenderPipeline.cs:1093)
UnityEngine.Rendering.Universal.UniversalRenderPipeline:Render (UnityEngine.Rendering.ScriptableRenderContext,System.Collections.Generic.List`1<UnityEngine.Camera>) (at ./Library/PackageCache/com.unity.render-pipelines.universal@65a6875fdfbc/Runtime/UniversalRenderPipeline.cs:470)
UnityEngine.Rendering.RenderPipeline:InternalRender (UnityEngine.Rendering.ScriptableRenderContext,System.Collections.Generic.List`1<UnityEngine.Camera>)
UnityEngine.Rendering.RenderPipelineManager:DoRenderLoop_Internal (UnityEngine.Rendering.RenderPipelineAsset,intptr,UnityEngine.Object,Unity.Collections.LowLevel.Unsafe.AtomicSafetyHandle)

[./Library/PackageCache/com.unity.render-pipelines.universal@65a6875fdfbc/Runtime/UniversalRenderPipeline.cs line 891]

EndRenderPass: Not inside a Renderpass
UnityEngine.Debug:ExtractStackTraceNoAlloc (byte*,int,string)
UnityEngine.StackTraceUtility:ExtractStackTrace ()
UnityEngine.Rendering.ScriptableRenderContext:Submit ()
UnityEngine.Rendering.Universal.UniversalRenderPipeline:RenderSingleCamera (UnityEngine.Rendering.ScriptableRenderContext,UnityEngine.Rendering.Universal.UniversalCameraData) (at ./Library/PackageCache/com.unity.render-pipelines.universal@65a6875fdfbc/Runtime/UniversalRenderPipeline.cs:891)
UnityEngine.Rendering.Universal.UniversalRenderPipeline:RenderCameraStack (UnityEngine.Rendering.ScriptableRenderContext,UnityEngine.Camera,bool) (at ./Library/PackageCache/com.unity.render-pipelines.universal@65a6875fdfbc/Runtime/UniversalRenderPipeline.cs:1093)
UnityEngine.Rendering.Universal.UniversalRenderPipeline:Render (UnityEngine.Rendering.ScriptableRenderContext,System.Collections.Generic.List`1<UnityEngine.Camera>) (at ./Library/PackageCache/com.unity.render-pipelines.universal@65a6875fdfbc/Runtime/UniversalRenderPipeline.cs:470)
UnityEngine.Rendering.RenderPipeline:InternalRender (UnityEngine.Rendering.ScriptableRenderContext,System.Collections.Generic.List`1<UnityEngine.Camera>)
UnityEngine.Rendering.RenderPipelineManager:DoRenderLoop_Internal (UnityEngine.Rendering.RenderPipelineAsset,intptr,UnityEngine.Object,Unity.Collections.LowLevel.Unsafe.AtomicSafetyHandle)

[./Library/PackageCache/com.unity.render-pipelines.universal@65a6875fdfbc/Runtime/UniversalRenderPipeline.cs line 891]

RenderTexture.Create failed
UnityEngine.Debug:ExtractStackTraceNoAlloc (byte*,int,string)
UnityEngine.StackTraceUtility:ExtractStackTrace ()
UnityEngine.Rendering.ScriptableRenderContext:Submit ()
UnityEngine.Rendering.Universal.UniversalRenderPipeline:RenderSingleCamera (UnityEngine.Rendering.ScriptableRenderContext,UnityEngine.Rendering.Universal.UniversalCameraData) (at ./Library/PackageCache/com.unity.render-pipelines.universal@65a6875fdfbc/Runtime/UniversalRenderPipeline.cs:891)
UnityEngine.Rendering.Universal.UniversalRenderPipeline:RenderCameraStack (UnityEngine.Rendering.ScriptableRenderContext,UnityEngine.Camera,bool) (at ./Library/PackageCache/com.unity.render-pipelines.universal@65a6875fdfbc/Runtime/UniversalRenderPipeline.cs:1093)
UnityEngine.Rendering.Universal.UniversalRenderPipeline:Render (UnityEngine.Rendering.ScriptableRenderContext,System.Collections.Generic.List`1<UnityEngine.Camera>) (at ./Library/PackageCache/com.unity.render-pipelines.universal@65a6875fdfbc/Runtime/UniversalRenderPipeline.cs:470)
UnityEngine.Rendering.RenderPipeline:InternalRender (UnityEngine.Rendering.ScriptableRenderContext,System.Collections.Generic.List`1<UnityEngine.Camera>)
UnityEngine.Rendering.RenderPipelineManager:DoRenderLoop_Internal (UnityEngine.Rendering.RenderPipelineAsset,intptr,UnityEngine.Object,Unity.Collections.LowLevel.Unsafe.AtomicSafetyHandle)

[./Library/PackageCache/com.unity.render-pipelines.universal@65a6875fdfbc/Runtime/UniversalRenderPipeline.cs line 891]

RenderTexture.Create failed
UnityEngine.Debug:ExtractStackTraceNoAlloc (byte*,int,string)
UnityEngine.StackTraceUtility:ExtractStackTrace ()
UnityEngine.Rendering.ScriptableRenderContext:Submit ()
UnityEngine.Rendering.Universal.UniversalRenderPipeline:RenderSingleCamera (UnityEngine.Rendering.ScriptableRenderContext,UnityEngine.Rendering.Universal.UniversalCameraData) (at ./Library/PackageCache/com.unity.render-pipelines.universal@65a6875fdfbc/Runtime/UniversalRenderPipeline.cs:891)
UnityEngine.Rendering.Universal.UniversalRenderPipeline:RenderCameraStack (UnityEngine.Rendering.ScriptableRenderContext,UnityEngine.Camera,bool) (at ./Library/PackageCache/com.unity.render-pipelines.universal@65a6875fdfbc/Runtime/UniversalRenderPipeline.cs:1093)
UnityEngine.Rendering.Universal.UniversalRenderPipeline:Render (UnityEngine.Rendering.ScriptableRenderContext,System.Collections.Generic.List`1<UnityEngine.Camera>) (at ./Library/PackageCache/com.unity.render-pipelines.universal@65a6875fdfbc/Runtime/UniversalRenderPipeline.cs:470)
UnityEngine.Rendering.RenderPipeline:InternalRender (UnityEngine.Rendering.ScriptableRenderContext,System.Collections.Generic.List`1<UnityEngine.Camera>)
UnityEngine.Rendering.RenderPipelineManager:DoRenderLoop_Internal (UnityEngine.Rendering.RenderPipelineAsset,intptr,UnityEngine.Object,Unity.Collections.LowLevel.Unsafe.AtomicSafetyHandle)

[./Library/PackageCache/com.unity.render-pipelines.universal@65a6875fdfbc/Runtime/UniversalRenderPipeline.cs line 891]

RenderTexture.Create failed
UnityEngine.Debug:ExtractStackTraceNoAlloc (byte*,int,string)
UnityEngine.StackTraceUtility:ExtractStackTrace ()
UnityEngine.Rendering.ScriptableRenderContext:Submit ()
UnityEngine.Rendering.Universal.UniversalRenderPipeline:RenderSingleCamera (UnityEngine.Rendering.ScriptableRenderContext,UnityEngine.Rendering.Universal.UniversalCameraData) (at ./Library/PackageCache/com.unity.render-pipelines.universal@65a6875fdfbc/Runtime/UniversalRenderPipeline.cs:891)
UnityEngine.Rendering.Universal.UniversalRenderPipeline:RenderCameraStack (UnityEngine.Rendering.ScriptableRenderContext,UnityEngine.Camera,bool) (at ./Library/PackageCache/com.unity.render-pipelines.universal@65a6875fdfbc/Runtime/UniversalRenderPipeline.cs:1093)
UnityEngine.Rendering.Universal.UniversalRenderPipeline:Render (UnityEngine.Rendering.ScriptableRenderContext,System.Collections.Generic.List`1<UnityEngine.Camera>) (at ./Library/PackageCache/com.unity.render-pipelines.universal@65a6875fdfbc/Runtime/UniversalRenderPipeline.cs:470)
UnityEngine.Rendering.RenderPipeline:InternalRender (UnityEngine.Rendering.ScriptableRenderContext,System.Collections.Generic.List`1<UnityEngine.Camera>)
UnityEngine.Rendering.RenderPipelineManager:DoRenderLoop_Internal (UnityEngine.Rendering.RenderPipelineAsset,intptr,UnityEngine.Object,Unity.Collections.LowLevel.Unsafe.AtomicSafetyHandle)

[./Library/PackageCache/com.unity.render-pipelines.universal@65a6875fdfbc/Runtime/UniversalRenderPipeline.cs line 891]

DrawTransparentObjects: Unable to find surface for attachment 0
UnityEngine.Debug:ExtractStackTraceNoAlloc (byte*,int,string)
UnityEngine.StackTraceUtility:ExtractStackTrace ()
UnityEngine.Rendering.ScriptableRenderContext:Submit ()
UnityEngine.Rendering.Universal.UniversalRenderPipeline:RenderSingleCamera (UnityEngine.Rendering.ScriptableRenderContext,UnityEngine.Rendering.Universal.UniversalCameraData) (at ./Library/PackageCache/com.unity.render-pipelines.universal@65a6875fdfbc/Runtime/UniversalRenderPipeline.cs:891)
UnityEngine.Rendering.Universal.UniversalRenderPipeline:RenderCameraStack (UnityEngine.Rendering.ScriptableRenderContext,UnityEngine.Camera,bool) (at ./Library/PackageCache/com.unity.render-pipelines.universal@65a6875fdfbc/Runtime/UniversalRenderPipeline.cs:1093)
UnityEngine.Rendering.Universal.UniversalRenderPipeline:Render (UnityEngine.Rendering.ScriptableRenderContext,System.Collections.Generic.List`1<UnityEngine.Camera>) (at ./Library/PackageCache/com.unity.render-pipelines.universal@65a6875fdfbc/Runtime/UniversalRenderPipeline.cs:470)
UnityEngine.Rendering.RenderPipeline:InternalRender (UnityEngine.Rendering.ScriptableRenderContext,System.Collections.Generic.List`1<UnityEngine.Camera>)
UnityEngine.Rendering.RenderPipelineManager:DoRenderLoop_Internal (UnityEngine.Rendering.RenderPipelineAsset,intptr,UnityEngine.Object,Unity.Collections.LowLevel.Unsafe.AtomicSafetyHandle)

[./Library/PackageCache/com.unity.render-pipelines.universal@65a6875fdfbc/Runtime/UniversalRenderPipeline.cs line 891]

EndRenderPass: Not inside a Renderpass
UnityEngine.Debug:ExtractStackTraceNoAlloc (byte*,int,string)
UnityEngine.StackTraceUtility:ExtractStackTrace ()
UnityEngine.Rendering.ScriptableRenderContext:Submit ()
UnityEngine.Rendering.Universal.UniversalRenderPipeline:RenderSingleCamera (UnityEngine.Rendering.ScriptableRenderContext,UnityEngine.Rendering.Universal.UniversalCameraData) (at ./Library/PackageCache/com.unity.render-pipelines.universal@65a6875fdfbc/Runtime/UniversalRenderPipeline.cs:891)
UnityEngine.Rendering.Universal.UniversalRenderPipeline:RenderCameraStack (UnityEngine.Rendering.ScriptableRenderContext,UnityEngine.Camera,bool) (at ./Library/PackageCache/com.unity.render-pipelines.universal@65a6875fdfbc/Runtime/UniversalRenderPipeline.cs:1093)
UnityEngine.Rendering.Universal.UniversalRenderPipeline:Render (UnityEngine.Rendering.ScriptableRenderContext,System.Collections.Generic.List`1<UnityEngine.Camera>) (at ./Library/PackageCache/com.unity.render-pipelines.universal@65a6875fdfbc/Runtime/UniversalRenderPipeline.cs:470)
UnityEngine.Rendering.RenderPipeline:InternalRender (UnityEngine.Rendering.ScriptableRenderContext,System.Collections.Generic.List`1<UnityEngine.Camera>)
UnityEngine.Rendering.RenderPipelineManager:DoRenderLoop_Internal (UnityEngine.Rendering.RenderPipelineAsset,intptr,UnityEngine.Object,Unity.Collections.LowLevel.Unsafe.AtomicSafetyHandle)

[./Library/PackageCache/com.unity.render-pipelines.universal@65a6875fdfbc/Runtime/UniversalRenderPipeline.cs line 891]

SetConstantBuffer: The current renderer does not support constant buffers. This call will have no effect.
UnityEngine.Debug:ExtractStackTraceNoAlloc (byte*,int,string)
UnityEngine.StackTraceUtility:ExtractStackTrace ()
UnityEngine.Rendering.ScriptableRenderContext:Submit ()
UnityEngine.Rendering.Universal.UniversalRenderPipeline:RenderSingleCamera (UnityEngine.Rendering.ScriptableRenderContext,UnityEngine.Rendering.Universal.UniversalCameraData) (at ./Library/PackageCache/com.unity.render-pipelines.universal@65a6875fdfbc/Runtime/UniversalRenderPipeline.cs:891)
UnityEngine.Rendering.Universal.UniversalRenderPipeline:RenderCameraStack (UnityEngine.Rendering.ScriptableRenderContext,UnityEngine.Camera,bool) (at ./Library/PackageCache/com.unity.render-pipelines.universal@65a6875fdfbc/Runtime/UniversalRenderPipeline.cs:1093)
UnityEngine.Rendering.Universal.UniversalRenderPipeline:Render (UnityEngine.Rendering.ScriptableRenderContext,System.Collections.Generic.List`1<UnityEngine.Camera>) (at ./Library/PackageCache/com.unity.render-pipelines.universal@65a6875fdfbc/Runtime/UniversalRenderPipeline.cs:470)
UnityEngine.Rendering.RenderPipeline:InternalRender (UnityEngine.Rendering.ScriptableRenderContext,System.Collections.Generic.List`1<UnityEngine.Camera>)
UnityEngine.Rendering.RenderPipelineManager:DoRenderLoop_Internal (UnityEngine.Rendering.RenderPipelineAsset,intptr,UnityEngine.Object,Unity.Collections.LowLevel.Unsafe.AtomicSafetyHandle)

[./Library/PackageCache/com.unity.render-pipelines.universal@65a6875fdfbc/Runtime/UniversalRenderPipeline.cs line 891]

SetConstantBuffer: The current renderer does not support constant buffers. This call will have no effect.
UnityEngine.Debug:ExtractStackTraceNoAlloc (byte*,int,string)
UnityEngine.StackTraceUtility:ExtractStackTrace ()
UnityEngine.Rendering.ScriptableRenderContext:Submit ()
UnityEngine.Rendering.Universal.UniversalRenderPipeline:RenderSingleCamera (UnityEngine.Rendering.ScriptableRenderContext,UnityEngine.Rendering.Universal.UniversalCameraData) (at ./Library/PackageCache/com.unity.render-pipelines.universal@65a6875fdfbc/Runtime/UniversalRenderPipeline.cs:891)
UnityEngine.Rendering.Universal.UniversalRenderPipeline:RenderCameraStack (UnityEngine.Rendering.ScriptableRenderContext,UnityEngine.Camera,bool) (at ./Library/PackageCache/com.unity.render-pipelines.universal@65a6875fdfbc/Runtime/UniversalRenderPipeline.cs:1093)
UnityEngine.Rendering.Universal.UniversalRenderPipeline:Render (UnityEngine.Rendering.ScriptableRenderContext,System.Collections.Generic.List`1<UnityEngine.Camera>) (at ./Library/PackageCache/com.unity.render-pipelines.universal@65a6875fdfbc/Runtime/UniversalRenderPipeline.cs:470)
UnityEngine.Rendering.RenderPipeline:InternalRender (UnityEngine.Rendering.ScriptableRenderContext,System.Collections.Generic.List`1<UnityEngine.Camera>)
UnityEngine.Rendering.RenderPipelineManager:DoRenderLoop_Internal (UnityEngine.Rendering.RenderPipelineAsset,intptr,UnityEngine.Object,Unity.Collections.LowLevel.Unsafe.AtomicSafetyHandle)

[./Library/PackageCache/com.unity.render-pipelines.universal@65a6875fdfbc/Runtime/UniversalRenderPipeline.cs line 891]

RenderTexture.Create failed
UnityEngine.Debug:ExtractStackTraceNoAlloc (byte*,int,string)
UnityEngine.StackTraceUtility:ExtractStackTrace ()
UnityEngine.Rendering.ScriptableRenderContext:Submit ()
UnityEngine.Rendering.Universal.UniversalRenderPipeline:RenderSingleCamera (UnityEngine.Rendering.ScriptableRenderContext,UnityEngine.Rendering.Universal.UniversalCameraData) (at ./Library/PackageCache/com.unity.render-pipelines.universal@65a6875fdfbc/Runtime/UniversalRenderPipeline.cs:891)
UnityEngine.Rendering.Universal.UniversalRenderPipeline:RenderCameraStack (UnityEngine.Rendering.ScriptableRenderContext,UnityEngine.Camera,bool) (at ./Library/PackageCache/com.unity.render-pipelines.universal@65a6875fdfbc/Runtime/UniversalRenderPipeline.cs:1093)
UnityEngine.Rendering.Universal.UniversalRenderPipeline:Render (UnityEngine.Rendering.ScriptableRenderContext,System.Collections.Generic.List`1<UnityEngine.Camera>) (at ./Library/PackageCache/com.unity.render-pipelines.universal@65a6875fdfbc/Runtime/UniversalRenderPipeline.cs:470)
UnityEngine.Rendering.RenderPipeline:InternalRender (UnityEngine.Rendering.ScriptableRenderContext,System.Collections.Generic.List`1<UnityEngine.Camera>)
UnityEngine.Rendering.RenderPipelineManager:DoRenderLoop_Internal (UnityEngine.Rendering.RenderPipelineAsset,intptr,UnityEngine.Object,Unity.Collections.LowLevel.Unsafe.AtomicSafetyHandle)

[./Library/PackageCache/com.unity.render-pipelines.universal@65a6875fdfbc/Runtime/UniversalRenderPipeline.cs line 891]

RenderTexture.Create failed
UnityEngine.Debug:ExtractStackTraceNoAlloc (byte*,int,string)
UnityEngine.StackTraceUtility:ExtractStackTrace ()
UnityEngine.Rendering.ScriptableRenderContext:Submit ()
UnityEngine.Rendering.Universal.UniversalRenderPipeline:RenderSingleCamera (UnityEngine.Rendering.ScriptableRenderContext,UnityEngine.Rendering.Universal.UniversalCameraData) (at ./Library/PackageCache/com.unity.render-pipelines.universal@65a6875fdfbc/Runtime/UniversalRenderPipeline.cs:891)
UnityEngine.Rendering.Universal.UniversalRenderPipeline:RenderCameraStack (UnityEngine.Rendering.ScriptableRenderContext,UnityEngine.Camera,bool) (at ./Library/PackageCache/com.unity.render-pipelines.universal@65a6875fdfbc/Runtime/UniversalRenderPipeline.cs:1093)
UnityEngine.Rendering.Universal.UniversalRenderPipeline:Render (UnityEngine.Rendering.ScriptableRenderContext,System.Collections.Generic.List`1<UnityEngine.Camera>) (at ./Library/PackageCache/com.unity.render-pipelines.universal@65a6875fdfbc/Runtime/UniversalRenderPipeline.cs:470)
UnityEngine.Rendering.RenderPipeline:InternalRender (UnityEngine.Rendering.ScriptableRenderContext,System.Collections.Generic.List`1<UnityEngine.Camera>)
UnityEngine.Rendering.RenderPipelineManager:DoRenderLoop_Internal (UnityEngine.Rendering.RenderPipelineAsset,intptr,UnityEngine.Object,Unity.Collections.LowLevel.Unsafe.AtomicSafetyHandle)

[./Library/PackageCache/com.unity.render-pipelines.universal@65a6875fdfbc/Runtime/UniversalRenderPipeline.cs line 891]

RenderTexture.Create failed
UnityEngine.Debug:ExtractStackTraceNoAlloc (byte*,int,string)
UnityEngine.StackTraceUtility:ExtractStackTrace ()
UnityEngine.Rendering.ScriptableRenderContext:Submit ()
UnityEngine.Rendering.Universal.UniversalRenderPipeline:RenderSingleCamera (UnityEngine.Rendering.ScriptableRenderContext,UnityEngine.Rendering.Universal.UniversalCameraData) (at ./Library/PackageCache/com.unity.render-pipelines.universal@65a6875fdfbc/Runtime/UniversalRenderPipeline.cs:891)
UnityEngine.Rendering.Universal.UniversalRenderPipeline:RenderCameraStack (UnityEngine.Rendering.ScriptableRenderContext,UnityEngine.Camera,bool) (at ./Library/PackageCache/com.unity.render-pipelines.universal@65a6875fdfbc/Runtime/UniversalRenderPipeline.cs:1093)
UnityEngine.Rendering.Universal.UniversalRenderPipeline:Render (UnityEngine.Rendering.ScriptableRenderContext,System.Collections.Generic.List`1<UnityEngine.Camera>) (at ./Library/PackageCache/com.unity.render-pipelines.universal@65a6875fdfbc/Runtime/UniversalRenderPipeline.cs:470)
UnityEngine.Rendering.RenderPipeline:InternalRender (UnityEngine.Rendering.ScriptableRenderContext,System.Collections.Generic.List`1<UnityEngine.Camera>)
UnityEngine.Rendering.RenderPipelineManager:DoRenderLoop_Internal (UnityEngine.Rendering.RenderPipelineAsset,intptr,UnityEngine.Object,Unity.Collections.LowLevel.Unsafe.AtomicSafetyHandle)

[./Library/PackageCache/com.unity.render-pipelines.universal@65a6875fdfbc/Runtime/UniversalRenderPipeline.cs line 891]

DrawDepthNormalPrepass: Unable to find surface for attachment 0
UnityEngine.Debug:ExtractStackTraceNoAlloc (byte*,int,string)
UnityEngine.StackTraceUtility:ExtractStackTrace ()
UnityEngine.Rendering.ScriptableRenderContext:Submit ()
UnityEngine.Rendering.Universal.UniversalRenderPipeline:RenderSingleCamera (UnityEngine.Rendering.ScriptableRenderContext,UnityEngine.Rendering.Universal.UniversalCameraData) (at ./Library/PackageCache/com.unity.render-pipelines.universal@65a6875fdfbc/Runtime/UniversalRenderPipeline.cs:891)
UnityEngine.Rendering.Universal.UniversalRenderPipeline:RenderCameraStack (UnityEngine.Rendering.ScriptableRenderContext,UnityEngine.Camera,bool) (at ./Library/PackageCache/com.unity.render-pipelines.universal@65a6875fdfbc/Runtime/UniversalRenderPipeline.cs:1093)
UnityEngine.Rendering.Universal.UniversalRenderPipeline:Render (UnityEngine.Rendering.ScriptableRenderContext,System.Collections.Generic.List`1<UnityEngine.Camera>) (at ./Library/PackageCache/com.unity.render-pipelines.universal@65a6875fdfbc/Runtime/UniversalRenderPipeline.cs:470)
UnityEngine.Rendering.RenderPipeline:InternalRender (UnityEngine.Rendering.ScriptableRenderContext,System.Collections.Generic.List`1<UnityEngine.Camera>)
UnityEngine.Rendering.RenderPipelineManager:DoRenderLoop_Internal (UnityEngine.Rendering.RenderPipelineAsset,intptr,UnityEngine.Object,Unity.Collections.LowLevel.Unsafe.AtomicSafetyHandle)

[./Library/PackageCache/com.unity.render-pipelines.universal@65a6875fdfbc/Runtime/UniversalRenderPipeline.cs line 891]

EndRenderPass: Not inside a Renderpass
UnityEngine.Debug:ExtractStackTraceNoAlloc (byte*,int,string)
UnityEngine.StackTraceUtility:ExtractStackTrace ()
UnityEngine.Rendering.ScriptableRenderContext:Submit ()
UnityEngine.Rendering.Universal.UniversalRenderPipeline:RenderSingleCamera (UnityEngine.Rendering.ScriptableRenderContext,UnityEngine.Rendering.Universal.UniversalCameraData) (at ./Library/PackageCache/com.unity.render-pipelines.universal@65a6875fdfbc/Runtime/UniversalRenderPipeline.cs:891)
UnityEngine.Rendering.Universal.UniversalRenderPipeline:RenderCameraStack (UnityEngine.Rendering.ScriptableRenderContext,UnityEngine.Camera,bool) (at ./Library/PackageCache/com.unity.render-pipelines.universal@65a6875fdfbc/Runtime/UniversalRenderPipeline.cs:1093)
UnityEngine.Rendering.Universal.UniversalRenderPipeline:Render (UnityEngine.Rendering.ScriptableRenderContext,System.Collections.Generic.List`1<UnityEngine.Camera>) (at ./Library/PackageCache/com.unity.render-pipelines.universal@65a6875fdfbc/Runtime/UniversalRenderPipeline.cs:470)
UnityEngine.Rendering.RenderPipeline:InternalRender (UnityEngine.Rendering.ScriptableRenderContext,System.Collections.Generic.List`1<UnityEngine.Camera>)
UnityEngine.Rendering.RenderPipelineManager:DoRenderLoop_Internal (UnityEngine.Rendering.RenderPipelineAsset,intptr,UnityEngine.Object,Unity.Collections.LowLevel.Unsafe.AtomicSafetyHandle)

[./Library/PackageCache/com.unity.render-pipelines.universal@65a6875fdfbc/Runtime/UniversalRenderPipeline.cs line 891]

RenderTexture.Create failed
UnityEngine.Debug:ExtractStackTraceNoAlloc (byte*,int,string)
UnityEngine.StackTraceUtility:ExtractStackTrace ()
UnityEngine.Rendering.ScriptableRenderContext:Submit ()
UnityEngine.Rendering.Universal.UniversalRenderPipeline:RenderSingleCamera (UnityEngine.Rendering.ScriptableRenderContext,UnityEngine.Rendering.Universal.UniversalCameraData) (at ./Library/PackageCache/com.unity.render-pipelines.universal@65a6875fdfbc/Runtime/UniversalRenderPipeline.cs:891)
UnityEngine.Rendering.Universal.UniversalRenderPipeline:RenderCameraStack (UnityEngine.Rendering.ScriptableRenderContext,UnityEngine.Camera,bool) (at ./Library/PackageCache/com.unity.render-pipelines.universal@65a6875fdfbc/Runtime/UniversalRenderPipeline.cs:1093)
UnityEngine.Rendering.Universal.UniversalRenderPipeline:Render (UnityEngine.Rendering.ScriptableRenderContext,System.Collections.Generic.List`1<UnityEngine.Camera>) (at ./Library/PackageCache/com.unity.render-pipelines.universal@65a6875fdfbc/Runtime/UniversalRenderPipeline.cs:470)
UnityEngine.Rendering.RenderPipeline:InternalRender (UnityEngine.Rendering.ScriptableRenderContext,System.Collections.Generic.List`1<UnityEngine.Camera>)
UnityEngine.Rendering.RenderPipelineManager:DoRenderLoop_Internal (UnityEngine.Rendering.RenderPipelineAsset,intptr,UnityEngine.Object,Unity.Collections.LowLevel.Unsafe.AtomicSafetyHandle)

[./Library/PackageCache/com.unity.render-pipelines.universal@65a6875fdfbc/Runtime/UniversalRenderPipeline.cs line 891]

RenderTexture.Create failed
UnityEngine.Debug:ExtractStackTraceNoAlloc (byte*,int,string)
UnityEngine.StackTraceUtility:ExtractStackTrace ()
UnityEngine.Rendering.ScriptableRenderContext:Submit ()
UnityEngine.Rendering.Universal.UniversalRenderPipeline:RenderSingleCamera (UnityEngine.Rendering.ScriptableRenderContext,UnityEngine.Rendering.Universal.UniversalCameraData) (at ./Library/PackageCache/com.unity.render-pipelines.universal@65a6875fdfbc/Runtime/UniversalRenderPipeline.cs:891)
UnityEngine.Rendering.Universal.UniversalRenderPipeline:RenderCameraStack (UnityEngine.Rendering.ScriptableRenderContext,UnityEngine.Camera,bool) (at ./Library/PackageCache/com.unity.render-pipelines.universal@65a6875fdfbc/Runtime/UniversalRenderPipeline.cs:1093)
UnityEngine.Rendering.Universal.UniversalRenderPipeline:Render (UnityEngine.Rendering.ScriptableRenderContext,System.Collections.Generic.List`1<UnityEngine.Camera>) (at ./Library/PackageCache/com.unity.render-pipelines.universal@65a6875fdfbc/Runtime/UniversalRenderPipeline.cs:470)
UnityEngine.Rendering.RenderPipeline:InternalRender (UnityEngine.Rendering.ScriptableRenderContext,System.Collections.Generic.List`1<UnityEngine.Camera>)
UnityEngine.Rendering.RenderPipelineManager:DoRenderLoop_Internal (UnityEngine.Rendering.RenderPipelineAsset,intptr,UnityEngine.Object,Unity.Collections.LowLevel.Unsafe.AtomicSafetyHandle)

[./Library/PackageCache/com.unity.render-pipelines.universal@65a6875fdfbc/Runtime/UniversalRenderPipeline.cs line 891]

RenderTexture.Create failed
UnityEngine.Debug:ExtractStackTraceNoAlloc (byte*,int,string)
UnityEngine.StackTraceUtility:ExtractStackTrace ()
UnityEngine.Rendering.ScriptableRenderContext:Submit ()
UnityEngine.Rendering.Universal.UniversalRenderPipeline:RenderSingleCamera (UnityEngine.Rendering.ScriptableRenderContext,UnityEngine.Rendering.Universal.UniversalCameraData) (at ./Library/PackageCache/com.unity.render-pipelines.universal@65a6875fdfbc/Runtime/UniversalRenderPipeline.cs:891)
UnityEngine.Rendering.Universal.UniversalRenderPipeline:RenderCameraStack (UnityEngine.Rendering.ScriptableRenderContext,UnityEngine.Camera,bool) (at ./Library/PackageCache/com.unity.render-pipelines.universal@65a6875fdfbc/Runtime/UniversalRenderPipeline.cs:1093)
UnityEngine.Rendering.Universal.UniversalRenderPipeline:Render (UnityEngine.Rendering.ScriptableRenderContext,System.Collections.Generic.List`1<UnityEngine.Camera>) (at ./Library/PackageCache/com.unity.render-pipelines.universal@65a6875fdfbc/Runtime/UniversalRenderPipeline.cs:470)
UnityEngine.Rendering.RenderPipeline:InternalRender (UnityEngine.Rendering.ScriptableRenderContext,System.Collections.Generic.List`1<UnityEngine.Camera>)
UnityEngine.Rendering.RenderPipelineManager:DoRenderLoop_Internal (UnityEngine.Rendering.RenderPipelineAsset,intptr,UnityEngine.Object,Unity.Collections.LowLevel.Unsafe.AtomicSafetyHandle)

[./Library/PackageCache/com.unity.render-pipelines.universal@65a6875fdfbc/Runtime/UniversalRenderPipeline.cs line 891]

DrawOpaqueObjects: Unable to find surface for attachment 0
UnityEngine.Debug:ExtractStackTraceNoAlloc (byte*,int,string)
UnityEngine.StackTraceUtility:ExtractStackTrace ()
UnityEngine.Rendering.ScriptableRenderContext:Submit ()
UnityEngine.Rendering.Universal.UniversalRenderPipeline:RenderSingleCamera (UnityEngine.Rendering.ScriptableRenderContext,UnityEngine.Rendering.Universal.UniversalCameraData) (at ./Library/PackageCache/com.unity.render-pipelines.universal@65a6875fdfbc/Runtime/UniversalRenderPipeline.cs:891)
UnityEngine.Rendering.Universal.UniversalRenderPipeline:RenderCameraStack (UnityEngine.Rendering.ScriptableRenderContext,UnityEngine.Camera,bool) (at ./Library/PackageCache/com.unity.render-pipelines.universal@65a6875fdfbc/Runtime/UniversalRenderPipeline.cs:1093)
UnityEngine.Rendering.Universal.UniversalRenderPipeline:Render (UnityEngine.Rendering.ScriptableRenderContext,System.Collections.Generic.List`1<UnityEngine.Camera>) (at ./Library/PackageCache/com.unity.render-pipelines.universal@65a6875fdfbc/Runtime/UniversalRenderPipeline.cs:470)
UnityEngine.Rendering.RenderPipeline:InternalRender (UnityEngine.Rendering.ScriptableRenderContext,System.Collections.Generic.List`1<UnityEngine.Camera>)
UnityEngine.Rendering.RenderPipelineManager:DoRenderLoop_Internal (UnityEngine.Rendering.RenderPipelineAsset,intptr,UnityEngine.Object,Unity.Collections.LowLevel.Unsafe.AtomicSafetyHandle)

[./Library/PackageCache/com.unity.render-pipelines.universal@65a6875fdfbc/Runtime/UniversalRenderPipeline.cs line 891]

EndRenderPass: Not inside a Renderpass
UnityEngine.Debug:ExtractStackTraceNoAlloc (byte*,int,string)
UnityEngine.StackTraceUtility:ExtractStackTrace ()
UnityEngine.Rendering.ScriptableRenderContext:Submit ()
UnityEngine.Rendering.Universal.UniversalRenderPipeline:RenderSingleCamera (UnityEngine.Rendering.ScriptableRenderContext,UnityEngine.Rendering.Universal.UniversalCameraData) (at ./Library/PackageCache/com.unity.render-pipelines.universal@65a6875fdfbc/Runtime/UniversalRenderPipeline.cs:891)
UnityEngine.Rendering.Universal.UniversalRenderPipeline:RenderCameraStack (UnityEngine.Rendering.ScriptableRenderContext,UnityEngine.Camera,bool) (at ./Library/PackageCache/com.unity.render-pipelines.universal@65a6875fdfbc/Runtime/UniversalRenderPipeline.cs:1093)
UnityEngine.Rendering.Universal.UniversalRenderPipeline:Render (UnityEngine.Rendering.ScriptableRenderContext,System.Collections.Generic.List`1<UnityEngine.Camera>) (at ./Library/PackageCache/com.unity.render-pipelines.universal@65a6875fdfbc/Runtime/UniversalRenderPipeline.cs:470)
UnityEngine.Rendering.RenderPipeline:InternalRender (UnityEngine.Rendering.ScriptableRenderContext,System.Collections.Generic.List`1<UnityEngine.Camera>)
UnityEngine.Rendering.RenderPipelineManager:DoRenderLoop_Internal (UnityEngine.Rendering.RenderPipelineAsset,intptr,UnityEngine.Object,Unity.Collections.LowLevel.Unsafe.AtomicSafetyHandle)

[./Library/PackageCache/com.unity.render-pipelines.universal@65a6875fdfbc/Runtime/UniversalRenderPipeline.cs line 891]

RenderTexture.Create failed
UnityEngine.Debug:ExtractStackTraceNoAlloc (byte*,int,string)
UnityEngine.StackTraceUtility:ExtractStackTrace ()
UnityEngine.Rendering.ScriptableRenderContext:Submit ()
UnityEngine.Rendering.Universal.UniversalRenderPipeline:RenderSingleCamera (UnityEngine.Rendering.ScriptableRenderContext,UnityEngine.Rendering.Universal.UniversalCameraData) (at ./Library/PackageCache/com.unity.render-pipelines.universal@65a6875fdfbc/Runtime/UniversalRenderPipeline.cs:891)
UnityEngine.Rendering.Universal.UniversalRenderPipeline:RenderCameraStack (UnityEngine.Rendering.ScriptableRenderContext,UnityEngine.Camera,bool) (at ./Library/PackageCache/com.unity.render-pipelines.universal@65a6875fdfbc/Runtime/UniversalRenderPipeline.cs:1093)
UnityEngine.Rendering.Universal.UniversalRenderPipeline:Render (UnityEngine.Rendering.ScriptableRenderContext,System.Collections.Generic.List`1<UnityEngine.Camera>) (at ./Library/PackageCache/com.unity.render-pipelines.universal@65a6875fdfbc/Runtime/UniversalRenderPipeline.cs:470)
UnityEngine.Rendering.RenderPipeline:InternalRender (UnityEngine.Rendering.ScriptableRenderContext,System.Collections.Generic.List`1<UnityEngine.Camera>)
UnityEngine.Rendering.RenderPipelineManager:DoRenderLoop_Internal (UnityEngine.Rendering.RenderPipelineAsset,intptr,UnityEngine.Object,Unity.Collections.LowLevel.Unsafe.AtomicSafetyHandle)

[./Library/PackageCache/com.unity.render-pipelines.universal@65a6875fdfbc/Runtime/UniversalRenderPipeline.cs line 891]

RenderTexture.Create failed
UnityEngine.Debug:ExtractStackTraceNoAlloc (byte*,int,string)
UnityEngine.StackTraceUtility:ExtractStackTrace ()
UnityEngine.Rendering.ScriptableRenderContext:Submit ()
UnityEngine.Rendering.Universal.UniversalRenderPipeline:RenderSingleCamera (UnityEngine.Rendering.ScriptableRenderContext,UnityEngine.Rendering.Universal.UniversalCameraData) (at ./Library/PackageCache/com.unity.render-pipelines.universal@65a6875fdfbc/Runtime/UniversalRenderPipeline.cs:891)
UnityEngine.Rendering.Universal.UniversalRenderPipeline:RenderCameraStack (UnityEngine.Rendering.ScriptableRenderContext,UnityEngine.Camera,bool) (at ./Library/PackageCache/com.unity.render-pipelines.universal@65a6875fdfbc/Runtime/UniversalRenderPipeline.cs:1093)
UnityEngine.Rendering.Universal.UniversalRenderPipeline:Render (UnityEngine.Rendering.ScriptableRenderContext,System.Collections.Generic.List`1<UnityEngine.Camera>) (at ./Library/PackageCache/com.unity.render-pipelines.universal@65a6875fdfbc/Runtime/UniversalRenderPipeline.cs:470)
UnityEngine.Rendering.RenderPipeline:InternalRender (UnityEngine.Rendering.ScriptableRenderContext,System.Collections.Generic.List`1<UnityEngine.Camera>)
UnityEngine.Rendering.RenderPipelineManager:DoRenderLoop_Internal (UnityEngine.Rendering.RenderPipelineAsset,intptr,UnityEngine.Object,Unity.Collections.LowLevel.Unsafe.AtomicSafetyHandle)

[./Library/PackageCache/com.unity.render-pipelines.universal@65a6875fdfbc/Runtime/UniversalRenderPipeline.cs line 891]

RenderTexture.Create failed
UnityEngine.Debug:ExtractStackTraceNoAlloc (byte*,int,string)
UnityEngine.StackTraceUtility:ExtractStackTrace ()
UnityEngine.Rendering.ScriptableRenderContext:Submit ()
UnityEngine.Rendering.Universal.UniversalRenderPipeline:RenderSingleCamera (UnityEngine.Rendering.ScriptableRenderContext,UnityEngine.Rendering.Universal.UniversalCameraData) (at ./Library/PackageCache/com.unity.render-pipelines.universal@65a6875fdfbc/Runtime/UniversalRenderPipeline.cs:891)
UnityEngine.Rendering.Universal.UniversalRenderPipeline:RenderCameraStack (UnityEngine.Rendering.ScriptableRenderContext,UnityEngine.Camera,bool) (at ./Library/PackageCache/com.unity.render-pipelines.universal@65a6875fdfbc/Runtime/UniversalRenderPipeline.cs:1093)
UnityEngine.Rendering.Universal.UniversalRenderPipeline:Render (UnityEngine.Rendering.ScriptableRenderContext,System.Collections.Generic.List`1<UnityEngine.Camera>) (at ./Library/PackageCache/com.unity.render-pipelines.universal@65a6875fdfbc/Runtime/UniversalRenderPipeline.cs:470)
UnityEngine.Rendering.RenderPipeline:InternalRender (UnityEngine.Rendering.ScriptableRenderContext,System.Collections.Generic.List`1<UnityEngine.Camera>)
UnityEngine.Rendering.RenderPipelineManager:DoRenderLoop_Internal (UnityEngine.Rendering.RenderPipelineAsset,intptr,UnityEngine.Object,Unity.Collections.LowLevel.Unsafe.AtomicSafetyHandle)

[./Library/PackageCache/com.unity.render-pipelines.universal@65a6875fdfbc/Runtime/UniversalRenderPipeline.cs line 891]

DrawTransparentObjects: Unable to find surface for attachment 0
UnityEngine.Debug:ExtractStackTraceNoAlloc (byte*,int,string)
UnityEngine.StackTraceUtility:ExtractStackTrace ()
UnityEngine.Rendering.ScriptableRenderContext:Submit ()
UnityEngine.Rendering.Universal.UniversalRenderPipeline:RenderSingleCamera (UnityEngine.Rendering.ScriptableRenderContext,UnityEngine.Rendering.Universal.UniversalCameraData) (at ./Library/PackageCache/com.unity.render-pipelines.universal@65a6875fdfbc/Runtime/UniversalRenderPipeline.cs:891)
UnityEngine.Rendering.Universal.UniversalRenderPipeline:RenderCameraStack (UnityEngine.Rendering.ScriptableRenderContext,UnityEngine.Camera,bool) (at ./Library/PackageCache/com.unity.render-pipelines.universal@65a6875fdfbc/Runtime/UniversalRenderPipeline.cs:1093)
UnityEngine.Rendering.Universal.UniversalRenderPipeline:Render (UnityEngine.Rendering.ScriptableRenderContext,System.Collections.Generic.List`1<UnityEngine.Camera>) (at ./Library/PackageCache/com.unity.render-pipelines.universal@65a6875fdfbc/Runtime/UniversalRenderPipeline.cs:470)
UnityEngine.Rendering.RenderPipeline:InternalRender (UnityEngine.Rendering.ScriptableRenderContext,System.Collections.Generic.List`1<UnityEngine.Camera>)
UnityEngine.Rendering.RenderPipelineManager:DoRenderLoop_Internal (UnityEngine.Rendering.RenderPipelineAsset,intptr,UnityEngine.Object,Unity.Collections.LowLevel.Unsafe.AtomicSafetyHandle)

[./Library/PackageCache/com.unity.render-pipelines.universal@65a6875fdfbc/Runtime/UniversalRenderPipeline.cs line 891]

EndRenderPass: Not inside a Renderpass
UnityEngine.Debug:ExtractStackTraceNoAlloc (byte*,int,string)
UnityEngine.StackTraceUtility:ExtractStackTrace ()
UnityEngine.Rendering.ScriptableRenderContext:Submit ()
UnityEngine.Rendering.Universal.UniversalRenderPipeline:RenderSingleCamera (UnityEngine.Rendering.ScriptableRenderContext,UnityEngine.Rendering.Universal.UniversalCameraData) (at ./Library/PackageCache/com.unity.render-pipelines.universal@65a6875fdfbc/Runtime/UniversalRenderPipeline.cs:891)
UnityEngine.Rendering.Universal.UniversalRenderPipeline:RenderCameraStack (UnityEngine.Rendering.ScriptableRenderContext,UnityEngine.Camera,bool) (at ./Library/PackageCache/com.unity.render-pipelines.universal@65a6875fdfbc/Runtime/UniversalRenderPipeline.cs:1093)
UnityEngine.Rendering.Universal.UniversalRenderPipeline:Render (UnityEngine.Rendering.ScriptableRenderContext,System.Collections.Generic.List`1<UnityEngine.Camera>) (at ./Library/PackageCache/com.unity.render-pipelines.universal@65a6875fdfbc/Runtime/UniversalRenderPipeline.cs:470)
UnityEngine.Rendering.RenderPipeline:InternalRender (UnityEngine.Rendering.ScriptableRenderContext,System.Collections.Generic.List`1<UnityEngine.Camera>)
UnityEngine.Rendering.RenderPipelineManager:DoRenderLoop_Internal (UnityEngine.Rendering.RenderPipelineAsset,intptr,UnityEngine.Object,Unity.Collections.LowLevel.Unsafe.AtomicSafetyHandle)

[./Library/PackageCache/com.unity.render-pipelines.universal@65a6875fdfbc/Runtime/UniversalRenderPipeline.cs line 891]

[AuditoriaConteudo] Artilharia: unidade militar sem Collider (Ignorado)
UnityEngine.Debug:ExtractStackTraceNoAlloc (byte*,int,string)
UnityEngine.StackTraceUtility:ExtractStackTrace ()
UnityEngine.DebugLogHandler:Internal_Log (UnityEngine.LogType,UnityEngine.LogOption,string,UnityEngine.Object)
UnityEngine.DebugLogHandler:LogFormat (UnityEngine.LogType,UnityEngine.Object,string,object[])
UnityEngine.Logger:Log (UnityEngine.LogType,object,UnityEngine.Object)
UnityEngine.Debug:LogWarning (object,UnityEngine.Object)
AuditoriaConteudoJogo:Emitir (string,string,int&,int) (at Assets/scripts/AuditoriaConteudoJogo.cs:600)
AuditoriaConteudoJogo:AuditarFicha (DadosConstrucao,int&,int&,int&,int) (at Assets/scripts/AuditoriaConteudoJogo.cs:385)
AuditoriaConteudoJogo:AuditarFichaOuRegistrarNula (DadosConstrucao,int&,int&,int&,int) (at Assets/scripts/AuditoriaConteudoJogo.cs:218)
AuditoriaConteudoJogo/<RodarAuditoriaEmEtapas>d__30:MoveNext () (at Assets/scripts/AuditoriaConteudoJogo.cs:188)
UnityEngine.SetupCoroutine:InvokeMoveNext (System.Collections.IEnumerator,intptr)

(Filename: Assets/scripts/AuditoriaConteudoJogo.cs Line: 600)

[AuditoriaConteudo] Artilharia: prefab sem SaveableEntity para save completo
UnityEngine.Debug:ExtractStackTraceNoAlloc (byte*,int,string)
UnityEngine.StackTraceUtility:ExtractStackTrace ()
UnityEngine.DebugLogHandler:Internal_Log (UnityEngine.LogType,UnityEngine.LogOption,string,UnityEngine.Object)
UnityEngine.DebugLogHandler:LogFormat (UnityEngine.LogType,UnityEngine.Object,string,object[])
UnityEngine.Logger:Log (UnityEngine.LogType,object,UnityEngine.Object)
UnityEngine.Debug:LogWarning (object,UnityEngine.Object)
AuditoriaConteudoJogo:Emitir (string,string,int&,int) (at Assets/scripts/AuditoriaConteudoJogo.cs:600)
AuditoriaConteudoJogo:AuditarFicha (DadosConstrucao,int&,int&,int&,int) (at Assets/scripts/AuditoriaConteudoJogo.cs:403)
AuditoriaConteudoJogo:AuditarFichaOuRegistrarNula (DadosConstrucao,int&,int&,int&,int) (at Assets/scripts/AuditoriaConteudoJogo.cs:218)
AuditoriaConteudoJogo/<RodarAuditoriaEmEtapas>d__30:MoveNext () (at Assets/scripts/AuditoriaConteudoJogo.cs:188)
UnityEngine.SetupCoroutine:InvokeMoveNext (System.Collections.IEnumerator,intptr)

(Filename: Assets/scripts/AuditoriaConteudoJogo.cs Line: 600)

[AuditoriaConteudo] Artilharia: unidade militar sem IdentidadeUnidade (Ignorado)
UnityEngine.Debug:ExtractStackTraceNoAlloc (byte*,int,string)
UnityEngine.StackTraceUtility:ExtractStackTrace ()
UnityEngine.DebugLogHandler:Internal_Log (UnityEngine.LogType,UnityEngine.LogOption,string,UnityEngine.Object)
UnityEngine.DebugLogHandler:LogFormat (UnityEngine.LogType,UnityEngine.Object,string,object[])
UnityEngine.Logger:Log (UnityEngine.LogType,object,UnityEngine.Object)
UnityEngine.Debug:LogWarning (object,UnityEngine.Object)
AuditoriaConteudoJogo:Emitir (string,string,int&,int) (at Assets/scripts/AuditoriaConteudoJogo.cs:600)
AuditoriaConteudoJogo:AuditarFicha (DadosConstrucao,int&,int&,int&,int) (at Assets/scripts/AuditoriaConteudoJogo.cs:411)
AuditoriaConteudoJogo:AuditarFichaOuRegistrarNula (DadosConstrucao,int&,int&,int&,int) (at Assets/scripts/AuditoriaConteudoJogo.cs:218)
AuditoriaConteudoJogo/<RodarAuditoriaEmEtapas>d__30:MoveNext () (at Assets/scripts/AuditoriaConteudoJogo.cs:188)
UnityEngine.SetupCoroutine:InvokeMoveNext (System.Collections.IEnumerator,intptr)

(Filename: Assets/scripts/AuditoriaConteudoJogo.cs Line: 600)

[AuditoriaConteudo] Artilharia: unidade militar sem SistemaDeDanos (Ignorado)
UnityEngine.Debug:ExtractStackTraceNoAlloc (byte*,int,string)
UnityEngine.StackTraceUtility:ExtractStackTrace ()
UnityEngine.DebugLogHandler:Internal_Log (UnityEngine.LogType,UnityEngine.LogOption,string,UnityEngine.Object)
UnityEngine.DebugLogHandler:LogFormat (UnityEngine.LogType,UnityEngine.Object,string,object[])
UnityEngine.Logger:Log (UnityEngine.LogType,object,UnityEngine.Object)
UnityEngine.Debug:LogWarning (object,UnityEngine.Object)
AuditoriaConteudoJogo:Emitir (string,string,int&,int) (at Assets/scripts/AuditoriaConteudoJogo.cs:600)
AuditoriaConteudoJogo:AuditarFicha (DadosConstrucao,int&,int&,int&,int) (at Assets/scripts/AuditoriaConteudoJogo.cs:427)
AuditoriaConteudoJogo:AuditarFichaOuRegistrarNula (DadosConstrucao,int&,int&,int&,int) (at Assets/scripts/AuditoriaConteudoJogo.cs:218)
AuditoriaConteudoJogo/<RodarAuditoriaEmEtapas>d__30:MoveNext () (at Assets/scripts/AuditoriaConteudoJogo.cs:188)
UnityEngine.SetupCoroutine:InvokeMoveNext (System.Collections.IEnumerator,intptr)

(Filename: Assets/scripts/AuditoriaConteudoJogo.cs Line: 600)

SetConstantBuffer: The current renderer does not support constant buffers. This call will have no effect.
UnityEngine.Debug:ExtractStackTraceNoAlloc (byte*,int,string)
UnityEngine.StackTraceUtility:ExtractStackTrace ()
UnityEngine.Rendering.ScriptableRenderContext:Submit ()
UnityEngine.Rendering.Universal.UniversalRenderPipeline:RenderSingleCamera (UnityEngine.Rendering.ScriptableRenderContext,UnityEngine.Rendering.Universal.UniversalCameraData) (at ./Library/PackageCache/com.unity.render-pipelines.universal@65a6875fdfbc/Runtime/UniversalRenderPipeline.cs:891)
UnityEngine.Rendering.Universal.UniversalRenderPipeline:RenderCameraStack (UnityEngine.Rendering.ScriptableRenderContext,UnityEngine.Camera,bool) (at ./Library/PackageCache/com.unity.render-pipelines.universal@65a6875fdfbc/Runtime/UniversalRenderPipeline.cs:1093)
UnityEngine.Rendering.Universal.UniversalRenderPipeline:Render (UnityEngine.Rendering.ScriptableRenderContext,System.Collections.Generic.List`1<UnityEngine.Camera>) (at ./Library/PackageCache/com.unity.render-pipelines.universal@65a6875fdfbc/Runtime/UniversalRenderPipeline.cs:470)
UnityEngine.Rendering.RenderPipeline:InternalRender (UnityEngine.Rendering.ScriptableRenderContext,System.Collections.Generic.List`1<UnityEngine.Camera>)
UnityEngine.Rendering.RenderPipelineManager:DoRenderLoop_Internal (UnityEngine.Rendering.RenderPipelineAsset,intptr,UnityEngine.Object,Unity.Collections.LowLevel.Unsafe.AtomicSafetyHandle)

[./Library/PackageCache/com.unity.render-pipelines.universal@65a6875fdfbc/Runtime/UniversalRenderPipeline.cs line 891]

SetConstantBuffer: The current renderer does not support constant buffers. This call will have no effect.
UnityEngine.Debug:ExtractStackTraceNoAlloc (byte*,int,string)
UnityEngine.StackTraceUtility:ExtractStackTrace ()
UnityEngine.Rendering.ScriptableRenderContext:Submit ()
UnityEngine.Rendering.Universal.UniversalRenderPipeline:RenderSingleCamera (UnityEngine.Rendering.ScriptableRenderContext,UnityEngine.Rendering.Universal.UniversalCameraData) (at ./Library/PackageCache/com.unity.render-pipelines.universal@65a6875fdfbc/Runtime/UniversalRenderPipeline.cs:891)
UnityEngine.Rendering.Universal.UniversalRenderPipeline:RenderCameraStack (UnityEngine.Rendering.ScriptableRenderContext,UnityEngine.Camera,bool) (at ./Library/PackageCache/com.unity.render-pipelines.universal@65a6875fdfbc/Runtime/UniversalRenderPipeline.cs:1093)
UnityEngine.Rendering.Universal.UniversalRenderPipeline:Render (UnityEngine.Rendering.ScriptableRenderContext,System.Collections.Generic.List`1<UnityEngine.Camera>) (at ./Library/PackageCache/com.unity.render-pipelines.universal@65a6875fdfbc/Runtime/UniversalRenderPipeline.cs:470)
UnityEngine.Rendering.RenderPipeline:InternalRender (UnityEngine.Rendering.ScriptableRenderContext,System.Collections.Generic.List`1<UnityEngine.Camera>)
UnityEngine.Rendering.RenderPipelineManager:DoRenderLoop_Internal (UnityEngine.Rendering.RenderPipelineAsset,intptr,UnityEngine.Object,Unity.Collections.LowLevel.Unsafe.AtomicSafetyHandle)

[./Library/PackageCache/com.unity.render-pipelines.universal@65a6875fdfbc/Runtime/UniversalRenderPipeline.cs line 891]

RenderTexture.Create failed
UnityEngine.Debug:ExtractStackTraceNoAlloc (byte*,int,string)
UnityEngine.StackTraceUtility:ExtractStackTrace ()
UnityEngine.Rendering.ScriptableRenderContext:Submit ()
UnityEngine.Rendering.Universal.UniversalRenderPipeline:RenderSingleCamera (UnityEngine.Rendering.ScriptableRenderContext,UnityEngine.Rendering.Universal.UniversalCameraData) (at ./Library/PackageCache/com.unity.render-pipelines.universal@65a6875fdfbc/Runtime/UniversalRenderPipeline.cs:891)
UnityEngine.Rendering.Universal.UniversalRenderPipeline:RenderCameraStack (UnityEngine.Rendering.ScriptableRenderContext,UnityEngine.Camera,bool) (at ./Library/PackageCache/com.unity.render-pipelines.universal@65a6875fdfbc/Runtime/UniversalRenderPipeline.cs:1093)
UnityEngine.Rendering.Universal.UniversalRenderPipeline:Render (UnityEngine.Rendering.ScriptableRenderContext,System.Collections.Generic.List`1<UnityEngine.Camera>) (at ./Library/PackageCache/com.unity.render-pipelines.universal@65a6875fdfbc/Runtime/UniversalRenderPipeline.cs:470)
UnityEngine.Rendering.RenderPipeline:InternalRender (UnityEngine.Rendering.ScriptableRenderContext,System.Collections.Generic.List`1<UnityEngine.Camera>)
UnityEngine.Rendering.RenderPipelineManager:DoRenderLoop_Internal (UnityEngine.Rendering.RenderPipelineAsset,intptr,UnityEngine.Object,Unity.Collections.LowLevel.Unsafe.AtomicSafetyHandle)

[./Library/PackageCache/com.unity.render-pipelines.universal@65a6875fdfbc/Runtime/UniversalRenderPipeline.cs line 891]

RenderTexture.Create failed
UnityEngine.Debug:ExtractStackTraceNoAlloc (byte*,int,string)
UnityEngine.StackTraceUtility:ExtractStackTrace ()
UnityEngine.Rendering.ScriptableRenderContext:Submit ()
UnityEngine.Rendering.Universal.UniversalRenderPipeline:RenderSingleCamera (UnityEngine.Rendering.ScriptableRenderContext,UnityEngine.Rendering.Universal.UniversalCameraData) (at ./Library/PackageCache/com.unity.render-pipelines.universal@65a6875fdfbc/Runtime/UniversalRenderPipeline.cs:891)
UnityEngine.Rendering.Universal.UniversalRenderPipeline:RenderCameraStack (UnityEngine.Rendering.ScriptableRenderContext,UnityEngine.Camera,bool) (at ./Library/PackageCache/com.unity.render-pipelines.universal@65a6875fdfbc/Runtime/UniversalRenderPipeline.cs:1093)
UnityEngine.Rendering.Universal.UniversalRenderPipeline:Render (UnityEngine.Rendering.ScriptableRenderContext,System.Collections.Generic.List`1<UnityEngine.Camera>) (at ./Library/PackageCache/com.unity.render-pipelines.universal@65a6875fdfbc/Runtime/UniversalRenderPipeline.cs:470)
UnityEngine.Rendering.RenderPipeline:InternalRender (UnityEngine.Rendering.ScriptableRenderContext,System.Collections.Generic.List`1<UnityEngine.Camera>)
UnityEngine.Rendering.RenderPipelineManager:DoRenderLoop_Internal (UnityEngine.Rendering.RenderPipelineAsset,intptr,UnityEngine.Object,Unity.Collections.LowLevel.Unsafe.AtomicSafetyHandle)

[./Library/PackageCache/com.unity.render-pipelines.universal@65a6875fdfbc/Runtime/UniversalRenderPipeline.cs line 891]

RenderTexture.Create failed
UnityEngine.Debug:ExtractStackTraceNoAlloc (byte*,int,string)
UnityEngine.StackTraceUtility:ExtractStackTrace ()
UnityEngine.Rendering.ScriptableRenderContext:Submit ()
UnityEngine.Rendering.Universal.UniversalRenderPipeline:RenderSingleCamera (UnityEngine.Rendering.ScriptableRenderContext,UnityEngine.Rendering.Universal.UniversalCameraData) (at ./Library/PackageCache/com.unity.render-pipelines.universal@65a6875fdfbc/Runtime/UniversalRenderPipeline.cs:891)
UnityEngine.Rendering.Universal.UniversalRenderPipeline:RenderCameraStack (UnityEngine.Rendering.ScriptableRenderContext,UnityEngine.Camera,bool) (at ./Library/PackageCache/com.unity.render-pipelines.universal@65a6875fdfbc/Runtime/UniversalRenderPipeline.cs:1093)
UnityEngine.Rendering.Universal.UniversalRenderPipeline:Render (UnityEngine.Rendering.ScriptableRenderContext,System.Collections.Generic.List`1<UnityEngine.Camera>) (at ./Library/PackageCache/com.unity.render-pipelines.universal@65a6875fdfbc/Runtime/UniversalRenderPipeline.cs:470)
UnityEngine.Rendering.RenderPipeline:InternalRender (UnityEngine.Rendering.ScriptableRenderContext,System.Collections.Generic.List`1<UnityEngine.Camera>)
UnityEngine.Rendering.RenderPipelineManager:DoRenderLoop_Internal (UnityEngine.Rendering.RenderPipelineAsset,intptr,UnityEngine.Object,Unity.Collections.LowLevel.Unsafe.AtomicSafetyHandle)

[./Library/PackageCache/com.unity.render-pipelines.universal@65a6875fdfbc/Runtime/UniversalRenderPipeline.cs line 891]

DrawDepthNormalPrepass: Unable to find surface for attachment 0
UnityEngine.Debug:ExtractStackTraceNoAlloc (byte*,int,string)
UnityEngine.StackTraceUtility:ExtractStackTrace ()
UnityEngine.Rendering.ScriptableRenderContext:Submit ()
UnityEngine.Rendering.Universal.UniversalRenderPipeline:RenderSingleCamera (UnityEngine.Rendering.ScriptableRenderContext,UnityEngine.Rendering.Universal.UniversalCameraData) (at ./Library/PackageCache/com.unity.render-pipelines.universal@65a6875fdfbc/Runtime/UniversalRenderPipeline.cs:891)
UnityEngine.Rendering.Universal.UniversalRenderPipeline:RenderCameraStack (UnityEngine.Rendering.ScriptableRenderContext,UnityEngine.Camera,bool) (at ./Library/PackageCache/com.unity.render-pipelines.universal@65a6875fdfbc/Runtime/UniversalRenderPipeline.cs:1093)
UnityEngine.Rendering.Universal.UniversalRenderPipeline:Render (UnityEngine.Rendering.ScriptableRenderContext,System.Collections.Generic.List`1<UnityEngine.Camera>) (at ./Library/PackageCache/com.unity.render-pipelines.universal@65a6875fdfbc/Runtime/UniversalRenderPipeline.cs:470)
UnityEngine.Rendering.RenderPipeline:InternalRender (UnityEngine.Rendering.ScriptableRenderContext,System.Collections.Generic.List`1<UnityEngine.Camera>)
UnityEngine.Rendering.RenderPipelineManager:DoRenderLoop_Internal (UnityEngine.Rendering.RenderPipelineAsset,intptr,UnityEngine.Object,Unity.Collections.LowLevel.Unsafe.AtomicSafetyHandle)

[./Library/PackageCache/com.unity.render-pipelines.universal@65a6875fdfbc/Runtime/UniversalRenderPipeline.cs line 891]

EndRenderPass: Not inside a Renderpass
UnityEngine.Debug:ExtractStackTraceNoAlloc (byte*,int,string)
UnityEngine.StackTraceUtility:ExtractStackTrace ()
UnityEngine.Rendering.ScriptableRenderContext:Submit ()
UnityEngine.Rendering.Universal.UniversalRenderPipeline:RenderSingleCamera (UnityEngine.Rendering.ScriptableRenderContext,UnityEngine.Rendering.Universal.UniversalCameraData) (at ./Library/PackageCache/com.unity.render-pipelines.universal@65a6875fdfbc/Runtime/UniversalRenderPipeline.cs:891)
UnityEngine.Rendering.Universal.UniversalRenderPipeline:RenderCameraStack (UnityEngine.Rendering.ScriptableRenderContext,UnityEngine.Camera,bool) (at ./Library/PackageCache/com.unity.render-pipelines.universal@65a6875fdfbc/Runtime/UniversalRenderPipeline.cs:1093)
UnityEngine.Rendering.Universal.UniversalRenderPipeline:Render (UnityEngine.Rendering.ScriptableRenderContext,System.Collections.Generic.List`1<UnityEngine.Camera>) (at ./Library/PackageCache/com.unity.render-pipelines.universal@65a6875fdfbc/Runtime/UniversalRenderPipeline.cs:470)
UnityEngine.Rendering.RenderPipeline:InternalRender (UnityEngine.Rendering.ScriptableRenderContext,System.Collections.Generic.List`1<UnityEngine.Camera>)
UnityEngine.Rendering.RenderPipelineManager:DoRenderLoop_Internal (UnityEngine.Rendering.RenderPipelineAsset,intptr,UnityEngine.Object,Unity.Collections.LowLevel.Unsafe.AtomicSafetyHandle)

[./Library/PackageCache/com.unity.render-pipelines.universal@65a6875fdfbc/Runtime/UniversalRenderPipeline.cs line 891]

RenderTexture.Create failed
UnityEngine.Debug:ExtractStackTraceNoAlloc (byte*,int,string)
UnityEngine.StackTraceUtility:ExtractStackTrace ()
UnityEngine.Rendering.ScriptableRenderContext:Submit ()
UnityEngine.Rendering.Universal.UniversalRenderPipeline:RenderSingleCamera (UnityEngine.Rendering.ScriptableRenderContext,UnityEngine.Rendering.Universal.UniversalCameraData) (at ./Library/PackageCache/com.unity.render-pipelines.universal@65a6875fdfbc/Runtime/UniversalRenderPipeline.cs:891)
UnityEngine.Rendering.Universal.UniversalRenderPipeline:RenderCameraStack (UnityEngine.Rendering.ScriptableRenderContext,UnityEngine.Camera,bool) (at ./Library/PackageCache/com.unity.render-pipelines.universal@65a6875fdfbc/Runtime/UniversalRenderPipeline.cs:1093)
UnityEngine.Rendering.Universal.UniversalRenderPipeline:Render (UnityEngine.Rendering.ScriptableRenderContext,System.Collections.Generic.List`1<UnityEngine.Camera>) (at ./Library/PackageCache/com.unity.render-pipelines.universal@65a6875fdfbc/Runtime/UniversalRenderPipeline.cs:470)
UnityEngine.Rendering.RenderPipeline:InternalRender (UnityEngine.Rendering.ScriptableRenderContext,System.Collections.Generic.List`1<UnityEngine.Camera>)
UnityEngine.Rendering.RenderPipelineManager:DoRenderLoop_Internal (UnityEngine.Rendering.RenderPipelineAsset,intptr,UnityEngine.Object,Unity.Collections.LowLevel.Unsafe.AtomicSafetyHandle)

[./Library/PackageCache/com.unity.render-pipelines.universal@65a6875fdfbc/Runtime/UniversalRenderPipeline.cs line 891]

RenderTexture.Create failed
UnityEngine.Debug:ExtractStackTraceNoAlloc (byte*,int,string)
UnityEngine.StackTraceUtility:ExtractStackTrace ()
UnityEngine.Rendering.ScriptableRenderContext:Submit ()
UnityEngine.Rendering.Universal.UniversalRenderPipeline:RenderSingleCamera (UnityEngine.Rendering.ScriptableRenderContext,UnityEngine.Rendering.Universal.UniversalCameraData) (at ./Library/PackageCache/com.unity.render-pipelines.universal@65a6875fdfbc/Runtime/UniversalRenderPipeline.cs:891)
UnityEngine.Rendering.Universal.UniversalRenderPipeline:RenderCameraStack (UnityEngine.Rendering.ScriptableRenderContext,UnityEngine.Camera,bool) (at ./Library/PackageCache/com.unity.render-pipelines.universal@65a6875fdfbc/Runtime/UniversalRenderPipeline.cs:1093)
UnityEngine.Rendering.Universal.UniversalRenderPipeline:Render (UnityEngine.Rendering.ScriptableRenderContext,System.Collections.Generic.List`1<UnityEngine.Camera>) (at ./Library/PackageCache/com.unity.render-pipelines.universal@65a6875fdfbc/Runtime/UniversalRenderPipeline.cs:470)
UnityEngine.Rendering.RenderPipeline:InternalRender (UnityEngine.Rendering.ScriptableRenderContext,System.Collections.Generic.List`1<UnityEngine.Camera>)
UnityEngine.Rendering.RenderPipelineManager:DoRenderLoop_Internal (UnityEngine.Rendering.RenderPipelineAsset,intptr,UnityEngine.Object,Unity.Collections.LowLevel.Unsafe.AtomicSafetyHandle)

[./Library/PackageCache/com.unity.render-pipelines.universal@65a6875fdfbc/Runtime/UniversalRenderPipeline.cs line 891]

RenderTexture.Create failed
UnityEngine.Debug:ExtractStackTraceNoAlloc (byte*,int,string)
UnityEngine.StackTraceUtility:ExtractStackTrace ()
UnityEngine.Rendering.ScriptableRenderContext:Submit ()
UnityEngine.Rendering.Universal.UniversalRenderPipeline:RenderSingleCamera (UnityEngine.Rendering.ScriptableRenderContext,UnityEngine.Rendering.Universal.UniversalCameraData) (at ./Library/PackageCache/com.unity.render-pipelines.universal@65a6875fdfbc/Runtime/UniversalRenderPipeline.cs:891)
UnityEngine.Rendering.Universal.UniversalRenderPipeline:RenderCameraStack (UnityEngine.Rendering.ScriptableRenderContext,UnityEngine.Camera,bool) (at ./Library/PackageCache/com.unity.render-pipelines.universal@65a6875fdfbc/Runtime/UniversalRenderPipeline.cs:1093)
UnityEngine.Rendering.Universal.UniversalRenderPipeline:Render (UnityEngine.Rendering.ScriptableRenderContext,System.Collections.Generic.List`1<UnityEngine.Camera>) (at ./Library/PackageCache/com.unity.render-pipelines.universal@65a6875fdfbc/Runtime/UniversalRenderPipeline.cs:470)
UnityEngine.Rendering.RenderPipeline:InternalRender (UnityEngine.Rendering.ScriptableRenderContext,System.Collections.Generic.List`1<UnityEngine.Camera>)
UnityEngine.Rendering.RenderPipelineManager:DoRenderLoop_Internal (UnityEngine.Rendering.RenderPipelineAsset,intptr,UnityEngine.Object,Unity.Collections.LowLevel.Unsafe.AtomicSafetyHandle)

[./Library/PackageCache/com.unity.render-pipelines.universal@65a6875fdfbc/Runtime/UniversalRenderPipeline.cs line 891]

DrawOpaqueObjects: Unable to find surface for attachment 0
UnityEngine.Debug:ExtractStackTraceNoAlloc (byte*,int,string)
UnityEngine.StackTraceUtility:ExtractStackTrace ()
UnityEngine.Rendering.ScriptableRenderContext:Submit ()
UnityEngine.Rendering.Universal.UniversalRenderPipeline:RenderSingleCamera (UnityEngine.Rendering.ScriptableRenderContext,UnityEngine.Rendering.Universal.UniversalCameraData) (at ./Library/PackageCache/com.unity.render-pipelines.universal@65a6875fdfbc/Runtime/UniversalRenderPipeline.cs:891)
UnityEngine.Rendering.Universal.UniversalRenderPipeline:RenderCameraStack (UnityEngine.Rendering.ScriptableRenderContext,UnityEngine.Camera,bool) (at ./Library/PackageCache/com.unity.render-pipelines.universal@65a6875fdfbc/Runtime/UniversalRenderPipeline.cs:1093)
UnityEngine.Rendering.Universal.UniversalRenderPipeline:Render (UnityEngine.Rendering.ScriptableRenderContext,System.Collections.Generic.List`1<UnityEngine.Camera>) (at ./Library/PackageCache/com.unity.render-pipelines.universal@65a6875fdfbc/Runtime/UniversalRenderPipeline.cs:470)
UnityEngine.Rendering.RenderPipeline:InternalRender (UnityEngine.Rendering.ScriptableRenderContext,System.Collections.Generic.List`1<UnityEngine.Camera>)
UnityEngine.Rendering.RenderPipelineManager:DoRenderLoop_Internal (UnityEngine.Rendering.RenderPipelineAsset,intptr,UnityEngine.Object,Unity.Collections.LowLevel.Unsafe.AtomicSafetyHandle)

[./Library/PackageCache/com.unity.render-pipelines.universal@65a6875fdfbc/Runtime/UniversalRenderPipeline.cs line 891]

EndRenderPass: Not inside a Renderpass
UnityEngine.Debug:ExtractStackTraceNoAlloc (byte*,int,string)
UnityEngine.StackTraceUtility:ExtractStackTrace ()
UnityEngine.Rendering.ScriptableRenderContext:Submit ()
UnityEngine.Rendering.Universal.UniversalRenderPipeline:RenderSingleCamera (UnityEngine.Rendering.ScriptableRenderContext,UnityEngine.Rendering.Universal.UniversalCameraData) (at ./Library/PackageCache/com.unity.render-pipelines.universal@65a6875fdfbc/Runtime/UniversalRenderPipeline.cs:891)
UnityEngine.Rendering.Universal.UniversalRenderPipeline:RenderCameraStack (UnityEngine.Rendering.ScriptableRenderContext,UnityEngine.Camera,bool) (at ./Library/PackageCache/com.unity.render-pipelines.universal@65a6875fdfbc/Runtime/UniversalRenderPipeline.cs:1093)
UnityEngine.Rendering.Universal.UniversalRenderPipeline:Render (UnityEngine.Rendering.ScriptableRenderContext,System.Collections.Generic.List`1<UnityEngine.Camera>) (at ./Library/PackageCache/com.unity.render-pipelines.universal@65a6875fdfbc/Runtime/UniversalRenderPipeline.cs:470)
UnityEngine.Rendering.RenderPipeline:InternalRender (UnityEngine.Rendering.ScriptableRenderContext,System.Collections.Generic.List`1<UnityEngine.Camera>)
UnityEngine.Rendering.RenderPipelineManager:DoRenderLoop_Internal (UnityEngine.Rendering.RenderPipelineAsset,intptr,UnityEngine.Object,Unity.Collections.LowLevel.Unsafe.AtomicSafetyHandle)

[./Library/PackageCache/com.unity.render-pipelines.universal@65a6875fdfbc/Runtime/UniversalRenderPipeline.cs line 891]

RenderTexture.Create failed
UnityEngine.Debug:ExtractStackTraceNoAlloc (byte*,int,string)
UnityEngine.StackTraceUtility:ExtractStackTrace ()
UnityEngine.Rendering.ScriptableRenderContext:Submit ()
UnityEngine.Rendering.Universal.UniversalRenderPipeline:RenderSingleCamera (UnityEngine.Rendering.ScriptableRenderContext,UnityEngine.Rendering.Universal.UniversalCameraData) (at ./Library/PackageCache/com.unity.render-pipelines.universal@65a6875fdfbc/Runtime/UniversalRenderPipeline.cs:891)
UnityEngine.Rendering.Universal.UniversalRenderPipeline:RenderCameraStack (UnityEngine.Rendering.ScriptableRenderContext,UnityEngine.Camera,bool) (at ./Library/PackageCache/com.unity.render-pipelines.universal@65a6875fdfbc/Runtime/UniversalRenderPipeline.cs:1093)
UnityEngine.Rendering.Universal.UniversalRenderPipeline:Render (UnityEngine.Rendering.ScriptableRenderContext,System.Collections.Generic.List`1<UnityEngine.Camera>) (at ./Library/PackageCache/com.unity.render-pipelines.universal@65a6875fdfbc/Runtime/UniversalRenderPipeline.cs:470)
UnityEngine.Rendering.RenderPipeline:InternalRender (UnityEngine.Rendering.ScriptableRenderContext,System.Collections.Generic.List`1<UnityEngine.Camera>)
UnityEngine.Rendering.RenderPipelineManager:DoRenderLoop_Internal (UnityEngine.Rendering.RenderPipelineAsset,intptr,UnityEngine.Object,Unity.Collections.LowLevel.Unsafe.AtomicSafetyHandle)

[./Library/PackageCache/com.unity.render-pipelines.universal@65a6875fdfbc/Runtime/UniversalRenderPipeline.cs line 891]

RenderTexture.Create failed
UnityEngine.Debug:ExtractStackTraceNoAlloc (byte*,int,string)
UnityEngine.StackTraceUtility:ExtractStackTrace ()
UnityEngine.Rendering.ScriptableRenderContext:Submit ()
UnityEngine.Rendering.Universal.UniversalRenderPipeline:RenderSingleCamera (UnityEngine.Rendering.ScriptableRenderContext,UnityEngine.Rendering.Universal.UniversalCameraData) (at ./Library/PackageCache/com.unity.render-pipelines.universal@65a6875fdfbc/Runtime/UniversalRenderPipeline.cs:891)
UnityEngine.Rendering.Universal.UniversalRenderPipeline:RenderCameraStack (UnityEngine.Rendering.ScriptableRenderContext,UnityEngine.Camera,bool) (at ./Library/PackageCache/com.unity.render-pipelines.universal@65a6875fdfbc/Runtime/UniversalRenderPipeline.cs:1093)
UnityEngine.Rendering.Universal.UniversalRenderPipeline:Render (UnityEngine.Rendering.ScriptableRenderContext,System.Collections.Generic.List`1<UnityEngine.Camera>) (at ./Library/PackageCache/com.unity.render-pipelines.universal@65a6875fdfbc/Runtime/UniversalRenderPipeline.cs:470)
UnityEngine.Rendering.RenderPipeline:InternalRender (UnityEngine.Rendering.ScriptableRenderContext,System.Collections.Generic.List`1<UnityEngine.Camera>)
UnityEngine.Rendering.RenderPipelineManager:DoRenderLoop_Internal (UnityEngine.Rendering.RenderPipelineAsset,intptr,UnityEngine.Object,Unity.Collections.LowLevel.Unsafe.AtomicSafetyHandle)

[./Library/PackageCache/com.unity.render-pipelines.universal@65a6875fdfbc/Runtime/UniversalRenderPipeline.cs line 891]

RenderTexture.Create failed
UnityEngine.Debug:ExtractStackTraceNoAlloc (byte*,int,string)
UnityEngine.StackTraceUtility:ExtractStackTrace ()
UnityEngine.Rendering.ScriptableRenderContext:Submit ()
UnityEngine.Rendering.Universal.UniversalRenderPipeline:RenderSingleCamera (UnityEngine.Rendering.ScriptableRenderContext,UnityEngine.Rendering.Universal.UniversalCameraData) (at ./Library/PackageCache/com.unity.render-pipelines.universal@65a6875fdfbc/Runtime/UniversalRenderPipeline.cs:891)
UnityEngine.Rendering.Universal.UniversalRenderPipeline:RenderCameraStack (UnityEngine.Rendering.ScriptableRenderContext,UnityEngine.Camera,bool) (at ./Library/PackageCache/com.unity.render-pipelines.universal@65a6875fdfbc/Runtime/UniversalRenderPipeline.cs:1093)
UnityEngine.Rendering.Universal.UniversalRenderPipeline:Render (UnityEngine.Rendering.ScriptableRenderContext,System.Collections.Generic.List`1<UnityEngine.Camera>) (at ./Library/PackageCache/com.unity.render-pipelines.universal@65a6875fdfbc/Runtime/UniversalRenderPipeline.cs:470)
UnityEngine.Rendering.RenderPipeline:InternalRender (UnityEngine.Rendering.ScriptableRenderContext,System.Collections.Generic.List`1<UnityEngine.Camera>)
UnityEngine.Rendering.RenderPipelineManager:DoRenderLoop_Internal (UnityEngine.Rendering.RenderPipelineAsset,intptr,UnityEngine.Object,Unity.Collections.LowLevel.Unsafe.AtomicSafetyHandle)

[./Library/PackageCache/com.unity.render-pipelines.universal@65a6875fdfbc/Runtime/UniversalRenderPipeline.cs line 891]

DrawTransparentObjects: Unable to find surface for attachment 0
UnityEngine.Debug:ExtractStackTraceNoAlloc (byte*,int,string)
UnityEngine.StackTraceUtility:ExtractStackTrace ()
UnityEngine.Rendering.ScriptableRenderContext:Submit ()
UnityEngine.Rendering.Universal.UniversalRenderPipeline:RenderSingleCamera (UnityEngine.Rendering.ScriptableRenderContext,UnityEngine.Rendering.Universal.UniversalCameraData) (at ./Library/PackageCache/com.unity.render-pipelines.universal@65a6875fdfbc/Runtime/UniversalRenderPipeline.cs:891)
UnityEngine.Rendering.Universal.UniversalRenderPipeline:RenderCameraStack (UnityEngine.Rendering.ScriptableRenderContext,UnityEngine.Camera,bool) (at ./Library/PackageCache/com.unity.render-pipelines.universal@65a6875fdfbc/Runtime/UniversalRenderPipeline.cs:1093)
UnityEngine.Rendering.Universal.UniversalRenderPipeline:Render (UnityEngine.Rendering.ScriptableRenderContext,System.Collections.Generic.List`1<UnityEngine.Camera>) (at ./Library/PackageCache/com.unity.render-pipelines.universal@65a6875fdfbc/Runtime/UniversalRenderPipeline.cs:470)
UnityEngine.Rendering.RenderPipeline:InternalRender (UnityEngine.Rendering.ScriptableRenderContext,System.Collections.Generic.List`1<UnityEngine.Camera>)
UnityEngine.Rendering.RenderPipelineManager:DoRenderLoop_Internal (UnityEngine.Rendering.RenderPipelineAsset,intptr,UnityEngine.Object,Unity.Collections.LowLevel.Unsafe.AtomicSafetyHandle)

[./Library/PackageCache/com.unity.render-pipelines.universal@65a6875fdfbc/Runtime/UniversalRenderPipeline.cs line 891]

EndRenderPass: Not inside a Renderpass
UnityEngine.Debug:ExtractStackTraceNoAlloc (byte*,int,string)
UnityEngine.StackTraceUtility:ExtractStackTrace ()
UnityEngine.Rendering.ScriptableRenderContext:Submit ()
UnityEngine.Rendering.Universal.UniversalRenderPipeline:RenderSingleCamera (UnityEngine.Rendering.ScriptableRenderContext,UnityEngine.Rendering.Universal.UniversalCameraData) (at ./Library/PackageCache/com.unity.render-pipelines.universal@65a6875fdfbc/Runtime/UniversalRenderPipeline.cs:891)
UnityEngine.Rendering.Universal.UniversalRenderPipeline:RenderCameraStack (UnityEngine.Rendering.ScriptableRenderContext,UnityEngine.Camera,bool) (at ./Library/PackageCache/com.unity.render-pipelines.universal@65a6875fdfbc/Runtime/UniversalRenderPipeline.cs:1093)
UnityEngine.Rendering.Universal.UniversalRenderPipeline:Render (UnityEngine.Rendering.ScriptableRenderContext,System.Collections.Generic.List`1<UnityEngine.Camera>) (at ./Library/PackageCache/com.unity.render-pipelines.universal@65a6875fdfbc/Runtime/UniversalRenderPipeline.cs:470)
UnityEngine.Rendering.RenderPipeline:InternalRender (UnityEngine.Rendering.ScriptableRenderContext,System.Collections.Generic.List`1<UnityEngine.Camera>)
UnityEngine.Rendering.RenderPipelineManager:DoRenderLoop_Internal (UnityEngine.Rendering.RenderPipelineAsset,intptr,UnityEngine.Object,Unity.Collections.LowLevel.Unsafe.AtomicSafetyHandle)

[./Library/PackageCache/com.unity.render-pipelines.universal@65a6875fdfbc/Runtime/UniversalRenderPipeline.cs line 891]

SetConstantBuffer: The current renderer does not support constant buffers. This call will have no effect.
UnityEngine.Debug:ExtractStackTraceNoAlloc (byte*,int,string)
UnityEngine.StackTraceUtility:ExtractStackTrace ()
UnityEngine.Rendering.ScriptableRenderContext:Submit ()
UnityEngine.Rendering.Universal.UniversalRenderPipeline:RenderSingleCamera (UnityEngine.Rendering.ScriptableRenderContext,UnityEngine.Rendering.Universal.UniversalCameraData) (at ./Library/PackageCache/com.unity.render-pipelines.universal@65a6875fdfbc/Runtime/UniversalRenderPipeline.cs:891)
UnityEngine.Rendering.Universal.UniversalRenderPipeline:RenderCameraStack (UnityEngine.Rendering.ScriptableRenderContext,UnityEngine.Camera,bool) (at ./Library/PackageCache/com.unity.render-pipelines.universal@65a6875fdfbc/Runtime/UniversalRenderPipeline.cs:1093)
UnityEngine.Rendering.Universal.UniversalRenderPipeline:Render (UnityEngine.Rendering.ScriptableRenderContext,System.Collections.Generic.List`1<UnityEngine.Camera>) (at ./Library/PackageCache/com.unity.render-pipelines.universal@65a6875fdfbc/Runtime/UniversalRenderPipeline.cs:470)
UnityEngine.Rendering.RenderPipeline:InternalRender (UnityEngine.Rendering.ScriptableRenderContext,System.Collections.Generic.List`1<UnityEngine.Camera>)
UnityEngine.Rendering.RenderPipelineManager:DoRenderLoop_Internal (UnityEngine.Rendering.RenderPipelineAsset,intptr,UnityEngine.Object,Unity.Collections.LowLevel.Unsafe.AtomicSafetyHandle)

[./Library/PackageCache/com.unity.render-pipelines.universal@65a6875fdfbc/Runtime/UniversalRenderPipeline.cs line 891]

SetConstantBuffer: The current renderer does not support constant buffers. This call will have no effect.
UnityEngine.Debug:ExtractStackTraceNoAlloc (byte*,int,string)
UnityEngine.StackTraceUtility:ExtractStackTrace ()
UnityEngine.Rendering.ScriptableRenderContext:Submit ()
UnityEngine.Rendering.Universal.UniversalRenderPipeline:RenderSingleCamera (UnityEngine.Rendering.ScriptableRenderContext,UnityEngine.Rendering.Universal.UniversalCameraData) (at ./Library/PackageCache/com.unity.render-pipelines.universal@65a6875fdfbc/Runtime/UniversalRenderPipeline.cs:891)
UnityEngine.Rendering.Universal.UniversalRenderPipeline:RenderCameraStack (UnityEngine.Rendering.ScriptableRenderContext,UnityEngine.Camera,bool) (at ./Library/PackageCache/com.unity.render-pipelines.universal@65a6875fdfbc/Runtime/UniversalRenderPipeline.cs:1093)
UnityEngine.Rendering.Universal.UniversalRenderPipeline:Render (UnityEngine.Rendering.ScriptableRenderContext,System.Collections.Generic.List`1<UnityEngine.Camera>) (at ./Library/PackageCache/com.unity.render-pipelines.universal@65a6875fdfbc/Runtime/UniversalRenderPipeline.cs:470)
UnityEngine.Rendering.RenderPipeline:InternalRender (UnityEngine.Rendering.ScriptableRenderContext,System.Collections.Generic.List`1<UnityEngine.Camera>)
UnityEngine.Rendering.RenderPipelineManager:DoRenderLoop_Internal (UnityEngine.Rendering.RenderPipelineAsset,intptr,UnityEngine.Object,Unity.Collections.LowLevel.Unsafe.AtomicSafetyHandle)

[./Library/PackageCache/com.unity.render-pipelines.universal@65a6875fdfbc/Runtime/UniversalRenderPipeline.cs line 891]

RenderTexture.Create failed
UnityEngine.Debug:ExtractStackTraceNoAlloc (byte*,int,string)
UnityEngine.StackTraceUtility:ExtractStackTrace ()
UnityEngine.Rendering.ScriptableRenderContext:Submit ()
UnityEngine.Rendering.Universal.UniversalRenderPipeline:RenderSingleCamera (UnityEngine.Rendering.ScriptableRenderContext,UnityEngine.Rendering.Universal.UniversalCameraData) (at ./Library/PackageCache/com.unity.render-pipelines.universal@65a6875fdfbc/Runtime/UniversalRenderPipeline.cs:891)
UnityEngine.Rendering.Universal.UniversalRenderPipeline:RenderCameraStack (UnityEngine.Rendering.ScriptableRenderContext,UnityEngine.Camera,bool) (at ./Library/PackageCache/com.unity.render-pipelines.universal@65a6875fdfbc/Runtime/UniversalRenderPipeline.cs:1093)
UnityEngine.Rendering.Universal.UniversalRenderPipeline:Render (UnityEngine.Rendering.ScriptableRenderContext,System.Collections.Generic.List`1<UnityEngine.Camera>) (at ./Library/PackageCache/com.unity.render-pipelines.universal@65a6875fdfbc/Runtime/UniversalRenderPipeline.cs:470)
UnityEngine.Rendering.RenderPipeline:InternalRender (UnityEngine.Rendering.ScriptableRenderContext,System.Collections.Generic.List`1<UnityEngine.Camera>)
UnityEngine.Rendering.RenderPipelineManager:DoRenderLoop_Internal (UnityEngine.Rendering.RenderPipelineAsset,intptr,UnityEngine.Object,Unity.Collections.LowLevel.Unsafe.AtomicSafetyHandle)

[./Library/PackageCache/com.unity.render-pipelines.universal@65a6875fdfbc/Runtime/UniversalRenderPipeline.cs line 891]

RenderTexture.Create failed
UnityEngine.Debug:ExtractStackTraceNoAlloc (byte*,int,string)
UnityEngine.StackTraceUtility:ExtractStackTrace ()
UnityEngine.Rendering.ScriptableRenderContext:Submit ()
UnityEngine.Rendering.Universal.UniversalRenderPipeline:RenderSingleCamera (UnityEngine.Rendering.ScriptableRenderContext,UnityEngine.Rendering.Universal.UniversalCameraData) (at ./Library/PackageCache/com.unity.render-pipelines.universal@65a6875fdfbc/Runtime/UniversalRenderPipeline.cs:891)
UnityEngine.Rendering.Universal.UniversalRenderPipeline:RenderCameraStack (UnityEngine.Rendering.ScriptableRenderContext,UnityEngine.Camera,bool) (at ./Library/PackageCache/com.unity.render-pipelines.universal@65a6875fdfbc/Runtime/UniversalRenderPipeline.cs:1093)
UnityEngine.Rendering.Universal.UniversalRenderPipeline:Render (UnityEngine.Rendering.ScriptableRenderContext,System.Collections.Generic.List`1<UnityEngine.Camera>) (at ./Library/PackageCache/com.unity.render-pipelines.universal@65a6875fdfbc/Runtime/UniversalRenderPipeline.cs:470)
UnityEngine.Rendering.RenderPipeline:InternalRender (UnityEngine.Rendering.ScriptableRenderContext,System.Collections.Generic.List`1<UnityEngine.Camera>)
UnityEngine.Rendering.RenderPipelineManager:DoRenderLoop_Internal (UnityEngine.Rendering.RenderPipelineAsset,intptr,UnityEngine.Object,Unity.Collections.LowLevel.Unsafe.AtomicSafetyHandle)

[./Library/PackageCache/com.unity.render-pipelines.universal@65a6875fdfbc/Runtime/UniversalRenderPipeline.cs line 891]

RenderTexture.Create failed
UnityEngine.Debug:ExtractStackTraceNoAlloc (byte*,int,string)
UnityEngine.StackTraceUtility:ExtractStackTrace ()
UnityEngine.Rendering.ScriptableRenderContext:Submit ()
UnityEngine.Rendering.Universal.UniversalRenderPipeline:RenderSingleCamera (UnityEngine.Rendering.ScriptableRenderContext,UnityEngine.Rendering.Universal.UniversalCameraData) (at ./Library/PackageCache/com.unity.render-pipelines.universal@65a6875fdfbc/Runtime/UniversalRenderPipeline.cs:891)
UnityEngine.Rendering.Universal.UniversalRenderPipeline:RenderCameraStack (UnityEngine.Rendering.ScriptableRenderContext,UnityEngine.Camera,bool) (at ./Library/PackageCache/com.unity.render-pipelines.universal@65a6875fdfbc/Runtime/UniversalRenderPipeline.cs:1093)
UnityEngine.Rendering.Universal.UniversalRenderPipeline:Render (UnityEngine.Rendering.ScriptableRenderContext,System.Collections.Generic.List`1<UnityEngine.Camera>) (at ./Library/PackageCache/com.unity.render-pipelines.universal@65a6875fdfbc/Runtime/UniversalRenderPipeline.cs:470)
UnityEngine.Rendering.RenderPipeline:InternalRender (UnityEngine.Rendering.ScriptableRenderContext,System.Collections.Generic.List`1<UnityEngine.Camera>)
UnityEngine.Rendering.RenderPipelineManager:DoRenderLoop_Internal (UnityEngine.Rendering.RenderPipelineAsset,intptr,UnityEngine.Object,Unity.Collections.LowLevel.Unsafe.AtomicSafetyHandle)

[./Library/PackageCache/com.unity.render-pipelines.universal@65a6875fdfbc/Runtime/UniversalRenderPipeline.cs line 891]

DrawDepthNormalPrepass: Unable to find surface for attachment 0
UnityEngine.Debug:ExtractStackTraceNoAlloc (byte*,int,string)
UnityEngine.StackTraceUtility:ExtractStackTrace ()
UnityEngine.Rendering.ScriptableRenderContext:Submit ()
UnityEngine.Rendering.Universal.UniversalRenderPipeline:RenderSingleCamera (UnityEngine.Rendering.ScriptableRenderContext,UnityEngine.Rendering.Universal.UniversalCameraData) (at ./Library/PackageCache/com.unity.render-pipelines.universal@65a6875fdfbc/Runtime/UniversalRenderPipeline.cs:891)
UnityEngine.Rendering.Universal.UniversalRenderPipeline:RenderCameraStack (UnityEngine.Rendering.ScriptableRenderContext,UnityEngine.Camera,bool) (at ./Library/PackageCache/com.unity.render-pipelines.universal@65a6875fdfbc/Runtime/UniversalRenderPipeline.cs:1093)
UnityEngine.Rendering.Universal.UniversalRenderPipeline:Render (UnityEngine.Rendering.ScriptableRenderContext,System.Collections.Generic.List`1<UnityEngine.Camera>) (at ./Library/PackageCache/com.unity.render-pipelines.universal@65a6875fdfbc/Runtime/UniversalRenderPipeline.cs:470)
UnityEngine.Rendering.RenderPipeline:InternalRender (UnityEngine.Rendering.ScriptableRenderContext,System.Collections.Generic.List`1<UnityEngine.Camera>)
UnityEngine.Rendering.RenderPipelineManager:DoRenderLoop_Internal (UnityEngine.Rendering.RenderPipelineAsset,intptr,UnityEngine.Object,Unity.Collections.LowLevel.Unsafe.AtomicSafetyHandle)

[./Library/PackageCache/com.unity.render-pipelines.universal@65a6875fdfbc/Runtime/UniversalRenderPipeline.cs line 891]

EndRenderPass: Not inside a Renderpass
UnityEngine.Debug:ExtractStackTraceNoAlloc (byte*,int,string)
UnityEngine.StackTraceUtility:ExtractStackTrace ()
UnityEngine.Rendering.ScriptableRenderContext:Submit ()
UnityEngine.Rendering.Universal.UniversalRenderPipeline:RenderSingleCamera (UnityEngine.Rendering.ScriptableRenderContext,UnityEngine.Rendering.Universal.UniversalCameraData) (at ./Library/PackageCache/com.unity.render-pipelines.universal@65a6875fdfbc/Runtime/UniversalRenderPipeline.cs:891)
UnityEngine.Rendering.Universal.UniversalRenderPipeline:RenderCameraStack (UnityEngine.Rendering.ScriptableRenderContext,UnityEngine.Camera,bool) (at ./Library/PackageCache/com.unity.render-pipelines.universal@65a6875fdfbc/Runtime/UniversalRenderPipeline.cs:1093)
UnityEngine.Rendering.Universal.UniversalRenderPipeline:Render (UnityEngine.Rendering.ScriptableRenderContext,System.Collections.Generic.List`1<UnityEngine.Camera>) (at ./Library/PackageCache/com.unity.render-pipelines.universal@65a6875fdfbc/Runtime/UniversalRenderPipeline.cs:470)
UnityEngine.Rendering.RenderPipeline:InternalRender (UnityEngine.Rendering.ScriptableRenderContext,System.Collections.Generic.List`1<UnityEngine.Camera>)
UnityEngine.Rendering.RenderPipelineManager:DoRenderLoop_Internal (UnityEngine.Rendering.RenderPipelineAsset,intptr,UnityEngine.Object,Unity.Collections.LowLevel.Unsafe.AtomicSafetyHandle)

[./Library/PackageCache/com.unity.render-pipelines.universal@65a6875fdfbc/Runtime/UniversalRenderPipeline.cs line 891]

RenderTexture.Create failed
UnityEngine.Debug:ExtractStackTraceNoAlloc (byte*,int,string)
UnityEngine.StackTraceUtility:ExtractStackTrace ()
UnityEngine.Rendering.ScriptableRenderContext:Submit ()
UnityEngine.Rendering.Universal.UniversalRenderPipeline:RenderSingleCamera (UnityEngine.Rendering.ScriptableRenderContext,UnityEngine.Rendering.Universal.UniversalCameraData) (at ./Library/PackageCache/com.unity.render-pipelines.universal@65a6875fdfbc/Runtime/UniversalRenderPipeline.cs:891)
UnityEngine.Rendering.Universal.UniversalRenderPipeline:RenderCameraStack (UnityEngine.Rendering.ScriptableRenderContext,UnityEngine.Camera,bool) (at ./Library/PackageCache/com.unity.render-pipelines.universal@65a6875fdfbc/Runtime/UniversalRenderPipeline.cs:1093)
UnityEngine.Rendering.Universal.UniversalRenderPipeline:Render (UnityEngine.Rendering.ScriptableRenderContext,System.Collections.Generic.List`1<UnityEngine.Camera>) (at ./Library/PackageCache/com.unity.render-pipelines.universal@65a6875fdfbc/Runtime/UniversalRenderPipeline.cs:470)
UnityEngine.Rendering.RenderPipeline:InternalRender (UnityEngine.Rendering.ScriptableRenderContext,System.Collections.Generic.List`1<UnityEngine.Camera>)
UnityEngine.Rendering.RenderPipelineManager:DoRenderLoop_Internal (UnityEngine.Rendering.RenderPipelineAsset,intptr,UnityEngine.Object,Unity.Collections.LowLevel.Unsafe.AtomicSafetyHandle)

[./Library/PackageCache/com.unity.render-pipelines.universal@65a6875fdfbc/Runtime/UniversalRenderPipeline.cs line 891]

RenderTexture.Create failed
UnityEngine.Debug:ExtractStackTraceNoAlloc (byte*,int,string)
UnityEngine.StackTraceUtility:ExtractStackTrace ()
UnityEngine.Rendering.ScriptableRenderContext:Submit ()
UnityEngine.Rendering.Universal.UniversalRenderPipeline:RenderSingleCamera (UnityEngine.Rendering.ScriptableRenderContext,UnityEngine.Rendering.Universal.UniversalCameraData) (at ./Library/PackageCache/com.unity.render-pipelines.universal@65a6875fdfbc/Runtime/UniversalRenderPipeline.cs:891)
UnityEngine.Rendering.Universal.UniversalRenderPipeline:RenderCameraStack (UnityEngine.Rendering.ScriptableRenderContext,UnityEngine.Camera,bool) (at ./Library/PackageCache/com.unity.render-pipelines.universal@65a6875fdfbc/Runtime/UniversalRenderPipeline.cs:1093)
UnityEngine.Rendering.Universal.UniversalRenderPipeline:Render (UnityEngine.Rendering.ScriptableRenderContext,System.Collections.Generic.List`1<UnityEngine.Camera>) (at ./Library/PackageCache/com.unity.render-pipelines.universal@65a6875fdfbc/Runtime/UniversalRenderPipeline.cs:470)
UnityEngine.Rendering.RenderPipeline:InternalRender (UnityEngine.Rendering.ScriptableRenderContext,System.Collections.Generic.List`1<UnityEngine.Camera>)
UnityEngine.Rendering.RenderPipelineManager:DoRenderLoop_Internal (UnityEngine.Rendering.RenderPipelineAsset,intptr,UnityEngine.Object,Unity.Collections.LowLevel.Unsafe.AtomicSafetyHandle)

[./Library/PackageCache/com.unity.render-pipelines.universal@65a6875fdfbc/Runtime/UniversalRenderPipeline.cs line 891]

RenderTexture.Create failed
UnityEngine.Debug:ExtractStackTraceNoAlloc (byte*,int,string)
UnityEngine.StackTraceUtility:ExtractStackTrace ()
UnityEngine.Rendering.ScriptableRenderContext:Submit ()
UnityEngine.Rendering.Universal.UniversalRenderPipeline:RenderSingleCamera (UnityEngine.Rendering.ScriptableRenderContext,UnityEngine.Rendering.Universal.UniversalCameraData) (at ./Library/PackageCache/com.unity.render-pipelines.universal@65a6875fdfbc/Runtime/UniversalRenderPipeline.cs:891)
UnityEngine.Rendering.Universal.UniversalRenderPipeline:RenderCameraStack (UnityEngine.Rendering.ScriptableRenderContext,UnityEngine.Camera,bool) (at ./Library/PackageCache/com.unity.render-pipelines.universal@65a6875fdfbc/Runtime/UniversalRenderPipeline.cs:1093)
UnityEngine.Rendering.Universal.UniversalRenderPipeline:Render (UnityEngine.Rendering.ScriptableRenderContext,System.Collections.Generic.List`1<UnityEngine.Camera>) (at ./Library/PackageCache/com.unity.render-pipelines.universal@65a6875fdfbc/Runtime/UniversalRenderPipeline.cs:470)
UnityEngine.Rendering.RenderPipeline:InternalRender (UnityEngine.Rendering.ScriptableRenderContext,System.Collections.Generic.List`1<UnityEngine.Camera>)
UnityEngine.Rendering.RenderPipelineManager:DoRenderLoop_Internal (UnityEngine.Rendering.RenderPipelineAsset,intptr,UnityEngine.Object,Unity.Collections.LowLevel.Unsafe.AtomicSafetyHandle)

[./Library/PackageCache/com.unity.render-pipelines.universal@65a6875fdfbc/Runtime/UniversalRenderPipeline.cs line 891]

DrawOpaqueObjects: Unable to find surface for attachment 0
UnityEngine.Debug:ExtractStackTraceNoAlloc (byte*,int,string)
UnityEngine.StackTraceUtility:ExtractStackTrace ()
UnityEngine.Rendering.ScriptableRenderContext:Submit ()
UnityEngine.Rendering.Universal.UniversalRenderPipeline:RenderSingleCamera (UnityEngine.Rendering.ScriptableRenderContext,UnityEngine.Rendering.Universal.UniversalCameraData) (at ./Library/PackageCache/com.unity.render-pipelines.universal@65a6875fdfbc/Runtime/UniversalRenderPipeline.cs:891)
UnityEngine.Rendering.Universal.UniversalRenderPipeline:RenderCameraStack (UnityEngine.Rendering.ScriptableRenderContext,UnityEngine.Camera,bool) (at ./Library/PackageCache/com.unity.render-pipelines.universal@65a6875fdfbc/Runtime/UniversalRenderPipeline.cs:1093)
UnityEngine.Rendering.Universal.UniversalRenderPipeline:Render (UnityEngine.Rendering.ScriptableRenderContext,System.Collections.Generic.List`1<UnityEngine.Camera>) (at ./Library/PackageCache/com.unity.render-pipelines.universal@65a6875fdfbc/Runtime/UniversalRenderPipeline.cs:470)
UnityEngine.Rendering.RenderPipeline:InternalRender (UnityEngine.Rendering.ScriptableRenderContext,System.Collections.Generic.List`1<UnityEngine.Camera>)
UnityEngine.Rendering.RenderPipelineManager:DoRenderLoop_Internal (UnityEngine.Rendering.RenderPipelineAsset,intptr,UnityEngine.Object,Unity.Collections.LowLevel.Unsafe.AtomicSafetyHandle)

[./Library/PackageCache/com.unity.render-pipelines.universal@65a6875fdfbc/Runtime/UniversalRenderPipeline.cs line 891]

EndRenderPass: Not inside a Renderpass
UnityEngine.Debug:ExtractStackTraceNoAlloc (byte*,int,string)
UnityEngine.StackTraceUtility:ExtractStackTrace ()
UnityEngine.Rendering.ScriptableRenderContext:Submit ()
UnityEngine.Rendering.Universal.UniversalRenderPipeline:RenderSingleCamera (UnityEngine.Rendering.ScriptableRenderContext,UnityEngine.Rendering.Universal.UniversalCameraData) (at ./Library/PackageCache/com.unity.render-pipelines.universal@65a6875fdfbc/Runtime/UniversalRenderPipeline.cs:891)
UnityEngine.Rendering.Universal.UniversalRenderPipeline:RenderCameraStack (UnityEngine.Rendering.ScriptableRenderContext,UnityEngine.Camera,bool) (at ./Library/PackageCache/com.unity.render-pipelines.universal@65a6875fdfbc/Runtime/UniversalRenderPipeline.cs:1093)
UnityEngine.Rendering.Universal.UniversalRenderPipeline:Render (UnityEngine.Rendering.ScriptableRenderContext,System.Collections.Generic.List`1<UnityEngine.Camera>) (at ./Library/PackageCache/com.unity.render-pipelines.universal@65a6875fdfbc/Runtime/UniversalRenderPipeline.cs:470)
UnityEngine.Rendering.RenderPipeline:InternalRender (UnityEngine.Rendering.ScriptableRenderContext,System.Collections.Generic.List`1<UnityEngine.Camera>)
UnityEngine.Rendering.RenderPipelineManager:DoRenderLoop_Internal (UnityEngine.Rendering.RenderPipelineAsset,intptr,UnityEngine.Object,Unity.Collections.LowLevel.Unsafe.AtomicSafetyHandle)

[./Library/PackageCache/com.unity.render-pipelines.universal@65a6875fdfbc/Runtime/UniversalRenderPipeline.cs line 891]

RenderTexture.Create failed
UnityEngine.Debug:ExtractStackTraceNoAlloc (byte*,int,string)
UnityEngine.StackTraceUtility:ExtractStackTrace ()
UnityEngine.Rendering.ScriptableRenderContext:Submit ()
UnityEngine.Rendering.Universal.UniversalRenderPipeline:RenderSingleCamera (UnityEngine.Rendering.ScriptableRenderContext,UnityEngine.Rendering.Universal.UniversalCameraData) (at ./Library/PackageCache/com.unity.render-pipelines.universal@65a6875fdfbc/Runtime/UniversalRenderPipeline.cs:891)
UnityEngine.Rendering.Universal.UniversalRenderPipeline:RenderCameraStack (UnityEngine.Rendering.ScriptableRenderContext,UnityEngine.Camera,bool) (at ./Library/PackageCache/com.unity.render-pipelines.universal@65a6875fdfbc/Runtime/UniversalRenderPipeline.cs:1093)
UnityEngine.Rendering.Universal.UniversalRenderPipeline:Render (UnityEngine.Rendering.ScriptableRenderContext,System.Collections.Generic.List`1<UnityEngine.Camera>) (at ./Library/PackageCache/com.unity.render-pipelines.universal@65a6875fdfbc/Runtime/UniversalRenderPipeline.cs:470)
UnityEngine.Rendering.RenderPipeline:InternalRender (UnityEngine.Rendering.ScriptableRenderContext,System.Collections.Generic.List`1<UnityEngine.Camera>)
UnityEngine.Rendering.RenderPipelineManager:DoRenderLoop_Internal (UnityEngine.Rendering.RenderPipelineAsset,intptr,UnityEngine.Object,Unity.Collections.LowLevel.Unsafe.AtomicSafetyHandle)

[./Library/PackageCache/com.unity.render-pipelines.universal@65a6875fdfbc/Runtime/UniversalRenderPipeline.cs line 891]

RenderTexture.Create failed
UnityEngine.Debug:ExtractStackTraceNoAlloc (byte*,int,string)
UnityEngine.StackTraceUtility:ExtractStackTrace ()
UnityEngine.Rendering.ScriptableRenderContext:Submit ()
UnityEngine.Rendering.Universal.UniversalRenderPipeline:RenderSingleCamera (UnityEngine.Rendering.ScriptableRenderContext,UnityEngine.Rendering.Universal.UniversalCameraData) (at ./Library/PackageCache/com.unity.render-pipelines.universal@65a6875fdfbc/Runtime/UniversalRenderPipeline.cs:891)
UnityEngine.Rendering.Universal.UniversalRenderPipeline:RenderCameraStack (UnityEngine.Rendering.ScriptableRenderContext,UnityEngine.Camera,bool) (at ./Library/PackageCache/com.unity.render-pipelines.universal@65a6875fdfbc/Runtime/UniversalRenderPipeline.cs:1093)
UnityEngine.Rendering.Universal.UniversalRenderPipeline:Render (UnityEngine.Rendering.ScriptableRenderContext,System.Collections.Generic.List`1<UnityEngine.Camera>) (at ./Library/PackageCache/com.unity.render-pipelines.universal@65a6875fdfbc/Runtime/UniversalRenderPipeline.cs:470)
UnityEngine.Rendering.RenderPipeline:InternalRender (UnityEngine.Rendering.ScriptableRenderContext,System.Collections.Generic.List`1<UnityEngine.Camera>)
UnityEngine.Rendering.RenderPipelineManager:DoRenderLoop_Internal (UnityEngine.Rendering.RenderPipelineAsset,intptr,UnityEngine.Object,Unity.Collections.LowLevel.Unsafe.AtomicSafetyHandle)

[./Library/PackageCache/com.unity.render-pipelines.universal@65a6875fdfbc/Runtime/UniversalRenderPipeline.cs line 891]

RenderTexture.Create failed
UnityEngine.Debug:ExtractStackTraceNoAlloc (byte*,int,string)
UnityEngine.StackTraceUtility:ExtractStackTrace ()
UnityEngine.Rendering.ScriptableRenderContext:Submit ()
UnityEngine.Rendering.Universal.UniversalRenderPipeline:RenderSingleCamera (UnityEngine.Rendering.ScriptableRenderContext,UnityEngine.Rendering.Universal.UniversalCameraData) (at ./Library/PackageCache/com.unity.render-pipelines.universal@65a6875fdfbc/Runtime/UniversalRenderPipeline.cs:891)
UnityEngine.Rendering.Universal.UniversalRenderPipeline:RenderCameraStack (UnityEngine.Rendering.ScriptableRenderContext,UnityEngine.Camera,bool) (at ./Library/PackageCache/com.unity.render-pipelines.universal@65a6875fdfbc/Runtime/UniversalRenderPipeline.cs:1093)
UnityEngine.Rendering.Universal.UniversalRenderPipeline:Render (UnityEngine.Rendering.ScriptableRenderContext,System.Collections.Generic.List`1<UnityEngine.Camera>) (at ./Library/PackageCache/com.unity.render-pipelines.universal@65a6875fdfbc/Runtime/UniversalRenderPipeline.cs:470)
UnityEngine.Rendering.RenderPipeline:InternalRender (UnityEngine.Rendering.ScriptableRenderContext,System.Collections.Generic.List`1<UnityEngine.Camera>)
UnityEngine.Rendering.RenderPipelineManager:DoRenderLoop_Internal (UnityEngine.Rendering.RenderPipelineAsset,intptr,UnityEngine.Object,Unity.Collections.LowLevel.Unsafe.AtomicSafetyHandle)

[./Library/PackageCache/com.unity.render-pipelines.universal@65a6875fdfbc/Runtime/UniversalRenderPipeline.cs line 891]

DrawTransparentObjects: Unable to find surface for attachment 0
UnityEngine.Debug:ExtractStackTraceNoAlloc (byte*,int,string)
UnityEngine.StackTraceUtility:ExtractStackTrace ()
UnityEngine.Rendering.ScriptableRenderContext:Submit ()
UnityEngine.Rendering.Universal.UniversalRenderPipeline:RenderSingleCamera (UnityEngine.Rendering.ScriptableRenderContext,UnityEngine.Rendering.Universal.UniversalCameraData) (at ./Library/PackageCache/com.unity.render-pipelines.universal@65a6875fdfbc/Runtime/UniversalRenderPipeline.cs:891)
UnityEngine.Rendering.Universal.UniversalRenderPipeline:RenderCameraStack (UnityEngine.Rendering.ScriptableRenderContext,UnityEngine.Camera,bool) (at ./Library/PackageCache/com.unity.render-pipelines.universal@65a6875fdfbc/Runtime/UniversalRenderPipeline.cs:1093)
UnityEngine.Rendering.Universal.UniversalRenderPipeline:Render (UnityEngine.Rendering.ScriptableRenderContext,System.Collections.Generic.List`1<UnityEngine.Camera>) (at ./Library/PackageCache/com.unity.render-pipelines.universal@65a6875fdfbc/Runtime/UniversalRenderPipeline.cs:470)
UnityEngine.Rendering.RenderPipeline:InternalRender (UnityEngine.Rendering.ScriptableRenderContext,System.Collections.Generic.List`1<UnityEngine.Camera>)
UnityEngine.Rendering.RenderPipelineManager:DoRenderLoop_Internal (UnityEngine.Rendering.RenderPipelineAsset,intptr,UnityEngine.Object,Unity.Collections.LowLevel.Unsafe.AtomicSafetyHandle)

[./Library/PackageCache/com.unity.render-pipelines.universal@65a6875fdfbc/Runtime/UniversalRenderPipeline.cs line 891]

EndRenderPass: Not inside a Renderpass
UnityEngine.Debug:ExtractStackTraceNoAlloc (byte*,int,string)
UnityEngine.StackTraceUtility:ExtractStackTrace ()
UnityEngine.Rendering.ScriptableRenderContext:Submit ()
UnityEngine.Rendering.Universal.UniversalRenderPipeline:RenderSingleCamera (UnityEngine.Rendering.ScriptableRenderContext,UnityEngine.Rendering.Universal.UniversalCameraData) (at ./Library/PackageCache/com.unity.render-pipelines.universal@65a6875fdfbc/Runtime/UniversalRenderPipeline.cs:891)
UnityEngine.Rendering.Universal.UniversalRenderPipeline:RenderCameraStack (UnityEngine.Rendering.ScriptableRenderContext,UnityEngine.Camera,bool) (at ./Library/PackageCache/com.unity.render-pipelines.universal@65a6875fdfbc/Runtime/UniversalRenderPipeline.cs:1093)
UnityEngine.Rendering.Universal.UniversalRenderPipeline:Render (UnityEngine.Rendering.ScriptableRenderContext,System.Collections.Generic.List`1<UnityEngine.Camera>) (at ./Library/PackageCache/com.unity.render-pipelines.universal@65a6875fdfbc/Runtime/UniversalRenderPipeline.cs:470)
UnityEngine.Rendering.RenderPipeline:InternalRender (UnityEngine.Rendering.ScriptableRenderContext,System.Collections.Generic.List`1<UnityEngine.Camera>)
UnityEngine.Rendering.RenderPipelineManager:DoRenderLoop_Internal (UnityEngine.Rendering.RenderPipelineAsset,intptr,UnityEngine.Object,Unity.Collections.LowLevel.Unsafe.AtomicSafetyHandle)

[./Library/PackageCache/com.unity.render-pipelines.universal@65a6875fdfbc/Runtime/UniversalRenderPipeline.cs line 891]

